#$ VERSION
        5.00000      11.0000    1252
  DateTime: 15/07/2026, 13:07:11
  Source: StagedJSON→EnrichXML
  Version: 1.0 (psi2cii.exe version 3.1.0.3 (Feb 21 2024))
  UserName: 
  Purpose: StagedJSON enrichment output
  ProjectName: 
  MDBName: /
  StagedJSON Enriched Export
  
  
  
  
  
  
  
  
  
  
  
  
  
  
  
  
  
  
  
  
  
  
  
  
  
  
  
  
  
  
  
  
  
  
  
  
  
  
  
  
  
  
  
  
  
  
  
  
  
  
  
  
#$ CONTROL
            144            0            0          144            4            0
             14           34            0           45            0            0
              0            0            0            0           13            0
              0
#$ ELEMENTS
        10.0000      30.0000      229.000     0.000000     -229.000      168.300
        10.9700     0.000000      1.50000     0.000000     0.000000     0.000000
       0.000000     0.000000     0.000000     0.000000     0.000000     0.000000
       0.000000     0.000000     0.000000     0.000000     0.000000     0.000000
       0.000000     0.000000     0.000000     0.000000     0.000000     0.000000
   2.100000E-04     0.000000     0.000000     0.000000     0.000000     0.000000
       0.000000     0.000000     0.000000     0.000000     0.000000     0.000000
       0.000000     0.000000     0.000000     0.000000     0.000000     0.000000
       0.000000     0.000000     0.000000     0.000000     0.000000
           0                                                                                                                                                                                                                                                                                                                                                                                                                                                                                                                     
          36 /ASIM-1885-6"-S8811951-91261M7-HC-01                                                                                                                                                                                                                                                                                                                                                                                                                                                                                
             -1           -1
              1            0            0            1            0            0
              0            0            0            0            0            1
              0            0            0
        30.0000      50.0000      418.771     0.000000     0.000000      168.300
        7.11000      80.0000      1.50000     0.000000     0.000000     0.000000
       0.000000     0.000000     0.000000     0.000000     0.000000     0.000000
       0.000000     0.000000     0.000000     0.000000     0.000000     0.000000
       0.000000     0.000000     0.000000     0.000000     0.000000     0.000000
   2.100000E-04     0.000000     0.000000     0.000000     0.000000     0.000000
       0.000000     0.000000     0.000000     0.000000     0.000000     0.000000
       0.000000     0.000000     0.000000     0.000000     0.000000     0.000000
       0.000000     0.000000     0.000000     0.000000     0.000000
           0                                                                                                                                                                                                                                                                                                                                                                                                                                                                                                                     
          36 /ASIM-1885-6"-S8811951-91261M7-HC-01                                                                                                                                                                                                                                                                                                                                                                                                                                                                                
             -1           -1
              0            0            0            0            0            0
              0            0            0            0            1            2
              0            0            0
        50.0000      100.000      750.000     0.000000     0.000000      168.300
        10.9700      80.0000      1.50000     0.000000     0.000000     0.000000
       0.000000     0.000000     0.000000     0.000000     0.000000     0.000000
       0.000000     0.000000     0.000000     0.000000     0.000000     0.000000
       0.000000     0.000000     0.000000     0.000000     0.000000     0.000000
   2.100000E-04     0.000000     0.000000     0.000000     0.000000     0.000000
       0.000000     0.000000     0.000000     0.000000     0.000000     0.000000
       0.000000     0.000000     0.000000     0.000000     0.000000     0.000000
       0.000000     0.000000     0.000000     0.000000     0.000000
           0                                                                                                                                                                                                                                                                                                                                                                                                                                                                                                                     
          36 /ASIM-1885-6"-S8811951-91261M7-HC-01                                                                                                                                                                                                                                                                                                                                                                                                                                                                                
             -1           -1
              0            0            0            2            0            0
              0            0            0            0            2            3
              0            0            0
        100.000      140.000      800.000     0.000000     0.000000      168.300
        10.9700      80.0000      1.50000     0.000000     0.000000     0.000000
       0.000000     0.000000     0.000000     0.000000     0.000000     0.000000
       0.000000     0.000000     0.000000     0.000000     0.000000     0.000000
       0.000000     0.000000     0.000000     0.000000     0.000000     0.000000
   2.100000E-04     0.000000     0.000000     0.000000     0.000000     0.000000
       0.000000     0.000000     0.000000     0.000000     0.000000     0.000000
       0.000000     0.000000     0.000000     0.000000     0.000000     0.000000
       0.000000     0.000000     0.000000     0.000000     0.000000
           0                                                                                                                                                                                                                                                                                                                                                                                                                                                                                                                     
          36 /ASIM-1885-6"-S8811951-91261M7-HC-01                                                                                                                                                                                                                                                                                                                                                                                                                                                                                
             -1           -1
              0            1            0            0            0            0
              0            0            0            0            0            4
              0            0            0
        140.000      150.000      147.000     0.000000     0.000000      168.300
        10.9700      80.0000      1.50000     0.000000     0.000000     0.000000
       0.000000     0.000000     0.000000     0.000000     0.000000     0.000000
       0.000000     0.000000     0.000000     0.000000     0.000000     0.000000
       0.000000     0.000000     0.000000     0.000000     0.000000     0.000000
   2.100000E-04     0.000000     0.000000     0.000000     0.000000     0.000000
       0.000000     0.000000     0.000000     0.000000     0.000000     0.000000
       0.000000     0.000000     0.000000     0.000000     0.000000     0.000000
       0.000000     0.000000     0.000000     0.000000     0.000000
           0                                                                                                                                                                                                                                                                                                                                                                                                                                                                                                                     
          36 /ASIM-1885-6"-S8811951-91261M7-HC-01                                                                                                                                                                                                                                                                                                                                                                                                                                                                                
             -1           -1
              0            2            0            0            0            0
              0            0            0            0            0            5
              0            0            0
        150.000      170.000      613.200     0.000000     0.000000      168.300
        7.11000      80.0000      1.50000     0.000000     0.000000     0.000000
       0.000000     0.000000     0.000000     0.000000     0.000000     0.000000
       0.000000     0.000000     0.000000     0.000000     0.000000     0.000000
       0.000000     0.000000     0.000000     0.000000     0.000000     0.000000
   2.100000E-04     0.000000     0.000000     0.000000     0.000000     0.000000
       0.000000     0.000000     0.000000     0.000000     0.000000     0.000000
       0.000000     0.000000     0.000000     0.000000     0.000000     0.000000
       0.000000     0.000000     0.000000     0.000000     0.000000
           0                                                                                                                                                                                                                                                                                                                                                                                                                                                                                                                     
          36 /ASIM-1885-6"-S8811951-91261M7-HC-01                                                                                                                                                                                                                                                                                                                                                                                                                                                                                
             -1           -1
              0            3            0            0            0            0
              0            0            0            0            0            6
              0            0            0
        170.000      190.000      150.200     0.000000     0.000000      168.300
        7.11000     0.000000      1.50000     0.000000     0.000000     0.000000
       0.000000     0.000000     0.000000     0.000000     0.000000     0.000000
       0.000000     0.000000     0.000000     0.000000     0.000000     0.000000
       0.000000     0.000000     0.000000     0.000000     0.000000     0.000000
   2.100000E-04     0.000000     0.000000     0.000000     0.000000     0.000000
       0.000000     0.000000     0.000000     0.000000     0.000000     0.000000
       0.000000     0.000000     0.000000     0.000000     0.000000     0.000000
       0.000000     0.000000     0.000000     0.000000     0.000000
           0                                                                                                                                                                                                                                                                                                                                                                                                                                                                                                                     
          36 /ASIM-1885-6"-S8811951-91261M7-HC-01                                                                                                                                                                                                                                                                                                                                                                                                                                                                                
             -1           -1
              0            0            0            0            0            0
              0            0            0            0            0            7
              0            0            0
        190.000      210.000      800.000     0.000000     0.000000      168.300
        7.11000      80.0000      1.50000     0.000000     0.000000     0.000000
       0.000000     0.000000     0.000000     0.000000     0.000000     0.000000
       0.000000     0.000000     0.000000     0.000000     0.000000     0.000000
       0.000000     0.000000     0.000000     0.000000     0.000000     0.000000
   2.100000E-04     0.000000     0.000000     0.000000     0.000000     0.000000
       0.000000     0.000000     0.000000     0.000000     0.000000     0.000000
       0.000000     0.000000     0.000000     0.000000     0.000000     0.000000
       0.000000     0.000000     0.000000     0.000000     0.000000
           0                                                                                                                                                                                                                                                                                                                                                                                                                                                                                                                     
          36 /ASIM-1885-6"-S8811951-91261M7-HC-01                                                                                                                                                                                                                                                                                                                                                                                                                                                                                
             -1           -1
              0            0            0            0            0            0
              0            0            0            0            3            8
              0            0            0
        210.000      240.000      830.268     0.000000     0.000000      168.300
        10.9700     0.000000      1.50000     0.000000     0.000000     0.000000
       0.000000     0.000000     0.000000     0.000000     0.000000     0.000000
       0.000000     0.000000     0.000000     0.000000     0.000000     0.000000
       0.000000     0.000000     0.000000     0.000000     0.000000     0.000000
   2.100000E-04     0.000000     0.000000     0.000000     0.000000     0.000000
       0.000000     0.000000     0.000000     0.000000     0.000000     0.000000
       0.000000     0.000000     0.000000     0.000000     0.000000     0.000000
       0.000000     0.000000     0.000000     0.000000     0.000000
           0                                                                                                                                                                                                                                                                                                                                                                                                                                                                                                                     
          36 /ASIM-1885-6"-S8811951-91261M7-HC-01                                                                                                                                                                                                                                                                                                                                                                                                                                                                                
             -1           -1
              0            0            0            0            0            0
              0            0            0            0            0            9
              0            0            0
        240.000      250.000     -830.689     0.000000     0.000000      168.300
        7.11000      80.0000      1.50000     0.000000     0.000000     0.000000
       0.000000     0.000000     0.000000     0.000000     0.000000     0.000000
       0.000000     0.000000     0.000000     0.000000     0.000000     0.000000
       0.000000     0.000000     0.000000     0.000000     0.000000     0.000000
   2.100000E-04     0.000000     0.000000     0.000000     0.000000     0.000000
       0.000000     0.000000     0.000000     0.000000     0.000000     0.000000
       0.000000     0.000000     0.000000     0.000000     0.000000     0.000000
       0.000000     0.000000     0.000000     0.000000     0.000000
           0                                                                                                                                                                                                                                                                                                                                                                                                                                                                                                                     
          36 /ASIM-1885-6"-S8811951-91261M7-HC-01                                                                                                                                                                                                                                                                                                                                                                                                                                                                                
             -1           -1
              0            0            0            3            0            0
              0            0            0            0            0           10
              0            0            0
        250.000      260.000      830.689     0.000000     0.000000      168.300
        7.11000      80.0000      1.50000     0.000000     0.000000     0.000000
       0.000000     0.000000     0.000000     0.000000     0.000000     0.000000
       0.000000     0.000000     0.000000     0.000000     0.000000     0.000000
       0.000000     0.000000     0.000000     0.000000     0.000000     0.000000
   2.100000E-04     0.000000     0.000000     0.000000     0.000000     0.000000
       0.000000     0.000000     0.000000     0.000000     0.000000     0.000000
       0.000000     0.000000     0.000000     0.000000     0.000000     0.000000
       0.000000     0.000000     0.000000     0.000000     0.000000
           0                                                                                                                                                                                                                                                                                                                                                                                                                                                                                                                     
          36 /ASIM-1885-6"-S8811951-91261M7-HC-01                                                                                                                                                                                                                                                                                                                                                                                                                                                                                
             -1           -1
              0            0            0            0            0            0
              0            0            0            0            4           11
              0            0            0
        260.000      290.000      1378.73     0.000000     0.000000      168.300
        10.9700     0.000000      1.50000     0.000000     0.000000     0.000000
       0.000000     0.000000     0.000000     0.000000     0.000000     0.000000
       0.000000     0.000000     0.000000     0.000000     0.000000     0.000000
       0.000000     0.000000     0.000000     0.000000     0.000000     0.000000
   2.100000E-04     0.000000     0.000000     0.000000     0.000000     0.000000
       0.000000     0.000000     0.000000     0.000000     0.000000     0.000000
       0.000000     0.000000     0.000000     0.000000     0.000000     0.000000
       0.000000     0.000000     0.000000     0.000000     0.000000
           0                                                                                                                                                                                                                                                                                                                                                                                                                                                                                                                     
          36 /ASIM-1885-6"-S8811951-91261M7-HC-01                                                                                                                                                                                                                                                                                                                                                                                                                                                                                
             -1           -1
              0            0            0            0            0            0
              0            0            0            0            0           12
              0            0            0
        290.000      300.000     -375.000     0.000000     0.000000      168.300
        7.11000      80.0000      1.50000     0.000000     0.000000     0.000000
       0.000000     0.000000     0.000000     0.000000     0.000000     0.000000
       0.000000     0.000000     0.000000     0.000000     0.000000     0.000000
       0.000000     0.000000     0.000000     0.000000     0.000000     0.000000
   2.100000E-04     0.000000     0.000000     0.000000     0.000000     0.000000
       0.000000     0.000000     0.000000     0.000000     0.000000     0.000000
       0.000000     0.000000     0.000000     0.000000     0.000000     0.000000
       0.000000     0.000000     0.000000     0.000000     0.000000
           0                                                                                                                                                                                                                                                                                                                                                                                                                                                                                                                     
          36 /ASIM-1885-6"-S8811951-91261M7-HC-01                                                                                                                                                                                                                                                                                                                                                                                                                                                                                
             -1           -1
              0            0            0            4            0            0
              0            0            0            0            0           13
              0            0            0
        300.000      310.000      375.000     0.000000     0.000000      168.300
        7.11000      80.0000      1.50000     0.000000     0.000000     0.000000
       0.000000     0.000000     0.000000     0.000000     0.000000     0.000000
       0.000000     0.000000     0.000000     0.000000     0.000000     0.000000
       0.000000     0.000000     0.000000     0.000000     0.000000     0.000000
   2.100000E-04     0.000000     0.000000     0.000000     0.000000     0.000000
       0.000000     0.000000     0.000000     0.000000     0.000000     0.000000
       0.000000     0.000000     0.000000     0.000000     0.000000     0.000000
       0.000000     0.000000     0.000000     0.000000     0.000000
           0                                                                                                                                                                                                                                                                                                                                                                                                                                                                                                                     
          36 /ASIM-1885-6"-S8811951-91261M7-HC-01                                                                                                                                                                                                                                                                                                                                                                                                                                                                                
             -1           -1
              0            4            0            0            0            0
              0            0            0            0            0           14
              0            0            0
        310.000      320.000      147.000     0.000000     0.000000      168.300
        10.9700      80.0000      1.50000     0.000000     0.000000     0.000000
       0.000000     0.000000     0.000000     0.000000     0.000000     0.000000
       0.000000     0.000000     0.000000     0.000000     0.000000     0.000000
       0.000000     0.000000     0.000000     0.000000     0.000000     0.000000
   2.100000E-04     0.000000     0.000000     0.000000     0.000000     0.000000
       0.000000     0.000000     0.000000     0.000000     0.000000     0.000000
       0.000000     0.000000     0.000000     0.000000     0.000000     0.000000
       0.000000     0.000000     0.000000     0.000000     0.000000
           0                                                                                                                                                                                                                                                                                                                                                                                                                                                                                                                     
          36 /ASIM-1885-6"-S8811951-91261M7-HC-01                                                                                                                                                                                                                                                                                                                                                                                                                                                                                
             -1           -1
              0            5            0            0            0            0
              0            0            0            0            0           15
              0            0            0
        320.000      340.000      613.200     0.000000     0.000000      168.300
        7.11000     0.000000      1.50000     0.000000     0.000000     0.000000
       0.000000     0.000000     0.000000     0.000000     0.000000     0.000000
       0.000000     0.000000     0.000000     0.000000     0.000000     0.000000
       0.000000     0.000000     0.000000     0.000000     0.000000     0.000000
   2.100000E-04     0.000000     0.000000     0.000000     0.000000     0.000000
       0.000000     0.000000     0.000000     0.000000     0.000000     0.000000
       0.000000     0.000000     0.000000     0.000000     0.000000     0.000000
       0.000000     0.000000     0.000000     0.000000     0.000000
           0                                                                                                                                                                                                                                                                                                                                                                                                                                                                                                                     
          36 /ASIM-1885-6"-S8811951-91261M7-HC-01                                                                                                                                                                                                                                                                                                                                                                                                                                                                                
             -1           -1
              0            0            0            0            0            0
              0            0            0            0            0           16
              0            0            0
        340.000      350.000     -610.000     0.000000     0.000000      168.300
        7.11000      80.0000      1.50000     0.000000     0.000000     0.000000
       0.000000     0.000000     0.000000     0.000000     0.000000     0.000000
       0.000000     0.000000     0.000000     0.000000     0.000000     0.000000
       0.000000     0.000000     0.000000     0.000000     0.000000     0.000000
   2.100000E-04     0.000000     0.000000     0.000000     0.000000     0.000000
       0.000000     0.000000     0.000000     0.000000     0.000000     0.000000
       0.000000     0.000000     0.000000     0.000000     0.000000     0.000000
       0.000000     0.000000     0.000000     0.000000     0.000000
           0                                                                                                                                                                                                                                                                                                                                                                                                                                                                                                                     
          36 /ASIM-1885-6"-S8811951-91261M7-HC-01                                                                                                                                                                                                                                                                                                                                                                                                                                                                                
             -1           -1
              0            6            0            0            0            0
              0            0            0            0            0           17
              0            0            0
        350.000      360.000      610.000     0.000000     0.000000      168.300
        7.11000      80.0000      1.50000     0.000000     0.000000     0.000000
       0.000000     0.000000     0.000000     0.000000     0.000000     0.000000
       0.000000     0.000000     0.000000     0.000000     0.000000     0.000000
       0.000000     0.000000     0.000000     0.000000     0.000000     0.000000
   2.100000E-04     0.000000     0.000000     0.000000     0.000000     0.000000
       0.000000     0.000000     0.000000     0.000000     0.000000     0.000000
       0.000000     0.000000     0.000000     0.000000     0.000000     0.000000
       0.000000     0.000000     0.000000     0.000000     0.000000
           0                                                                                                                                                                                                                                                                                                                                                                                                                                                                                                                     
          36 /ASIM-1885-6"-S8811951-91261M7-HC-01                                                                                                                                                                                                                                                                                                                                                                                                                                                                                
             -1           -1
              0            0            0            5            0            0
              0            0            0            0            0           18
              0            0            0
        360.000      390.000      150.200     0.000000     0.000000      168.300
        7.11000     0.000000      1.50000     0.000000     0.000000     0.000000
       0.000000     0.000000     0.000000     0.000000     0.000000     0.000000
       0.000000     0.000000     0.000000     0.000000     0.000000     0.000000
       0.000000     0.000000     0.000000     0.000000     0.000000     0.000000
   2.100000E-04     0.000000     0.000000     0.000000     0.000000     0.000000
       0.000000     0.000000     0.000000     0.000000     0.000000     0.000000
       0.000000     0.000000     0.000000     0.000000     0.000000     0.000000
       0.000000     0.000000     0.000000     0.000000     0.000000
           0                                                                                                                                                                                                                                                                                                                                                                                                                                                                                                                     
          36 /ASIM-1885-6"-S8811951-91261M7-HC-01                                                                                                                                                                                                                                                                                                                                                                                                                                                                                
             -1           -1
              0            0            0            0            0            0
              0            0            0            0            0           19
              0            0            0
        390.000      400.000      2756.00     0.000000     0.000000      168.300
        7.11000     0.000000      1.50000     0.000000     0.000000     0.000000
       0.000000     0.000000     0.000000     0.000000     0.000000     0.000000
       0.000000     0.000000     0.000000     0.000000     0.000000     0.000000
       0.000000     0.000000     0.000000     0.000000     0.000000     0.000000
   2.100000E-04     0.000000     0.000000     0.000000     0.000000     0.000000
       0.000000     0.000000     0.000000     0.000000     0.000000     0.000000
       0.000000     0.000000     0.000000     0.000000     0.000000     0.000000
       0.000000     0.000000     0.000000     0.000000     0.000000
           0                                                                                                                                                                                                                                                                                                                                                                                                                                                                                                                     
          36 /ASIM-1885-6"-S8811951-91261M7-HC-01                                                                                                                                                                                                                                                                                                                                                                                                                                                                                
             -1           -1
              0            0            0            0            0            0
              0            0            0            0            0           20
              0            0            0
        400.000      410.000     -755.821     0.000000     0.000000      168.300
        7.11000      80.0000      1.50000     0.000000     0.000000     0.000000
       0.000000     0.000000     0.000000     0.000000     0.000000     0.000000
       0.000000     0.000000     0.000000     0.000000     0.000000     0.000000
       0.000000     0.000000     0.000000     0.000000     0.000000     0.000000
   2.100000E-04     0.000000     0.000000     0.000000     0.000000     0.000000
       0.000000     0.000000     0.000000     0.000000     0.000000     0.000000
       0.000000     0.000000     0.000000     0.000000     0.000000     0.000000
       0.000000     0.000000     0.000000     0.000000     0.000000
           0                                                                                                                                                                                                                                                                                                                                                                                                                                                                                                                     
          36 /ASIM-1885-6"-S8811951-91261M7-HC-01                                                                                                                                                                                                                                                                                                                                                                                                                                                                                
             -1           -1
              0            0            0            6            0            0
              0            0            0            0            0           21
              0            0            0
        410.000      420.000      755.821     0.000000     0.000000      168.300
        7.11000      80.0000      1.50000     0.000000     0.000000     0.000000
       0.000000     0.000000     0.000000     0.000000     0.000000     0.000000
       0.000000     0.000000     0.000000     0.000000     0.000000     0.000000
       0.000000     0.000000     0.000000     0.000000     0.000000     0.000000
   2.100000E-04     0.000000     0.000000     0.000000     0.000000     0.000000
       0.000000     0.000000     0.000000     0.000000     0.000000     0.000000
       0.000000     0.000000     0.000000     0.000000     0.000000     0.000000
       0.000000     0.000000     0.000000     0.000000     0.000000
           0                                                                                                                                                                                                                                                                                                                                                                                                                                                                                                                     
          36 /ASIM-1885-6"-S8811951-91261M7-HC-01                                                                                                                                                                                                                                                                                                                                                                                                                                                                                
             -1           -1
              0            7            0            0            0            0
              0            0            0            0            0           22
              0            0            0
        420.000      430.000      147.000     0.000000     0.000000      168.300
        10.9700      80.0000      1.50000     0.000000     0.000000     0.000000
       0.000000     0.000000     0.000000     0.000000     0.000000     0.000000
       0.000000     0.000000     0.000000     0.000000     0.000000     0.000000
       0.000000     0.000000     0.000000     0.000000     0.000000     0.000000
   2.100000E-04     0.000000     0.000000     0.000000     0.000000     0.000000
       0.000000     0.000000     0.000000     0.000000     0.000000     0.000000
       0.000000     0.000000     0.000000     0.000000     0.000000     0.000000
       0.000000     0.000000     0.000000     0.000000     0.000000
           0                                                                                                                                                                                                                                                                                                                                                                                                                                                                                                                     
          36 /ASIM-1885-6"-S8811951-91261M7-HC-01                                                                                                                                                                                                                                                                                                                                                                                                                                                                                
             -1           -1
              0            8            0            0            0            0
              0            0            0            0            0           23
              0            0            0
        430.000      460.000      28.6000     0.000000     0.000000      168.300
        7.11000      80.0000      1.50000     0.000000     0.000000     0.000000
       0.000000     0.000000     0.000000     0.000000     0.000000     0.000000
       0.000000     0.000000     0.000000     0.000000     0.000000     0.000000
       0.000000     0.000000     0.000000     0.000000     0.000000     0.000000
   2.100000E-04     0.000000     0.000000     0.000000     0.000000     0.000000
       0.000000     0.000000     0.000000     0.000000     0.000000     0.000000
       0.000000     0.000000     0.000000     0.000000     0.000000     0.000000
       0.000000     0.000000     0.000000     0.000000     0.000000
           0                                                                                                                                                                                                                                                                                                                                                                                                                                                                                                                     
          36 /ASIM-1885-6"-S8811951-91261M7-HC-01                                                                                                                                                                                                                                                                                                                                                                                                                                                                                
             -1           -1
              0            9            0            0            0            0
              0            0            0            0            0           24
              0            0            0
        460.000      490.000      290.200     -39.7000     0.000000      168.300
        7.11000      80.0000      1.50000     0.000000     0.000000     0.000000
       0.000000     0.000000     0.000000     0.000000     0.000000     0.000000
       0.000000     0.000000     0.000000     0.000000     0.000000     0.000000
       0.000000     0.000000     0.000000     0.000000     0.000000     0.000000
   2.100000E-04     0.000000     0.000000     0.000000     0.000000     0.000000
       0.000000     0.000000     0.000000     0.000000     0.000000     0.000000
       0.000000     0.000000     0.000000     0.000000     0.000000     0.000000
       0.000000     0.000000     0.000000     0.000000     0.000000
           0                                                                                                                                                                                                                                                                                                                                                                                                                                                                                                                     
          36 /ASIM-1885-6"-S8811951-91261M7-HC-01                                                                                                                                                                                                                                                                                                                                                                                                                                                                                
             -1           -1
              0            0            0            0            0            0
              0            0            0            0            0           25
              1            0            0
        490.000      510.000      2101.01     0.000000     0.000000      168.300
        7.11000     0.000000      1.50000     0.000000     0.000000     0.000000
       0.000000     0.000000     0.000000     0.000000     0.000000     0.000000
       0.000000     0.000000     0.000000     0.000000     0.000000     0.000000
       0.000000     0.000000     0.000000     0.000000     0.000000     0.000000
   2.100000E-04     0.000000     0.000000     0.000000     0.000000     0.000000
       0.000000     0.000000     0.000000     0.000000     0.000000     0.000000
       0.000000     0.000000     0.000000     0.000000     0.000000     0.000000
       0.000000     0.000000     0.000000     0.000000     0.000000
           0                                                                                                                                                                                                                                                                                                                                                                                                                                                                                                                     
          36 /ASIM-1885-6"-S8811951-91261M7-HC-01                                                                                                                                                                                                                                                                                                                                                                                                                                                                                
             -1           -1
              0            0            0            0            0            0
              0            0            0            0            0           26
              0            0            0
        510.000      520.000     -1191.01     0.000000     0.000000      88.9000
        5.49000      80.0000      1.50000     0.000000     0.000000     0.000000
       0.000000     0.000000     0.000000     0.000000     0.000000     0.000000
       0.000000     0.000000     0.000000     0.000000     0.000000     0.000000
       0.000000     0.000000     0.000000     0.000000     0.000000     0.000000
   2.100000E-04     0.000000     0.000000     0.000000     0.000000     0.000000
       0.000000     0.000000     0.000000     0.000000     0.000000     0.000000
       0.000000     0.000000     0.000000     0.000000     0.000000     0.000000
       0.000000     0.000000     0.000000     0.000000     0.000000
           0                                                                                                                                                                                                                                                                                                                                                                                                                                                                                                                     
          36 /ASIM-1885-6"-S8811951-91261M7-HC-01                                                                                                                                                                                                                                                                                                                                                                                                                                                                                
             -1           -1
              0            0            0            7            0            0
              0            0            0            0            0           27
              0            0            0
        520.000      530.000      1191.01     0.000000     0.000000      88.9000
        5.49000      80.0000      1.50000     0.000000     0.000000     0.000000
       0.000000     0.000000     0.000000     0.000000     0.000000     0.000000
       0.000000     0.000000     0.000000     0.000000     0.000000     0.000000
       0.000000     0.000000     0.000000     0.000000     0.000000     0.000000
   2.100000E-04     0.000000     0.000000     0.000000     0.000000     0.000000
       0.000000     0.000000     0.000000     0.000000     0.000000     0.000000
       0.000000     0.000000     0.000000     0.000000     0.000000     0.000000
       0.000000     0.000000     0.000000     0.000000     0.000000
           0                                                                                                                                                                                                                                                                                                                                                                                                                                                                                                                     
          36 /ASIM-1885-6"-S8811951-91261M7-HC-01                                                                                                                                                                                                                                                                                                                                                                                                                                                                                
             -1           -1
              0           10            0            0            0            0
              0            0            0            0            0           28
              0            0            0
        530.000      540.000      109.000     0.000000     0.000000      88.9000
        5.49000      80.0000      1.50000     0.000000     0.000000     0.000000
       0.000000     0.000000     0.000000     0.000000     0.000000     0.000000
       0.000000     0.000000     0.000000     0.000000     0.000000     0.000000
       0.000000     0.000000     0.000000     0.000000     0.000000     0.000000
   2.100000E-04     0.000000     0.000000     0.000000     0.000000     0.000000
       0.000000     0.000000     0.000000     0.000000     0.000000     0.000000
       0.000000     0.000000     0.000000     0.000000     0.000000     0.000000
       0.000000     0.000000     0.000000     0.000000     0.000000
           0                                                                                                                                                                                                                                                                                                                                                                                                                                                                                                                     
          36 /ASIM-1885-6"-S8811951-91261M7-HC-01                                                                                                                                                                                                                                                                                                                                                                                                                                                                                
             -1           -1
              0           11            0            0            0            0
              0            0            0            0            0           29
              0            0            0
        540.000      560.000      403.200     0.000000     0.000000      88.9000
        5.49000     0.000000      1.50000     0.000000     0.000000     0.000000
       0.000000     0.000000     0.000000     0.000000     0.000000     0.000000
       0.000000     0.000000     0.000000     0.000000     0.000000     0.000000
       0.000000     0.000000     0.000000     0.000000     0.000000     0.000000
   2.100000E-04     0.000000     0.000000     0.000000     0.000000     0.000000
       0.000000     0.000000     0.000000     0.000000     0.000000     0.000000
       0.000000     0.000000     0.000000     0.000000     0.000000     0.000000
       0.000000     0.000000     0.000000     0.000000     0.000000
           0                                                                                                                                                                                                                                                                                                                                                                                                                                                                                                                     
          36 /ASIM-1885-6"-S8811951-91261M7-HC-01                                                                                                                                                                                                                                                                                                                                                                                                                                                                                
             -1           -1
              0            0            0            0            0            0
              0            0            0            0            0           30
              0            0            0
        560.000      570.000     -400.000     0.000000     0.000000      88.9000
        5.49000      80.0000      1.50000     0.000000     0.000000     0.000000
       0.000000     0.000000     0.000000     0.000000     0.000000     0.000000
       0.000000     0.000000     0.000000     0.000000     0.000000     0.000000
       0.000000     0.000000     0.000000     0.000000     0.000000     0.000000
   2.100000E-04     0.000000     0.000000     0.000000     0.000000     0.000000
       0.000000     0.000000     0.000000     0.000000     0.000000     0.000000
       0.000000     0.000000     0.000000     0.000000     0.000000     0.000000
       0.000000     0.000000     0.000000     0.000000     0.000000
           0                                                                                                                                                                                                                                                                                                                                                                                                                                                                                                                     
          36 /ASIM-1885-6"-S8811951-91261M7-HC-01                                                                                                                                                                                                                                                                                                                                                                                                                                                                                
             -1           -1
              0           12            0            0            0            0
              0            0            0            0            0           31
              0            0            0
        570.000      580.000      400.000     0.000000     0.000000      88.9000
        5.49000      80.0000      1.50000     0.000000     0.000000     0.000000
       0.000000     0.000000     0.000000     0.000000     0.000000     0.000000
       0.000000     0.000000     0.000000     0.000000     0.000000     0.000000
       0.000000     0.000000     0.000000     0.000000     0.000000     0.000000
   2.100000E-04     0.000000     0.000000     0.000000     0.000000     0.000000
       0.000000     0.000000     0.000000     0.000000     0.000000     0.000000
       0.000000     0.000000     0.000000     0.000000     0.000000     0.000000
       0.000000     0.000000     0.000000     0.000000     0.000000
           0                                                                                                                                                                                                                                                                                                                                                                                                                                                                                                                     
          36 /ASIM-1885-6"-S8811951-91261M7-HC-01                                                                                                                                                                                                                                                                                                                                                                                                                                                                                
             -1           -1
              0           13            0            0            0            0
              0            0            0            0            0           32
              0            0            0
        580.000      600.000      112.200     0.000000     0.000000      88.9000
        5.49000     0.000000      1.50000     0.000000     0.000000     0.000000
       0.000000     0.000000     0.000000     0.000000     0.000000     0.000000
       0.000000     0.000000     0.000000     0.000000     0.000000     0.000000
       0.000000     0.000000     0.000000     0.000000     0.000000     0.000000
   2.100000E-04     0.000000     0.000000     0.000000     0.000000     0.000000
       0.000000     0.000000     0.000000     0.000000     0.000000     0.000000
       0.000000     0.000000     0.000000     0.000000     0.000000     0.000000
       0.000000     0.000000     0.000000     0.000000     0.000000
           0                                                                                                                                                                                                                                                                                                                                                                                                                                                                                                                     
          36 /ASIM-1885-6"-S8811951-91261M7-HC-01                                                                                                                                                                                                                                                                                                                                                                                                                                                                                
             -1           -1
              0            0            0            0            0            0
              0            0            0            0            0           33
              0            0            0
        600.000      610.000      2685.02     0.000000     0.000000      88.9000
        5.49000     0.000000      1.50000     0.000000     0.000000     0.000000
       0.000000     0.000000     0.000000     0.000000     0.000000     0.000000
       0.000000     0.000000     0.000000     0.000000     0.000000     0.000000
       0.000000     0.000000     0.000000     0.000000     0.000000     0.000000
   2.100000E-04     0.000000     0.000000     0.000000     0.000000     0.000000
       0.000000     0.000000     0.000000     0.000000     0.000000     0.000000
       0.000000     0.000000     0.000000     0.000000     0.000000     0.000000
       0.000000     0.000000     0.000000     0.000000     0.000000
           0                                                                                                                                                                                                                                                                                                                                                                                                                                                                                                                     
          36 /ASIM-1885-6"-S8811951-91261M7-HC-01                                                                                                                                                                                                                                                                                                                                                                                                                                                                                
             -1           -1
              0            0            0            0            0            0
              0            0            0            0            0           34
              0            0            0
        610.000      620.000     -860.000     0.000000     0.000000      88.9000
        5.49000      80.0000      1.50000     0.000000     0.000000     0.000000
       0.000000     0.000000     0.000000     0.000000     0.000000     0.000000
       0.000000     0.000000     0.000000     0.000000     0.000000     0.000000
       0.000000     0.000000     0.000000     0.000000     0.000000     0.000000
   2.100000E-04     0.000000     0.000000     0.000000     0.000000     0.000000
       0.000000     0.000000     0.000000     0.000000     0.000000     0.000000
       0.000000     0.000000     0.000000     0.000000     0.000000     0.000000
       0.000000     0.000000     0.000000     0.000000     0.000000
           0                                                                                                                                                                                                                                                                                                                                                                                                                                                                                                                     
          36 /ASIM-1885-6"-S8811951-91261M7-HC-01                                                                                                                                                                                                                                                                                                                                                                                                                                                                                
             -1           -1
              0            0            0            8            0            0
              0            0            0            0            0           35
              0            0            0
        620.000      640.000      1000.00      39.7000     0.000000      88.9000
        5.49000      80.0000      1.50000     0.000000     0.000000     0.000000
       0.000000     0.000000     0.000000     0.000000     0.000000     0.000000
       0.000000     0.000000     0.000000     0.000000     0.000000     0.000000
       0.000000     0.000000     0.000000     0.000000     0.000000     0.000000
   2.100000E-04     0.000000     0.000000     0.000000     0.000000     0.000000
       0.000000     0.000000     0.000000     0.000000     0.000000     0.000000
       0.000000     0.000000     0.000000     0.000000     0.000000     0.000000
       0.000000     0.000000     0.000000     0.000000     0.000000
           0                                                                                                                                                                                                                                                                                                                                                                                                                                                                                                                     
          36 /ASIM-1885-6"-S8811951-91261M7-HC-01                                                                                                                                                                                                                                                                                                                                                                                                                                                                                
             -1           -1
              0            0            0            0            0            0
              0            0            0            0            0           36
              2            0            0
        640.000      660.000      147.000     0.000000     0.000000      88.9000
        5.49000      80.0000      1.50000     0.000000     0.000000     0.000000
       0.000000     0.000000     0.000000     0.000000     0.000000     0.000000
       0.000000     0.000000     0.000000     0.000000     0.000000     0.000000
       0.000000     0.000000     0.000000     0.000000     0.000000     0.000000
   2.100000E-04     0.000000     0.000000     0.000000     0.000000     0.000000
       0.000000     0.000000     0.000000     0.000000     0.000000     0.000000
       0.000000     0.000000     0.000000     0.000000     0.000000     0.000000
       0.000000     0.000000     0.000000     0.000000     0.000000
           0                                                                                                                                                                                                                                                                                                                                                                                                                                                                                                                     
          36 /ASIM-1885-6"-S8811951-91261M7-HC-01                                                                                                                                                                                                                                                                                                                                                                                                                                                                                
             -1           -1
              0           14            0            0            0            0
              0            0            0            0            0           37
              0            0            0
        660.000      700.000      303.200     0.000000     -300.000      168.300
        7.11000      80.0000      1.50000     0.000000     0.000000     0.000000
       0.000000     0.000000     0.000000     0.000000     0.000000     0.000000
       0.000000     0.000000     0.000000     0.000000     0.000000     0.000000
       0.000000     0.000000     0.000000     0.000000     0.000000     0.000000
   2.100000E-04     0.000000     0.000000     0.000000     0.000000     0.000000
       0.000000     0.000000     0.000000     0.000000     0.000000     0.000000
       0.000000     0.000000     0.000000     0.000000     0.000000     0.000000
       0.000000     0.000000     0.000000     0.000000     0.000000
           0                                                                                                                                                                                                                                                                                                                                                                                                                                                                                                                     
          36 /ASIM-1885-6"-S8811951-91261M7-HC-01                                                                                                                                                                                                                                                                                                                                                                                                                                                                                
             -1           -1
              0           15            0            0            0            0
              0            0            0            0            0           38
              0            0            0
        700.000      720.000     0.000000     0.000000     -150.200      168.300
        7.11000     0.000000      1.50000     0.000000     0.000000     0.000000
       0.000000     0.000000     0.000000     0.000000     0.000000     0.000000
       0.000000     0.000000     0.000000     0.000000     0.000000     0.000000
       0.000000     0.000000     0.000000     0.000000     0.000000     0.000000
   2.100000E-04     0.000000     0.000000     0.000000     0.000000     0.000000
       0.000000     0.000000     0.000000     0.000000     0.000000     0.000000
       0.000000     0.000000     0.000000     0.000000     0.000000     0.000000
       0.000000     0.000000     0.000000     0.000000     0.000000
           0                                                                                                                                                                                                                                                                                                                                                                                                                                                                                                                     
          36 /ASIM-1885-6"-S8811951-91261M7-HC-01                                                                                                                                                                                                                                                                                                                                                                                                                                                                                
             -1           -1
              0            0            0            0            0            0
              0            0            0            0            0           39
              0            0            0
        720.000      730.000     0.000000     0.000000     -1452.60      168.300
        7.11000     0.000000      1.50000     0.000000     0.000000     0.000000
       0.000000     0.000000     0.000000     0.000000     0.000000     0.000000
       0.000000     0.000000     0.000000     0.000000     0.000000     0.000000
       0.000000     0.000000     0.000000     0.000000     0.000000     0.000000
   2.100000E-04     0.000000     0.000000     0.000000     0.000000     0.000000
       0.000000     0.000000     0.000000     0.000000     0.000000     0.000000
       0.000000     0.000000     0.000000     0.000000     0.000000     0.000000
       0.000000     0.000000     0.000000     0.000000     0.000000
           0                                                                                                                                                                                                                                                                                                                                                                                                                                                                                                                     
          36 /ASIM-1885-6"-S8811951-91261M7-HC-01                                                                                                                                                                                                                                                                                                                                                                                                                                                                                
             -1           -1
              0            0            0            0            0            0
              0            0            0            0            0           40
              0            0            0
        730.000      740.000     0.000000     0.000000      848.560      168.300
        7.11000      80.0000      1.50000     0.000000     0.000000     0.000000
       0.000000     0.000000     0.000000     0.000000     0.000000     0.000000
       0.000000     0.000000     0.000000     0.000000     0.000000     0.000000
       0.000000     0.000000     0.000000     0.000000     0.000000     0.000000
   2.100000E-04     0.000000     0.000000     0.000000     0.000000     0.000000
       0.000000     0.000000     0.000000     0.000000     0.000000     0.000000
       0.000000     0.000000     0.000000     0.000000     0.000000     0.000000
       0.000000     0.000000     0.000000     0.000000     0.000000
           0                                                                                                                                                                                                                                                                                                                                                                                                                                                                                                                     
          36 /ASIM-1885-6"-S8811951-91261M7-HC-01                                                                                                                                                                                                                                                                                                                                                                                                                                                                                
             -1           -1
              0            0            0            9            0            0
              0            0            0            0            0           41
              0            0            0
        740.000      750.000     0.000000     0.000000     -848.560      168.300
        7.11000      80.0000      1.50000     0.000000     0.000000     0.000000
       0.000000     0.000000     0.000000     0.000000     0.000000     0.000000
       0.000000     0.000000     0.000000     0.000000     0.000000     0.000000
       0.000000     0.000000     0.000000     0.000000     0.000000     0.000000
   2.100000E-04     0.000000     0.000000     0.000000     0.000000     0.000000
       0.000000     0.000000     0.000000     0.000000     0.000000     0.000000
       0.000000     0.000000     0.000000     0.000000     0.000000     0.000000
       0.000000     0.000000     0.000000     0.000000     0.000000
           0                                                                                                                                                                                                                                                                                                                                                                                                                                                                                                                     
          36 /ASIM-1885-6"-S8811951-91261M7-HC-01                                                                                                                                                                                                                                                                                                                                                                                                                                                                                
             -1           -1
              0            0            0            0            0            0
              0            0            0            0            5           42
              0            0            0
        750.000      790.000     0.000000     0.000000     -800.201      168.300
        10.9700      80.0000      1.50000     0.000000     0.000000     0.000000
       0.000000     0.000000     0.000000     0.000000     0.000000     0.000000
       0.000000     0.000000     0.000000     0.000000     0.000000     0.000000
       0.000000     0.000000     0.000000     0.000000     0.000000     0.000000
   2.100000E-04     0.000000     0.000000     0.000000     0.000000     0.000000
       0.000000     0.000000     0.000000     0.000000     0.000000     0.000000
       0.000000     0.000000     0.000000     0.000000     0.000000     0.000000
       0.000000     0.000000     0.000000     0.000000     0.000000
           0                                                                                                                                                                                                                                                                                                                                                                                                                                                                                                                     
          36 /ASIM-1885-6"-S8811951-91261M7-HC-01                                                                                                                                                                                                                                                                                                                                                                                                                                                                                
             -1           -1
              0            0            0            0            0            0
              0            0            0            0            6           43
              0            0            0
        790.000      830.000     0.000000     0.000000     -580.883      168.300
        10.9700      80.0000      1.50000     0.000000     0.000000     0.000000
       0.000000     0.000000     0.000000     0.000000     0.000000     0.000000
       0.000000     0.000000     0.000000     0.000000     0.000000     0.000000
       0.000000     0.000000     0.000000     0.000000     0.000000     0.000000
   2.100000E-04     0.000000     0.000000     0.000000     0.000000     0.000000
       0.000000     0.000000     0.000000     0.000000     0.000000     0.000000
       0.000000     0.000000     0.000000     0.000000     0.000000     0.000000
       0.000000     0.000000     0.000000     0.000000     0.000000
           0                                                                                                                                                                                                                                                                                                                                                                                                                                                                                                                     
          36 /ASIM-1885-6"-S8811951-91261M7-HC-01                                                                                                                                                                                                                                                                                                                                                                                                                                                                                
             -1           -1
              0            0            0            0            0            0
              0            0            0            0            7           44
              0            0            0
        830.000      860.000     0.000000     0.000000     -2537.12      168.300
        10.9700     0.000000      1.50000     0.000000     0.000000     0.000000
       0.000000     0.000000     0.000000     0.000000     0.000000     0.000000
       0.000000     0.000000     0.000000     0.000000     0.000000     0.000000
       0.000000     0.000000     0.000000     0.000000     0.000000     0.000000
   2.100000E-04     0.000000     0.000000     0.000000     0.000000     0.000000
       0.000000     0.000000     0.000000     0.000000     0.000000     0.000000
       0.000000     0.000000     0.000000     0.000000     0.000000     0.000000
       0.000000     0.000000     0.000000     0.000000     0.000000
           0                                                                                                                                                                                                                                                                                                                                                                                                                                                                                                                     
          36 /ASIM-1885-6"-S8811951-91261M7-HC-01                                                                                                                                                                                                                                                                                                                                                                                                                                                                                
             -1           -1
              0            0            0            0            0            0
              0            0            0            0            0           45
              0            0            0
        860.000      870.000     0.000000     0.000000      1520.03      168.300
        7.11000      80.0000      1.50000     0.000000     0.000000     0.000000
       0.000000     0.000000     0.000000     0.000000     0.000000     0.000000
       0.000000     0.000000     0.000000     0.000000     0.000000     0.000000
       0.000000     0.000000     0.000000     0.000000     0.000000     0.000000
   2.100000E-04     0.000000     0.000000     0.000000     0.000000     0.000000
       0.000000     0.000000     0.000000     0.000000     0.000000     0.000000
       0.000000     0.000000     0.000000     0.000000     0.000000     0.000000
       0.000000     0.000000     0.000000     0.000000     0.000000
           0                                                                                                                                                                                                                                                                                                                                                                                                                                                                                                                     
          36 /ASIM-1885-6"-S8811951-91261M7-HC-01                                                                                                                                                                                                                                                                                                                                                                                                                                                                                
             -1           -1
              0            0            0           10            0            0
              0            0            0            0            0           46
              0            0            0
        870.000      880.000     0.000000     0.000000     -1520.03      168.300
        7.11000      80.0000      1.50000     0.000000     0.000000     0.000000
       0.000000     0.000000     0.000000     0.000000     0.000000     0.000000
       0.000000     0.000000     0.000000     0.000000     0.000000     0.000000
       0.000000     0.000000     0.000000     0.000000     0.000000     0.000000
   2.100000E-04     0.000000     0.000000     0.000000     0.000000     0.000000
       0.000000     0.000000     0.000000     0.000000     0.000000     0.000000
       0.000000     0.000000     0.000000     0.000000     0.000000     0.000000
       0.000000     0.000000     0.000000     0.000000     0.000000
           0                                                                                                                                                                                                                                                                                                                                                                                                                                                                                                                     
          36 /ASIM-1885-6"-S8811951-91261M7-HC-01                                                                                                                                                                                                                                                                                                                                                                                                                                                                                
             -1           -1
              2            0            0            0            0            0
              0            0            0            0            0           47
              0            0            0
        880.000      900.000      229.000     0.000000     -229.000      168.300
        10.9700     0.000000      1.50000     0.000000     0.000000     0.000000
       0.000000     0.000000     0.000000     0.000000     0.000000     0.000000
       0.000000     0.000000     0.000000     0.000000     0.000000     0.000000
       0.000000     0.000000     0.000000     0.000000     0.000000     0.000000
   2.100000E-04     0.000000     0.000000     0.000000     0.000000     0.000000
       0.000000     0.000000     0.000000     0.000000     0.000000     0.000000
       0.000000     0.000000     0.000000     0.000000     0.000000     0.000000
       0.000000     0.000000     0.000000     0.000000     0.000000
           0                                                                                                                                                                                                                                                                                                                                                                                                                                                                                                                     
          36 /ASIM-1885-6"-S8811951-91261M7-HC-01                                                                                                                                                                                                                                                                                                                                                                                                                                                                                
             -1           -1
              0            0            0            0            0            0
              0            0            0            0            0           48
              0            0            0
        900.000      910.000      7033.93     0.000000     0.000000      168.300
        7.11000     0.000000      1.50000     0.000000     0.000000     0.000000
       0.000000     0.000000     0.000000     0.000000     0.000000     0.000000
       0.000000     0.000000     0.000000     0.000000     0.000000     0.000000
       0.000000     0.000000     0.000000     0.000000     0.000000     0.000000
   2.100000E-04     0.000000     0.000000     0.000000     0.000000     0.000000
       0.000000     0.000000     0.000000     0.000000     0.000000     0.000000
       0.000000     0.000000     0.000000     0.000000     0.000000     0.000000
       0.000000     0.000000     0.000000     0.000000     0.000000
           0                                                                                                                                                                                                                                                                                                                                                                                                                                                                                                                     
          36 /ASIM-1885-6"-S8811951-91261M7-HC-01                                                                                                                                                                                                                                                                                                                                                                                                                                                                                
             -1           -1
              0            0            0            0            0            0
              0            0            0            0            0           49
              0            0            0
        910.000      920.000     -6597.90     0.000000     0.000000      168.300
        7.11000      80.0000      1.50000     0.000000     0.000000     0.000000
       0.000000     0.000000     0.000000     0.000000     0.000000     0.000000
       0.000000     0.000000     0.000000     0.000000     0.000000     0.000000
       0.000000     0.000000     0.000000     0.000000     0.000000     0.000000
   2.100000E-04     0.000000     0.000000     0.000000     0.000000     0.000000
       0.000000     0.000000     0.000000     0.000000     0.000000     0.000000
       0.000000     0.000000     0.000000     0.000000     0.000000     0.000000
       0.000000     0.000000     0.000000     0.000000     0.000000
           0                                                                                                                                                                                                                                                                                                                                                                                                                                                                                                                     
          36 /ASIM-1885-6"-S8811951-91261M7-HC-01                                                                                                                                                                                                                                                                                                                                                                                                                                                                                
             -1           -1
              0            0            0           11            0            0
              0            0            0            0            0           50
              0            0            0
        920.000      930.000      4334.90     0.000000     0.000000      168.300
        7.11000      80.0000      1.50000     0.000000     0.000000     0.000000
       0.000000     0.000000     0.000000     0.000000     0.000000     0.000000
       0.000000     0.000000     0.000000     0.000000     0.000000     0.000000
       0.000000     0.000000     0.000000     0.000000     0.000000     0.000000
   2.100000E-04     0.000000     0.000000     0.000000     0.000000     0.000000
       0.000000     0.000000     0.000000     0.000000     0.000000     0.000000
       0.000000     0.000000     0.000000     0.000000     0.000000     0.000000
       0.000000     0.000000     0.000000     0.000000     0.000000
           0                                                                                                                                                                                                                                                                                                                                                                                                                                                                                                                     
          36 /ASIM-1885-6"-S8811951-91261M7-HC-01                                                                                                                                                                                                                                                                                                                                                                                                                                                                                
             -1           -1
              0            0            0           12            0            0
              0            0            0            0            0           51
              0            0            0
        930.000      940.000      2263.00     0.000000     0.000000      168.300
        7.11000      80.0000      1.50000     0.000000     0.000000     0.000000
       0.000000     0.000000     0.000000     0.000000     0.000000     0.000000
       0.000000     0.000000     0.000000     0.000000     0.000000     0.000000
       0.000000     0.000000     0.000000     0.000000     0.000000     0.000000
   2.100000E-04     0.000000     0.000000     0.000000     0.000000     0.000000
       0.000000     0.000000     0.000000     0.000000     0.000000     0.000000
       0.000000     0.000000     0.000000     0.000000     0.000000     0.000000
       0.000000     0.000000     0.000000     0.000000     0.000000
           0                                                                                                                                                                                                                                                                                                                                                                                                                                                                                                                     
          36 /ASIM-1885-6"-S8811951-91261M7-HC-01                                                                                                                                                                                                                                                                                                                                                                                                                                                                                
             -1           -1
              3            0            0            0            0            0
              0            0            0            0            0           52
              0            0            0
        940.000      960.000      229.000     0.000000     -229.000      168.300
        10.9700     0.000000      1.50000     0.000000     0.000000     0.000000
       0.000000     0.000000     0.000000     0.000000     0.000000     0.000000
       0.000000     0.000000     0.000000     0.000000     0.000000     0.000000
       0.000000     0.000000     0.000000     0.000000     0.000000     0.000000
   2.100000E-04     0.000000     0.000000     0.000000     0.000000     0.000000
       0.000000     0.000000     0.000000     0.000000     0.000000     0.000000
       0.000000     0.000000     0.000000     0.000000     0.000000     0.000000
       0.000000     0.000000     0.000000     0.000000     0.000000
           0                                                                                                                                                                                                                                                                                                                                                                                                                                                                                                                     
          36 /ASIM-1885-6"-S8811951-91261M7-HC-01                                                                                                                                                                                                                                                                                                                                                                                                                                                                                
             -1           -1
              0            0            0            0            0            0
              0            0            0            0            0           53
              0            0            0
        960.000      970.000     0.000000     0.000000     -4694.00      168.300
        7.11000     0.000000      1.50000     0.000000     0.000000     0.000000
       0.000000     0.000000     0.000000     0.000000     0.000000     0.000000
       0.000000     0.000000     0.000000     0.000000     0.000000     0.000000
       0.000000     0.000000     0.000000     0.000000     0.000000     0.000000
   2.100000E-04     0.000000     0.000000     0.000000     0.000000     0.000000
       0.000000     0.000000     0.000000     0.000000     0.000000     0.000000
       0.000000     0.000000     0.000000     0.000000     0.000000     0.000000
       0.000000     0.000000     0.000000     0.000000     0.000000
           0                                                                                                                                                                                                                                                                                                                                                                                                                                                                                                                     
          36 /ASIM-1885-6"-S8811951-91261M7-HC-01                                                                                                                                                                                                                                                                                                                                                                                                                                                                                
             -1           -1
              0            0            0            0            0            0
              0            0            0            0            0           54
              0            0            0
        970.000      980.000     0.000000     0.000000      4073.00      168.300
        7.11000      80.0000      1.50000     0.000000     0.000000     0.000000
       0.000000     0.000000     0.000000     0.000000     0.000000     0.000000
       0.000000     0.000000     0.000000     0.000000     0.000000     0.000000
       0.000000     0.000000     0.000000     0.000000     0.000000     0.000000
   2.100000E-04     0.000000     0.000000     0.000000     0.000000     0.000000
       0.000000     0.000000     0.000000     0.000000     0.000000     0.000000
       0.000000     0.000000     0.000000     0.000000     0.000000     0.000000
       0.000000     0.000000     0.000000     0.000000     0.000000
           0                                                                                                                                                                                                                                                                                                                                                                                                                                                                                                                     
          36 /ASIM-1885-6"-S8811951-91261M7-HC-01                                                                                                                                                                                                                                                                                                                                                                                                                                                                                
             -1           -1
              0            0            0           13            0            0
              0            0            0            0            0           55
              0            0            0
        980.000      990.000     0.000000     0.000000     -2700.00      168.300
        7.11000      80.0000      1.50000     0.000000     0.000000     0.000000
       0.000000     0.000000     0.000000     0.000000     0.000000     0.000000
       0.000000     0.000000     0.000000     0.000000     0.000000     0.000000
       0.000000     0.000000     0.000000     0.000000     0.000000     0.000000
   2.100000E-04     0.000000     0.000000     0.000000     0.000000     0.000000
       0.000000     0.000000     0.000000     0.000000     0.000000     0.000000
       0.000000     0.000000     0.000000     0.000000     0.000000     0.000000
       0.000000     0.000000     0.000000     0.000000     0.000000
           0                                                                                                                                                                                                                                                                                                                                                                                                                                                                                                                     
          36 /ASIM-1885-6"-S8811951-91261M7-HC-01                                                                                                                                                                                                                                                                                                                                                                                                                                                                                
             -1           -1
              0            0            0           14            0            0
              0            0            0            0            0           56
              0            0            0
        990.000      1000.00     0.000000     0.000000     -1019.98      168.300
        7.11000      80.0000     0.000000     0.000000     0.000000     0.000000
       0.000000     0.000000     0.000000     0.000000     0.000000     0.000000
       0.000000     0.000000     0.000000     0.000000     0.000000     0.000000
       0.000000     0.000000     0.000000     0.000000     0.000000     0.000000
   2.100000E-04     0.000000     0.000000     0.000000     0.000000     0.000000
       0.000000     0.000000     0.000000     0.000000     0.000000     0.000000
       0.000000     0.000000     0.000000     0.000000     0.000000     0.000000
       0.000000     0.000000     0.000000     0.000000     0.000000
           0                                                                                                                                                                                                                                                                                                                                                                                                                                                                                                                     
          36 /ASIM-1885-6"-S8811951-91261M7-HC-01                                                                                                                                                                                                                                                                                                                                                                                                                                                                                
             -1           -1
              0            0            0           15            0            0
              0            0            0            0            0           57
              0            0            0
        1000.00      1010.00     0.000000     0.000000     -353.016      168.300
        7.11000      80.0000      1.50000     0.000000     0.000000     0.000000
       0.000000     0.000000     0.000000     0.000000     0.000000     0.000000
       0.000000     0.000000     0.000000     0.000000     0.000000     0.000000
       0.000000     0.000000     0.000000     0.000000     0.000000     0.000000
   2.100000E-04     0.000000     0.000000     0.000000     0.000000     0.000000
       0.000000     0.000000     0.000000     0.000000     0.000000     0.000000
       0.000000     0.000000     0.000000     0.000000     0.000000     0.000000
       0.000000     0.000000     0.000000     0.000000     0.000000
           0                                                                                                                                                                                                                                                                                                                                                                                                                                                                                                                     
          36 /ASIM-1885-6"-S8811951-91261M7-HC-01                                                                                                                                                                                                                                                                                                                                                                                                                                                                                
             -1           -1
              0           16            0            0            0            0
              0            0            0            0            0           58
              0            0            0
        1010.00      1020.00     0.000000     0.000000     -147.000      168.300
        10.9700      80.0000      1.50000     0.000000     0.000000     0.000000
       0.000000     0.000000     0.000000     0.000000     0.000000     0.000000
       0.000000     0.000000     0.000000     0.000000     0.000000     0.000000
       0.000000     0.000000     0.000000     0.000000     0.000000     0.000000
   2.100000E-04     0.000000     0.000000     0.000000     0.000000     0.000000
       0.000000     0.000000     0.000000     0.000000     0.000000     0.000000
       0.000000     0.000000     0.000000     0.000000     0.000000     0.000000
       0.000000     0.000000     0.000000     0.000000     0.000000
           0                                                                                                                                                                                                                                                                                                                                                                                                                                                                                                                     
          36 /ASIM-1885-6"-S8811951-91261M7-HC-01                                                                                                                                                                                                                                                                                                                                                                                                                                                                                
             -1           -1
              0           17            0           16            0            0
              0            0            0            0            0           59
              0            0            0
        1030.00      1050.00     0.000000      1584.80     0.000000      168.300
        7.11000      80.0000      1.50000     0.000000     0.000000     0.000000
       0.000000     0.000000     0.000000     0.000000     0.000000     0.000000
       0.000000     0.000000     0.000000     0.000000     0.000000     0.000000
       0.000000     0.000000     0.000000     0.000000     0.000000     0.000000
   2.100000E-04     0.000000     0.000000     0.000000     0.000000     0.000000
       0.000000     0.000000     0.000000     0.000000     0.000000     0.000000
       0.000000     0.000000     0.000000     0.000000     0.000000     0.000000
       0.000000     0.000000     0.000000     0.000000     0.000000
           0                                                                                                                                                                                                                                                                                                                                                                                                                                                                                                                     
          36 /ASIM-1885-6"-S8810112-91261M7-HC-01                                                                                                                                                                                                                                                                                                                                                                                                                                                                                
             -1           -1
              4            0            0           17            0            0
              0            0            0            0            0           60
              0            0            0
        1050.00      1070.00     0.000000      229.000      229.000      168.300
        10.9700     0.000000      1.50000     0.000000     0.000000     0.000000
       0.000000     0.000000     0.000000     0.000000     0.000000     0.000000
       0.000000     0.000000     0.000000     0.000000     0.000000     0.000000
       0.000000     0.000000     0.000000     0.000000     0.000000     0.000000
   2.100000E-04     0.000000     0.000000     0.000000     0.000000     0.000000
       0.000000     0.000000     0.000000     0.000000     0.000000     0.000000
       0.000000     0.000000     0.000000     0.000000     0.000000     0.000000
       0.000000     0.000000     0.000000     0.000000     0.000000
           0                                                                                                                                                                                                                                                                                                                                                                                                                                                                                                                     
          36 /ASIM-1885-6"-S8810112-91261M7-HC-01                                                                                                                                                                                                                                                                                                                                                                                                                                                                                
             -1           -1
              0            0            0            0            0            0
              0            0            0            0            0           61
              0            0            0
        1070.00      1080.00     0.000000     0.000000      5444.00      168.300
        7.11000     0.000000      1.50000     0.000000     0.000000     0.000000
       0.000000     0.000000     0.000000     0.000000     0.000000     0.000000
       0.000000     0.000000     0.000000     0.000000     0.000000     0.000000
       0.000000     0.000000     0.000000     0.000000     0.000000     0.000000
   2.100000E-04     0.000000     0.000000     0.000000     0.000000     0.000000
       0.000000     0.000000     0.000000     0.000000     0.000000     0.000000
       0.000000     0.000000     0.000000     0.000000     0.000000     0.000000
       0.000000     0.000000     0.000000     0.000000     0.000000
           0                                                                                                                                                                                                                                                                                                                                                                                                                                                                                                                     
          36 /ASIM-1885-6"-S8810112-91261M7-HC-01                                                                                                                                                                                                                                                                                                                                                                                                                                                                                
             -1           -1
              0            0            0            0            0            0
              0            0            0            0            0           62
              0            0            0
        1080.00      1090.00     0.000000     0.000000     -4823.00      168.300
        7.11000      80.0000      1.50000     0.000000     0.000000     0.000000
       0.000000     0.000000     0.000000     0.000000     0.000000     0.000000
       0.000000     0.000000     0.000000     0.000000     0.000000     0.000000
       0.000000     0.000000     0.000000     0.000000     0.000000     0.000000
   2.100000E-04     0.000000     0.000000     0.000000     0.000000     0.000000
       0.000000     0.000000     0.000000     0.000000     0.000000     0.000000
       0.000000     0.000000     0.000000     0.000000     0.000000     0.000000
       0.000000     0.000000     0.000000     0.000000     0.000000
           0                                                                                                                                                                                                                                                                                                                                                                                                                                                                                                                     
          36 /ASIM-1885-6"-S8810112-91261M7-HC-01                                                                                                                                                                                                                                                                                                                                                                                                                                                                                
             -1           -1
              0            0            0           18            0            0
              0            0            0            0            0           63
              0            0            0
        1090.00      1100.00     0.000000     0.000000      3160.93      168.300
        7.11000      80.0000      1.50000     0.000000     0.000000     0.000000
       0.000000     0.000000     0.000000     0.000000     0.000000     0.000000
       0.000000     0.000000     0.000000     0.000000     0.000000     0.000000
       0.000000     0.000000     0.000000     0.000000     0.000000     0.000000
   2.100000E-04     0.000000     0.000000     0.000000     0.000000     0.000000
       0.000000     0.000000     0.000000     0.000000     0.000000     0.000000
       0.000000     0.000000     0.000000     0.000000     0.000000     0.000000
       0.000000     0.000000     0.000000     0.000000     0.000000
           0                                                                                                                                                                                                                                                                                                                                                                                                                                                                                                                     
          36 /ASIM-1885-6"-S8810112-91261M7-HC-01                                                                                                                                                                                                                                                                                                                                                                                                                                                                                
             -1           -1
              0            0            0           19            0            0
              0            0            0            0            0           64
              0            0            0
        1100.00      1110.00     0.000000     0.000000      1309.06      168.300
        7.11000      80.0000     0.000000     0.000000     0.000000     0.000000
       0.000000     0.000000     0.000000     0.000000     0.000000     0.000000
       0.000000     0.000000     0.000000     0.000000     0.000000     0.000000
       0.000000     0.000000     0.000000     0.000000     0.000000     0.000000
   2.100000E-04     0.000000     0.000000     0.000000     0.000000     0.000000
       0.000000     0.000000     0.000000     0.000000     0.000000     0.000000
       0.000000     0.000000     0.000000     0.000000     0.000000     0.000000
       0.000000     0.000000     0.000000     0.000000     0.000000
           0                                                                                                                                                                                                                                                                                                                                                                                                                                                                                                                     
          36 /ASIM-1885-6"-S8810112-91261M7-HC-01                                                                                                                                                                                                                                                                                                                                                                                                                                                                                
             -1           -1
              0            0            0           20            0            0
              0            0            0            0            0           65
              0            0            0
        1110.00      1120.00     0.000000     0.000000      353.016      168.300
        7.11000      80.0000      1.50000     0.000000     0.000000     0.000000
       0.000000     0.000000     0.000000     0.000000     0.000000     0.000000
       0.000000     0.000000     0.000000     0.000000     0.000000     0.000000
       0.000000     0.000000     0.000000     0.000000     0.000000     0.000000
   2.100000E-04     0.000000     0.000000     0.000000     0.000000     0.000000
       0.000000     0.000000     0.000000     0.000000     0.000000     0.000000
       0.000000     0.000000     0.000000     0.000000     0.000000     0.000000
       0.000000     0.000000     0.000000     0.000000     0.000000
           0                                                                                                                                                                                                                                                                                                                                                                                                                                                                                                                     
          36 /ASIM-1885-6"-S8810112-91261M7-HC-01                                                                                                                                                                                                                                                                                                                                                                                                                                                                                
             -1           -1
              0           18            0            0            0            0
              0            0            0            0            0           66
              0            0            0
        1120.00      1130.00     0.000000     0.000000      147.000      168.300
        10.9700      80.0000      1.50000     0.000000     0.000000     0.000000
       0.000000     0.000000     0.000000     0.000000     0.000000     0.000000
       0.000000     0.000000     0.000000     0.000000     0.000000     0.000000
       0.000000     0.000000     0.000000     0.000000     0.000000     0.000000
   2.100000E-04     0.000000     0.000000     0.000000     0.000000     0.000000
       0.000000     0.000000     0.000000     0.000000     0.000000     0.000000
       0.000000     0.000000     0.000000     0.000000     0.000000     0.000000
       0.000000     0.000000     0.000000     0.000000     0.000000
           0                                                                                                                                                                                                                                                                                                                                                                                                                                                                                                                     
          36 /ASIM-1885-6"-S8810112-91261M7-HC-01                                                                                                                                                                                                                                                                                                                                                                                                                                                                                
             -1           -1
              0           19            0           21            0            0
              0            0            0            0            0           67
              0            0            0
        1140.00      1150.00     -13792.0     0.000000     0.000000      168.300
        7.11000     0.000000      1.50000     0.000000     0.000000     0.000000
       0.000000     0.000000     0.000000     0.000000     0.000000     0.000000
       0.000000     0.000000     0.000000     0.000000     0.000000     0.000000
       0.000000     0.000000     0.000000     0.000000     0.000000     0.000000
   2.100000E-04     0.000000     0.000000     0.000000     0.000000     0.000000
       0.000000     0.000000     0.000000     0.000000     0.000000     0.000000
       0.000000     0.000000     0.000000     0.000000     0.000000     0.000000
       0.000000     0.000000     0.000000     0.000000     0.000000
           0                                                                                                                                                                                                                                                                                                                                                                                                                                                                                                                     
          36 /ASIM-1885-6"-S8810111-91261M7-HC-01                                                                                                                                                                                                                                                                                                                                                                                                                                                                                
             -1           -1
              0            0            0           22            0            0
              0            0            0            0            0           68
              0            0            0
        1150.00      1160.00      12977.0     0.000000     0.000000      168.300
        7.11000      80.0000      1.50000     0.000000     0.000000     0.000000
       0.000000     0.000000     0.000000     0.000000     0.000000     0.000000
       0.000000     0.000000     0.000000     0.000000     0.000000     0.000000
       0.000000     0.000000     0.000000     0.000000     0.000000     0.000000
   2.100000E-04     0.000000     0.000000     0.000000     0.000000     0.000000
       0.000000     0.000000     0.000000     0.000000     0.000000     0.000000
       0.000000     0.000000     0.000000     0.000000     0.000000     0.000000
       0.000000     0.000000     0.000000     0.000000     0.000000
           0                                                                                                                                                                                                                                                                                                                                                                                                                                                                                                                     
          36 /ASIM-1885-6"-S8810111-91261M7-HC-01                                                                                                                                                                                                                                                                                                                                                                                                                                                                                
             -1           -1
              0            0            0           23            0            0
              0            0            0            0            0           69
              0            0            0
        1160.00      1170.00     -4756.00     0.000000     0.000000      168.300
        7.11000      80.0000      1.50000     0.000000     0.000000     0.000000
       0.000000     0.000000     0.000000     0.000000     0.000000     0.000000
       0.000000     0.000000     0.000000     0.000000     0.000000     0.000000
       0.000000     0.000000     0.000000     0.000000     0.000000     0.000000
   2.100000E-04     0.000000     0.000000     0.000000     0.000000     0.000000
       0.000000     0.000000     0.000000     0.000000     0.000000     0.000000
       0.000000     0.000000     0.000000     0.000000     0.000000     0.000000
       0.000000     0.000000     0.000000     0.000000     0.000000
           0                                                                                                                                                                                                                                                                                                                                                                                                                                                                                                                     
          36 /ASIM-1885-6"-S8810111-91261M7-HC-01                                                                                                                                                                                                                                                                                                                                                                                                                                                                                
             -1           -1
              0            0            0           24            0            0
              0            0            0            0            0           70
              0            0            0
        1170.00      1180.00     -4650.00     0.000000     0.000000      168.300
        7.11000      80.0000      1.50000     0.000000     0.000000     0.000000
       0.000000     0.000000     0.000000     0.000000     0.000000     0.000000
       0.000000     0.000000     0.000000     0.000000     0.000000     0.000000
       0.000000     0.000000     0.000000     0.000000     0.000000     0.000000
   2.100000E-04     0.000000     0.000000     0.000000     0.000000     0.000000
       0.000000     0.000000     0.000000     0.000000     0.000000     0.000000
       0.000000     0.000000     0.000000     0.000000     0.000000     0.000000
       0.000000     0.000000     0.000000     0.000000     0.000000
           0                                                                                                                                                                                                                                                                                                                                                                                                                                                                                                                     
          36 /ASIM-1885-6"-S8810111-91261M7-HC-01                                                                                                                                                                                                                                                                                                                                                                                                                                                                                
             -1           -1
              0            0            0           25            0            0
              0            0            0            0            0           71
              0            0            0
        1180.00      1190.00     -3027.25     0.000000     0.000000      168.300
        7.11000      80.0000      1.50000     0.000000     0.000000     0.000000
       0.000000     0.000000     0.000000     0.000000     0.000000     0.000000
       0.000000     0.000000     0.000000     0.000000     0.000000     0.000000
       0.000000     0.000000     0.000000     0.000000     0.000000     0.000000
   2.100000E-04     0.000000     0.000000     0.000000     0.000000     0.000000
       0.000000     0.000000     0.000000     0.000000     0.000000     0.000000
       0.000000     0.000000     0.000000     0.000000     0.000000     0.000000
       0.000000     0.000000     0.000000     0.000000     0.000000
           0                                                                                                                                                                                                                                                                                                                                                                                                                                                                                                                     
          36 /ASIM-1885-6"-S8810111-91261M7-HC-01                                                                                                                                                                                                                                                                                                                                                                                                                                                                                
             -1           -1
              0            0            0           26            0            0
              0            0            0            0            0           72
              0            0            0
        1190.00      1200.00     -543.749     0.000000     0.000000      168.300
        7.11000      80.0000      1.50000     0.000000     0.000000     0.000000
       0.000000     0.000000     0.000000     0.000000     0.000000     0.000000
       0.000000     0.000000     0.000000     0.000000     0.000000     0.000000
       0.000000     0.000000     0.000000     0.000000     0.000000     0.000000
   2.100000E-04     0.000000     0.000000     0.000000     0.000000     0.000000
       0.000000     0.000000     0.000000     0.000000     0.000000     0.000000
       0.000000     0.000000     0.000000     0.000000     0.000000     0.000000
       0.000000     0.000000     0.000000     0.000000     0.000000
           0                                                                                                                                                                                                                                                                                                                                                                                                                                                                                                                     
          36 /ASIM-1885-6"-S8810111-91261M7-HC-01                                                                                                                                                                                                                                                                                                                                                                                                                                                                                
             -1           -1
              5            0            0            0            0            0
              0            0            0            0            0           73
              0            0            0
        1200.00      1220.00     -229.000     0.000000     -229.000      168.300
        10.9700     0.000000      1.50000     0.000000     0.000000     0.000000
       0.000000     0.000000     0.000000     0.000000     0.000000     0.000000
       0.000000     0.000000     0.000000     0.000000     0.000000     0.000000
       0.000000     0.000000     0.000000     0.000000     0.000000     0.000000
   2.100000E-04     0.000000     0.000000     0.000000     0.000000     0.000000
       0.000000     0.000000     0.000000     0.000000     0.000000     0.000000
       0.000000     0.000000     0.000000     0.000000     0.000000     0.000000
       0.000000     0.000000     0.000000     0.000000     0.000000
           0                                                                                                                                                                                                                                                                                                                                                                                                                                                                                                                     
          36 /ASIM-1885-6"-S8810111-91261M7-HC-01                                                                                                                                                                                                                                                                                                                                                                                                                                                                                
             -1           -1
              0            0            0            0            0            0
              0            0            0            0            0           74
              0            0            0
        1220.00      1240.00     0.000000     0.000000     -642.000      168.300
        7.11000      80.0000      1.50000     0.000000     0.000000     0.000000
       0.000000     0.000000     0.000000     0.000000     0.000000     0.000000
       0.000000     0.000000     0.000000     0.000000     0.000000     0.000000
       0.000000     0.000000     0.000000     0.000000     0.000000     0.000000
   2.100000E-04     0.000000     0.000000     0.000000     0.000000     0.000000
       0.000000     0.000000     0.000000     0.000000     0.000000     0.000000
       0.000000     0.000000     0.000000     0.000000     0.000000     0.000000
       0.000000     0.000000     0.000000     0.000000     0.000000
           0                                                                                                                                                                                                                                                                                                                                                                                                                                                                                                                     
          36 /ASIM-1885-6"-S8810111-91261M7-HC-01                                                                                                                                                                                                                                                                                                                                                                                                                                                                                
             -1           -1
              6            0            0            0            0            0
              0            0            0            0            0           75
              0            0            0
        1240.00      1260.00     -229.000     0.000000     -229.000      168.300
        10.9700     0.000000      1.50000     0.000000     0.000000     0.000000
       0.000000     0.000000     0.000000     0.000000     0.000000     0.000000
       0.000000     0.000000     0.000000     0.000000     0.000000     0.000000
       0.000000     0.000000     0.000000     0.000000     0.000000     0.000000
   2.100000E-04     0.000000     0.000000     0.000000     0.000000     0.000000
       0.000000     0.000000     0.000000     0.000000     0.000000     0.000000
       0.000000     0.000000     0.000000     0.000000     0.000000     0.000000
       0.000000     0.000000     0.000000     0.000000     0.000000
           0                                                                                                                                                                                                                                                                                                                                                                                                                                                                                                                     
          36 /ASIM-1885-6"-S8810111-91261M7-HC-01                                                                                                                                                                                                                                                                                                                                                                                                                                                                                
             -1           -1
              0            0            0            0            0            0
              0            0            0            0            0           76
              0            0            0
        1260.00      1280.00     -1042.00     0.000000     0.000000      168.300
        7.11000      80.0000      1.50000     0.000000     0.000000     0.000000
       0.000000     0.000000     0.000000     0.000000     0.000000     0.000000
       0.000000     0.000000     0.000000     0.000000     0.000000     0.000000
       0.000000     0.000000     0.000000     0.000000     0.000000     0.000000
   2.100000E-04     0.000000     0.000000     0.000000     0.000000     0.000000
       0.000000     0.000000     0.000000     0.000000     0.000000     0.000000
       0.000000     0.000000     0.000000     0.000000     0.000000     0.000000
       0.000000     0.000000     0.000000     0.000000     0.000000
           0                                                                                                                                                                                                                                                                                                                                                                                                                                                                                                                     
          36 /ASIM-1885-6"-S8810111-91261M7-HC-01                                                                                                                                                                                                                                                                                                                                                                                                                                                                                
             -1           -1
              7            0            0            0            0            0
              0            0            0            0            0           77
              0            0            0
        1280.00      1300.00     -229.000     -229.000     0.000000      168.300
        10.9700     0.000000      1.50000     0.000000     0.000000     0.000000
       0.000000     0.000000     0.000000     0.000000     0.000000     0.000000
       0.000000     0.000000     0.000000     0.000000     0.000000     0.000000
       0.000000     0.000000     0.000000     0.000000     0.000000     0.000000
   2.100000E-04     0.000000     0.000000     0.000000     0.000000     0.000000
       0.000000     0.000000     0.000000     0.000000     0.000000     0.000000
       0.000000     0.000000     0.000000     0.000000     0.000000     0.000000
       0.000000     0.000000     0.000000     0.000000     0.000000
           0                                                                                                                                                                                                                                                                                                                                                                                                                                                                                                                     
          36 /ASIM-1885-6"-S8810111-91261M7-HC-01                                                                                                                                                                                                                                                                                                                                                                                                                                                                                
             -1           -1
              0            0            0            0            0            0
              0            0            0            0            0           78
              0            0            0
        1300.00      1320.00     0.000000     -542.000     0.000000      168.300
        7.11000      80.0000      1.50000     0.000000     0.000000     0.000000
       0.000000     0.000000     0.000000     0.000000     0.000000     0.000000
       0.000000     0.000000     0.000000     0.000000     0.000000     0.000000
       0.000000     0.000000     0.000000     0.000000     0.000000     0.000000
   2.100000E-04     0.000000     0.000000     0.000000     0.000000     0.000000
       0.000000     0.000000     0.000000     0.000000     0.000000     0.000000
       0.000000     0.000000     0.000000     0.000000     0.000000     0.000000
       0.000000     0.000000     0.000000     0.000000     0.000000
           0                                                                                                                                                                                                                                                                                                                                                                                                                                                                                                                     
          36 /ASIM-1885-6"-S8810111-91261M7-HC-01                                                                                                                                                                                                                                                                                                                                                                                                                                                                                
             -1           -1
              8            0            0            0            0            0
              0            0            0            0            0           79
              0            0            0
        1320.00      1340.00     0.000000     -229.000     -743.000      168.300
        10.9700      80.0000      1.50000     0.000000     0.000000     0.000000
       0.000000     0.000000     0.000000     0.000000     0.000000     0.000000
       0.000000     0.000000     0.000000     0.000000     0.000000     0.000000
       0.000000     0.000000     0.000000     0.000000     0.000000     0.000000
   2.100000E-04     0.000000     0.000000     0.000000     0.000000     0.000000
       0.000000     0.000000     0.000000     0.000000     0.000000     0.000000
       0.000000     0.000000     0.000000     0.000000     0.000000     0.000000
       0.000000     0.000000     0.000000     0.000000     0.000000
           0                                                                                                                                                                                                                                                                                                                                                                                                                                                                                                                     
          36 /ASIM-1885-6"-S8810111-91261M7-HC-01                                                                                                                                                                                                                                                                                                                                                                                                                                                                                
             -1           -1
              0            0            0           27            0            0
              0            0            0            0            0           80
              0            0            0
        1340.00      1350.00     0.000000     0.000000     -1628.00      168.300
        7.11000      80.0000      1.50000     0.000000     0.000000     0.000000
       0.000000     0.000000     0.000000     0.000000     0.000000     0.000000
       0.000000     0.000000     0.000000     0.000000     0.000000     0.000000
       0.000000     0.000000     0.000000     0.000000     0.000000     0.000000
   2.100000E-04     0.000000     0.000000     0.000000     0.000000     0.000000
       0.000000     0.000000     0.000000     0.000000     0.000000     0.000000
       0.000000     0.000000     0.000000     0.000000     0.000000     0.000000
       0.000000     0.000000     0.000000     0.000000     0.000000
           0                                                                                                                                                                                                                                                                                                                                                                                                                                                                                                                     
          36 /ASIM-1885-6"-S8810111-91261M7-HC-01                                                                                                                                                                                                                                                                                                                                                                                                                                                                                
             -1           -1
              0            0            0           28            0            0
              0            0            0            0            0           81
              0            0            0
        1350.00      1360.00     0.000000     0.000000      2142.00      168.300
        7.11000     0.000000      1.50000     0.000000     0.000000     0.000000
       0.000000     0.000000     0.000000     0.000000     0.000000     0.000000
       0.000000     0.000000     0.000000     0.000000     0.000000     0.000000
       0.000000     0.000000     0.000000     0.000000     0.000000     0.000000
   2.100000E-04     0.000000     0.000000     0.000000     0.000000     0.000000
       0.000000     0.000000     0.000000     0.000000     0.000000     0.000000
       0.000000     0.000000     0.000000     0.000000     0.000000     0.000000
       0.000000     0.000000     0.000000     0.000000     0.000000
           0                                                                                                                                                                                                                                                                                                                                                                                                                                                                                                                     
          36 /ASIM-1885-6"-S8810111-91261M7-HC-01                                                                                                                                                                                                                                                                                                                                                                                                                                                                                
             -1           -1
              0            0            0            0            0            0
              0            0            0            0            0           82
              0            0            0
        1360.00      1370.00     0.000000     0.000000     -2142.00      168.300
        7.11000     0.000000      1.50000     0.000000     0.000000     0.000000
       0.000000     0.000000     0.000000     0.000000     0.000000     0.000000
       0.000000     0.000000     0.000000     0.000000     0.000000     0.000000
       0.000000     0.000000     0.000000     0.000000     0.000000     0.000000
   2.100000E-04     0.000000     0.000000     0.000000     0.000000     0.000000
       0.000000     0.000000     0.000000     0.000000     0.000000     0.000000
       0.000000     0.000000     0.000000     0.000000     0.000000     0.000000
       0.000000     0.000000     0.000000     0.000000     0.000000
           0                                                                                                                                                                                                                                                                                                                                                                                                                                                                                                                     
          36 /ASIM-1885-6"-S8810111-91261M7-HC-01                                                                                                                                                                                                                                                                                                                                                                                                                                                                                
             -1           -1
              0            0            0            0            0            0
              0            0            0            0            0           83
              0            0            0
        1370.00      1390.00      18744.0     -26.9500      18571.0      168.300
        7.11000      80.0000      1.50000     0.000000     0.000000     0.000000
       0.000000     0.000000     0.000000     0.000000     0.000000     0.000000
       0.000000     0.000000     0.000000     0.000000     0.000000     0.000000
       0.000000     0.000000     0.000000     0.000000     0.000000     0.000000
   2.100000E-04     0.000000     0.000000     0.000000     0.000000     0.000000
       0.000000     0.000000     0.000000     0.000000     0.000000     0.000000
       0.000000     0.000000     0.000000     0.000000     0.000000     0.000000
       0.000000     0.000000     0.000000     0.000000     0.000000
           0                                                                                                                                                                                                                                                                                                                                                                                                                                                                                                                     
          36 /ASIM-1885-6"-S8810111-91261M7-HC-01                                                                                                                                                                                                                                                                                                                                                                                                                                                                                
             -1           -1
              0            0            0            0            0            0
              0            0            0            0            8           84
              0            0            0
        1390.00      1410.00     -2765.00     0.000000     0.000000      168.300
        10.9700     0.000000      1.50000     0.000000     0.000000     0.000000
       0.000000     0.000000     0.000000     0.000000     0.000000     0.000000
       0.000000     0.000000     0.000000     0.000000     0.000000     0.000000
       0.000000     0.000000     0.000000     0.000000     0.000000     0.000000
   2.100000E-04     0.000000     0.000000     0.000000     0.000000     0.000000
       0.000000     0.000000     0.000000     0.000000     0.000000     0.000000
       0.000000     0.000000     0.000000     0.000000     0.000000     0.000000
       0.000000     0.000000     0.000000     0.000000     0.000000
           0                                                                                                                                                                                                                                                                                                                                                                                                                                                                                                                     
          36 /ASIM-1885-6"-S8810111-91261M7-HC-01                                                                                                                                                                                                                                                                                                                                                                                                                                                                                
             -1           -1
              0            0            0            0            0            0
              0            0            0            0            0           85
              0            0            0
        1410.00      1420.00      915.000     0.000000     0.000000      168.300
        7.11000      80.0000      1.50000     0.000000     0.000000     0.000000
       0.000000     0.000000     0.000000     0.000000     0.000000     0.000000
       0.000000     0.000000     0.000000     0.000000     0.000000     0.000000
       0.000000     0.000000     0.000000     0.000000     0.000000     0.000000
   2.100000E-04     0.000000     0.000000     0.000000     0.000000     0.000000
       0.000000     0.000000     0.000000     0.000000     0.000000     0.000000
       0.000000     0.000000     0.000000     0.000000     0.000000     0.000000
       0.000000     0.000000     0.000000     0.000000     0.000000
           0                                                                                                                                                                                                                                                                                                                                                                                                                                                                                                                     
          36 /ASIM-1885-6"-S8810111-91261M7-HC-01                                                                                                                                                                                                                                                                                                                                                                                                                                                                                
             -1           -1
              0            0            0           29            0            0
              0            0            0            0            0           86
              0            0            0
        1420.00      1430.00     -915.000     0.000000     0.000000      168.300
        7.11000      80.0000      1.50000     0.000000     0.000000     0.000000
       0.000000     0.000000     0.000000     0.000000     0.000000     0.000000
       0.000000     0.000000     0.000000     0.000000     0.000000     0.000000
       0.000000     0.000000     0.000000     0.000000     0.000000     0.000000
   2.100000E-04     0.000000     0.000000     0.000000     0.000000     0.000000
       0.000000     0.000000     0.000000     0.000000     0.000000     0.000000
       0.000000     0.000000     0.000000     0.000000     0.000000     0.000000
       0.000000     0.000000     0.000000     0.000000     0.000000
           0                                                                                                                                                                                                                                                                                                                                                                                                                                                                                                                     
          36 /ASIM-1885-6"-S8810111-91261M7-HC-01                                                                                                                                                                                                                                                                                                                                                                                                                                                                                
             -1           -1
              9            0            0            0            0            0
              0            0            0            0            0           87
              0            0            0
        1430.00      1450.00     -229.000      229.000     0.000000      168.300
        10.9700     0.000000      1.50000     0.000000     0.000000     0.000000
       0.000000     0.000000     0.000000     0.000000     0.000000     0.000000
       0.000000     0.000000     0.000000     0.000000     0.000000     0.000000
       0.000000     0.000000     0.000000     0.000000     0.000000     0.000000
   2.100000E-04     0.000000     0.000000     0.000000     0.000000     0.000000
       0.000000     0.000000     0.000000     0.000000     0.000000     0.000000
       0.000000     0.000000     0.000000     0.000000     0.000000     0.000000
       0.000000     0.000000     0.000000     0.000000     0.000000
           0                                                                                                                                                                                                                                                                                                                                                                                                                                                                                                                     
          36 /ASIM-1885-6"-S8810111-91261M7-HC-01                                                                                                                                                                                                                                                                                                                                                                                                                                                                                
             -1           -1
              0            0            0            0            0            0
              0            0            0            0            0           88
              0            0            0
        1450.00      1470.00     0.000000      568.950     0.000000      168.300
        7.11000      80.0000      1.50000     0.000000     0.000000     0.000000
       0.000000     0.000000     0.000000     0.000000     0.000000     0.000000
       0.000000     0.000000     0.000000     0.000000     0.000000     0.000000
       0.000000     0.000000     0.000000     0.000000     0.000000     0.000000
   2.100000E-04     0.000000     0.000000     0.000000     0.000000     0.000000
       0.000000     0.000000     0.000000     0.000000     0.000000     0.000000
       0.000000     0.000000     0.000000     0.000000     0.000000     0.000000
       0.000000     0.000000     0.000000     0.000000     0.000000
           0                                                                                                                                                                                                                                                                                                                                                                                                                                                                                                                     
          36 /ASIM-1885-6"-S8810111-91261M7-HC-01                                                                                                                                                                                                                                                                                                                                                                                                                                                                                
             -1           -1
             10            0            0            0            0            0
              0            0            0            0            0           89
              0            0            0
        1470.00      1490.00     0.000000      229.000     -229.000      168.300
        10.9700     0.000000      1.50000     0.000000     0.000000     0.000000
       0.000000     0.000000     0.000000     0.000000     0.000000     0.000000
       0.000000     0.000000     0.000000     0.000000     0.000000     0.000000
       0.000000     0.000000     0.000000     0.000000     0.000000     0.000000
   2.100000E-04     0.000000     0.000000     0.000000     0.000000     0.000000
       0.000000     0.000000     0.000000     0.000000     0.000000     0.000000
       0.000000     0.000000     0.000000     0.000000     0.000000     0.000000
       0.000000     0.000000     0.000000     0.000000     0.000000
           0                                                                                                                                                                                                                                                                                                                                                                                                                                                                                                                     
          36 /ASIM-1885-6"-S8810111-91261M7-HC-01                                                                                                                                                                                                                                                                                                                                                                                                                                                                                
             -1           -1
              0            0            0            0            0            0
              0            0            0            0            0           90
              0            0            0
        1490.00      1500.00     0.000000     0.000000     -14642.0      168.300
        7.11000     0.000000      1.50000     0.000000     0.000000     0.000000
       0.000000     0.000000     0.000000     0.000000     0.000000     0.000000
       0.000000     0.000000     0.000000     0.000000     0.000000     0.000000
       0.000000     0.000000     0.000000     0.000000     0.000000     0.000000
   2.100000E-04     0.000000     0.000000     0.000000     0.000000     0.000000
       0.000000     0.000000     0.000000     0.000000     0.000000     0.000000
       0.000000     0.000000     0.000000     0.000000     0.000000     0.000000
       0.000000     0.000000     0.000000     0.000000     0.000000
           0                                                                                                                                                                                                                                                                                                                                                                                                                                                                                                                     
          36 /ASIM-1885-6"-S8810111-91261M7-HC-01                                                                                                                                                                                                                                                                                                                                                                                                                                                                                
             -1           -1
              0            0            0            0            0            0
              0            0            0            0            0           91
              0            0            0
        1500.00      1510.00     0.000000     0.000000      13767.2      168.300
        7.11000      80.0000      1.50000     0.000000     0.000000     0.000000
       0.000000     0.000000     0.000000     0.000000     0.000000     0.000000
       0.000000     0.000000     0.000000     0.000000     0.000000     0.000000
       0.000000     0.000000     0.000000     0.000000     0.000000     0.000000
   2.100000E-04     0.000000     0.000000     0.000000     0.000000     0.000000
       0.000000     0.000000     0.000000     0.000000     0.000000     0.000000
       0.000000     0.000000     0.000000     0.000000     0.000000     0.000000
       0.000000     0.000000     0.000000     0.000000     0.000000
           0                                                                                                                                                                                                                                                                                                                                                                                                                                                                                                                     
          36 /ASIM-1885-6"-S8810111-91261M7-HC-01                                                                                                                                                                                                                                                                                                                                                                                                                                                                                
             -1           -1
              0            0            0           30            0            0
              0            0            0            0            0           92
              0            0            0
        1510.00      1520.00     0.000000     0.000000     -6586.23      168.300
        7.11000      80.0000      1.50000     0.000000     0.000000     0.000000
       0.000000     0.000000     0.000000     0.000000     0.000000     0.000000
       0.000000     0.000000     0.000000     0.000000     0.000000     0.000000
       0.000000     0.000000     0.000000     0.000000     0.000000     0.000000
   2.100000E-04     0.000000     0.000000     0.000000     0.000000     0.000000
       0.000000     0.000000     0.000000     0.000000     0.000000     0.000000
       0.000000     0.000000     0.000000     0.000000     0.000000     0.000000
       0.000000     0.000000     0.000000     0.000000     0.000000
           0                                                                                                                                                                                                                                                                                                                                                                                                                                                                                                                     
          36 /ASIM-1885-6"-S8810111-91261M7-HC-01                                                                                                                                                                                                                                                                                                                                                                                                                                                                                
             -1           -1
              0            0            0           31            0            0
              0            0            0            0            0           93
              0            0            0
        1520.00      1530.00     0.000000     0.000000     -4613.80      168.300
        7.11000      80.0000      1.50000     0.000000     0.000000     0.000000
       0.000000     0.000000     0.000000     0.000000     0.000000     0.000000
       0.000000     0.000000     0.000000     0.000000     0.000000     0.000000
       0.000000     0.000000     0.000000     0.000000     0.000000     0.000000
   2.100000E-04     0.000000     0.000000     0.000000     0.000000     0.000000
       0.000000     0.000000     0.000000     0.000000     0.000000     0.000000
       0.000000     0.000000     0.000000     0.000000     0.000000     0.000000
       0.000000     0.000000     0.000000     0.000000     0.000000
           0                                                                                                                                                                                                                                                                                                                                                                                                                                                                                                                     
          36 /ASIM-1885-6"-S8810111-91261M7-HC-01                                                                                                                                                                                                                                                                                                                                                                                                                                                                                
             -1           -1
              0            0            0           32            0            0
              0            0            0            0            0           94
              0            0            0
        1530.00      1540.00     0.000000     0.000000     -2046.40      168.300
        7.11000      80.0000      1.50000     0.000000     0.000000     0.000000
       0.000000     0.000000     0.000000     0.000000     0.000000     0.000000
       0.000000     0.000000     0.000000     0.000000     0.000000     0.000000
       0.000000     0.000000     0.000000     0.000000     0.000000     0.000000
   2.100000E-04     0.000000     0.000000     0.000000     0.000000     0.000000
       0.000000     0.000000     0.000000     0.000000     0.000000     0.000000
       0.000000     0.000000     0.000000     0.000000     0.000000     0.000000
       0.000000     0.000000     0.000000     0.000000     0.000000
           0                                                                                                                                                                                                                                                                                                                                                                                                                                                                                                                     
          36 /ASIM-1885-6"-S8810111-91261M7-HC-01                                                                                                                                                                                                                                                                                                                                                                                                                                                                                
             -1           -1
              0            0            0           33            0            0
              0            0            0            0            0           95
              0            0            0
        1540.00      1550.00     0.000000     0.000000     -520.800      168.300
        7.11000      80.0000      1.50000     0.000000     0.000000     0.000000
       0.000000     0.000000     0.000000     0.000000     0.000000     0.000000
       0.000000     0.000000     0.000000     0.000000     0.000000     0.000000
       0.000000     0.000000     0.000000     0.000000     0.000000     0.000000
   2.100000E-04     0.000000     0.000000     0.000000     0.000000     0.000000
       0.000000     0.000000     0.000000     0.000000     0.000000     0.000000
       0.000000     0.000000     0.000000     0.000000     0.000000     0.000000
       0.000000     0.000000     0.000000     0.000000     0.000000
           0                                                                                                                                                                                                                                                                                                                                                                                                                                                                                                                     
          36 /ASIM-1885-6"-S8810111-91261M7-HC-01                                                                                                                                                                                                                                                                                                                                                                                                                                                                                
             -1           -1
             11            0            0           34            0            0
              0            0            0            0            0           96
              0            0            0
        1570.00      1590.00      305.000      305.000     0.000000      219.100
        8.18000     0.000000      1.50000     0.000000     0.000000     0.000000
       0.000000     0.000000     0.000000     0.000000     0.000000     0.000000
       0.000000     0.000000     0.000000     0.000000     0.000000     0.000000
       0.000000     0.000000     0.000000     0.000000     0.000000     0.000000
   2.100000E-04     0.000000     0.000000     0.000000     0.000000     0.000000
       0.000000     0.000000     0.000000     0.000000     0.000000     0.000000
       0.000000     0.000000     0.000000     0.000000     0.000000     0.000000
       0.000000     0.000000     0.000000     0.000000     0.000000
           0                                                                                                                                                                                                                                                                                                                                                                                                                                                                                                                     
          36 /ASIM-1885-8"-S8810103-91261M7-HC-01                                                                                                                                                                                                                                                                                                                                                                                                                                                                                
             -1           -1
             12            0            0            0            0            0
              0            0            0            0            0           97
              0            0            0
        1590.00      1610.00     0.000000      1416.90     0.000000      219.100
        8.18000      100.000      1.50000     0.000000     0.000000     0.000000
       0.000000     0.000000     0.000000     0.000000     0.000000     0.000000
       0.000000     0.000000     0.000000     0.000000     0.000000     0.000000
       0.000000     0.000000     0.000000     0.000000     0.000000     0.000000
   2.100000E-04     0.000000     0.000000     0.000000     0.000000     0.000000
       0.000000     0.000000     0.000000     0.000000     0.000000     0.000000
       0.000000     0.000000     0.000000     0.000000     0.000000     0.000000
       0.000000     0.000000     0.000000     0.000000     0.000000
           0                                                                                                                                                                                                                                                                                                                                                                                                                                                                                                                     
          36 /ASIM-1885-8"-S8810103-91261M7-HC-01                                                                                                                                                                                                                                                                                                                                                                                                                                                                                
             -1           -1
             13            0            0            0            0            0
              0            0            0            0            0           98
              0            0            0
        1610.00      1630.00     0.000000      305.000      305.000      219.100
        8.18000     0.000000      1.50000     0.000000     0.000000     0.000000
       0.000000     0.000000     0.000000     0.000000     0.000000     0.000000
       0.000000     0.000000     0.000000     0.000000     0.000000     0.000000
       0.000000     0.000000     0.000000     0.000000     0.000000     0.000000
   2.100000E-04     0.000000     0.000000     0.000000     0.000000     0.000000
       0.000000     0.000000     0.000000     0.000000     0.000000     0.000000
       0.000000     0.000000     0.000000     0.000000     0.000000     0.000000
       0.000000     0.000000     0.000000     0.000000     0.000000
           0                                                                                                                                                                                                                                                                                                                                                                                                                                                                                                                     
          36 /ASIM-1885-8"-S8810103-91261M7-HC-01                                                                                                                                                                                                                                                                                                                                                                                                                                                                                
             -1           -1
              0            0            0            0            0            0
              0            0            0            0            0           99
              0            0            0
        1630.00      1640.00     0.000000     0.000000      5401.00      219.100
        8.18000     0.000000      1.50000     0.000000     0.000000     0.000000
       0.000000     0.000000     0.000000     0.000000     0.000000     0.000000
       0.000000     0.000000     0.000000     0.000000     0.000000     0.000000
       0.000000     0.000000     0.000000     0.000000     0.000000     0.000000
   2.100000E-04     0.000000     0.000000     0.000000     0.000000     0.000000
       0.000000     0.000000     0.000000     0.000000     0.000000     0.000000
       0.000000     0.000000     0.000000     0.000000     0.000000     0.000000
       0.000000     0.000000     0.000000     0.000000     0.000000
           0                                                                                                                                                                                                                                                                                                                                                                                                                                                                                                                     
          36 /ASIM-1885-8"-S8810103-91261M7-HC-01                                                                                                                                                                                                                                                                                                                                                                                                                                                                                
             -1           -1
              0            0            0            0            0            0
              0            0            0            0            0          100
              0            0            0
        1640.00      1650.00     0.000000     0.000000     -4856.00      219.100
        8.18000      100.000      1.50000     0.000000     0.000000     0.000000
       0.000000     0.000000     0.000000     0.000000     0.000000     0.000000
       0.000000     0.000000     0.000000     0.000000     0.000000     0.000000
       0.000000     0.000000     0.000000     0.000000     0.000000     0.000000
   2.100000E-04     0.000000     0.000000     0.000000     0.000000     0.000000
       0.000000     0.000000     0.000000     0.000000     0.000000     0.000000
       0.000000     0.000000     0.000000     0.000000     0.000000     0.000000
       0.000000     0.000000     0.000000     0.000000     0.000000
           0                                                                                                                                                                                                                                                                                                                                                                                                                                                                                                                     
          36 /ASIM-1885-8"-S8810103-91261M7-HC-01                                                                                                                                                                                                                                                                                                                                                                                                                                                                                
             -1           -1
              0            0            0           35            0            0
              0            0            0            0            0          101
              0            0            0
        1650.00      1660.00     0.000000     0.000000      3160.93      219.100
        8.18000      100.000      1.50000     0.000000     0.000000     0.000000
       0.000000     0.000000     0.000000     0.000000     0.000000     0.000000
       0.000000     0.000000     0.000000     0.000000     0.000000     0.000000
       0.000000     0.000000     0.000000     0.000000     0.000000     0.000000
   2.100000E-04     0.000000     0.000000     0.000000     0.000000     0.000000
       0.000000     0.000000     0.000000     0.000000     0.000000     0.000000
       0.000000     0.000000     0.000000     0.000000     0.000000     0.000000
       0.000000     0.000000     0.000000     0.000000     0.000000
           0                                                                                                                                                                                                                                                                                                                                                                                                                                                                                                                     
          36 /ASIM-1885-8"-S8810103-91261M7-HC-01                                                                                                                                                                                                                                                                                                                                                                                                                                                                                
             -1           -1
              0            0            0           36            0            0
              0            0            0            0            0          102
              0            0            0
        1660.00      1670.00     0.000000     0.000000      1695.07      219.100
        8.18000      100.000      1.50000     0.000000     0.000000     0.000000
       0.000000     0.000000     0.000000     0.000000     0.000000     0.000000
       0.000000     0.000000     0.000000     0.000000     0.000000     0.000000
       0.000000     0.000000     0.000000     0.000000     0.000000     0.000000
   2.100000E-04     0.000000     0.000000     0.000000     0.000000     0.000000
       0.000000     0.000000     0.000000     0.000000     0.000000     0.000000
       0.000000     0.000000     0.000000     0.000000     0.000000     0.000000
       0.000000     0.000000     0.000000     0.000000     0.000000
           0                                                                                                                                                                                                                                                                                                                                                                                                                                                                                                                     
          36 /ASIM-1885-8"-S8810103-91261M7-HC-01                                                                                                                                                                                                                                                                                                                                                                                                                                                                                
             -1           -1
              0           20            0            0            0            0
              0            0            0            0            0          103
              0            0            0
        1670.00      1680.00     0.000000     0.000000      169.000      219.100
        8.18000      100.000      1.50000     0.000000     0.000000     0.000000
       0.000000     0.000000     0.000000     0.000000     0.000000     0.000000
       0.000000     0.000000     0.000000     0.000000     0.000000     0.000000
       0.000000     0.000000     0.000000     0.000000     0.000000     0.000000
   2.100000E-04     0.000000     0.000000     0.000000     0.000000     0.000000
       0.000000     0.000000     0.000000     0.000000     0.000000     0.000000
       0.000000     0.000000     0.000000     0.000000     0.000000     0.000000
       0.000000     0.000000     0.000000     0.000000     0.000000
           0                                                                                                                                                                                                                                                                                                                                                                                                                                                                                                                     
          36 /ASIM-1885-8"-S8810103-91261M7-HC-01                                                                                                                                                                                                                                                                                                                                                                                                                                                                                
             -1           -1
              0           21            0           37            0            0
              0            0            0            0            0          104
              0            0            0
        1690.00      1710.00     0.000000     0.000000     -194.200      273.000
        9.27000     0.000000      1.50000     0.000000     0.000000     0.000000
       0.000000     0.000000     0.000000     0.000000     0.000000     0.000000
       0.000000     0.000000     0.000000     0.000000     0.000000     0.000000
       0.000000     0.000000     0.000000     0.000000     0.000000     0.000000
   2.100000E-04     0.000000     0.000000     0.000000     0.000000     0.000000
       0.000000     0.000000     0.000000     0.000000     0.000000     0.000000
       0.000000     0.000000     0.000000     0.000000     0.000000     0.000000
       0.000000     0.000000     0.000000     0.000000     0.000000
           0                                                                                                                                                                                                                                                                                                                                                                                                                                                                                                                     
          37 /ASIM-1885-10"-S8810101-91261M7-HC-01                                                                                                                                                                                                                                                                                                                                                                                                                                                                               
             -1           -1
              0            0            0           38            0            0
              0            0            0            0            0          105
              0            0            0
        1710.00      1720.00     0.000000     0.000000     -5303.00      273.000
        9.27000     0.000000      1.50000     0.000000     0.000000     0.000000
       0.000000     0.000000     0.000000     0.000000     0.000000     0.000000
       0.000000     0.000000     0.000000     0.000000     0.000000     0.000000
       0.000000     0.000000     0.000000     0.000000     0.000000     0.000000
   2.100000E-04     0.000000     0.000000     0.000000     0.000000     0.000000
       0.000000     0.000000     0.000000     0.000000     0.000000     0.000000
       0.000000     0.000000     0.000000     0.000000     0.000000     0.000000
       0.000000     0.000000     0.000000     0.000000     0.000000
           0                                                                                                                                                                                                                                                                                                                                                                                                                                                                                                                     
          37 /ASIM-1885-10"-S8810101-91261M7-HC-01                                                                                                                                                                                                                                                                                                                                                                                                                                                                               
             -1           -1
              0            0            0            0            0            0
              0            0            0            0            0          106
              0            0            0
        1720.00      1730.00     0.000000     0.000000      3404.00      273.000
        9.27000      120.000      1.50000     0.000000     0.000000     0.000000
       0.000000     0.000000     0.000000     0.000000     0.000000     0.000000
       0.000000     0.000000     0.000000     0.000000     0.000000     0.000000
       0.000000     0.000000     0.000000     0.000000     0.000000     0.000000
   2.100000E-04     0.000000     0.000000     0.000000     0.000000     0.000000
       0.000000     0.000000     0.000000     0.000000     0.000000     0.000000
       0.000000     0.000000     0.000000     0.000000     0.000000     0.000000
       0.000000     0.000000     0.000000     0.000000     0.000000
           0                                                                                                                                                                                                                                                                                                                                                                                                                                                                                                                     
          37 /ASIM-1885-10"-S8810101-91261M7-HC-01                                                                                                                                                                                                                                                                                                                                                                                                                                                                               
             -1           -1
              0            0            0           39            0            0
              0            0            0            0            0          107
              0            0            0
        1730.00      1740.00     0.000000     0.000000     -2625.00      273.000
        9.27000      120.000      1.50000     0.000000     0.000000     0.000000
       0.000000     0.000000     0.000000     0.000000     0.000000     0.000000
       0.000000     0.000000     0.000000     0.000000     0.000000     0.000000
       0.000000     0.000000     0.000000     0.000000     0.000000     0.000000
   2.100000E-04     0.000000     0.000000     0.000000     0.000000     0.000000
       0.000000     0.000000     0.000000     0.000000     0.000000     0.000000
       0.000000     0.000000     0.000000     0.000000     0.000000     0.000000
       0.000000     0.000000     0.000000     0.000000     0.000000
           0                                                                                                                                                                                                                                                                                                                                                                                                                                                                                                                     
          37 /ASIM-1885-10"-S8810101-91261M7-HC-01                                                                                                                                                                                                                                                                                                                                                                                                                                                                               
             -1           -1
              0            0            0           40            0            0
              0            0            0            0            0          108
              0            0            0
        1740.00      1750.00     0.000000     0.000000     -779.000      273.000
        9.27000      120.000      1.50000     0.000000     0.000000     0.000000
       0.000000     0.000000     0.000000     0.000000     0.000000     0.000000
       0.000000     0.000000     0.000000     0.000000     0.000000     0.000000
       0.000000     0.000000     0.000000     0.000000     0.000000     0.000000
   2.100000E-04     0.000000     0.000000     0.000000     0.000000     0.000000
       0.000000     0.000000     0.000000     0.000000     0.000000     0.000000
       0.000000     0.000000     0.000000     0.000000     0.000000     0.000000
       0.000000     0.000000     0.000000     0.000000     0.000000
           0                                                                                                                                                                                                                                                                                                                                                                                                                                                                                                                     
          37 /ASIM-1885-10"-S8810101-91261M7-HC-01                                                                                                                                                                                                                                                                                                                                                                                                                                                                               
             -1           -1
             14            0            0            0            0            0
              0            0            0            0            0          109
              0            0            0
        1750.00      1770.00     0.000000     -381.000     -381.000      273.000
        9.27000     0.000000      1.50000     0.000000     0.000000     0.000000
       0.000000     0.000000     0.000000     0.000000     0.000000     0.000000
       0.000000     0.000000     0.000000     0.000000     0.000000     0.000000
       0.000000     0.000000     0.000000     0.000000     0.000000     0.000000
   2.100000E-04     0.000000     0.000000     0.000000     0.000000     0.000000
       0.000000     0.000000     0.000000     0.000000     0.000000     0.000000
       0.000000     0.000000     0.000000     0.000000     0.000000     0.000000
       0.000000     0.000000     0.000000     0.000000     0.000000
           0                                                                                                                                                                                                                                                                                                                                                                                                                                                                                                                     
          37 /ASIM-1885-10"-S8810101-91261M7-HC-01                                                                                                                                                                                                                                                                                                                                                                                                                                                                               
             -1           -1
              0            0            0            0            0            0
              0            0            0            0            0          110
              0            0            0
        1770.00      1790.00     0.000000     -1053.00     0.000000      273.000
        9.27000      120.000      1.50000     0.000000     0.000000     0.000000
       0.000000     0.000000     0.000000     0.000000     0.000000     0.000000
       0.000000     0.000000     0.000000     0.000000     0.000000     0.000000
       0.000000     0.000000     0.000000     0.000000     0.000000     0.000000
   2.100000E-04     0.000000     0.000000     0.000000     0.000000     0.000000
       0.000000     0.000000     0.000000     0.000000     0.000000     0.000000
       0.000000     0.000000     0.000000     0.000000     0.000000     0.000000
       0.000000     0.000000     0.000000     0.000000     0.000000
           0                                                                                                                                                                                                                                                                                                                                                                                                                                                                                                                     
          37 /ASIM-1885-10"-S8810101-91261M7-HC-01                                                                                                                                                                                                                                                                                                                                                                                                                                                                               
             -1           -1
              0            0            0            0            0            0
              0            0            0            0            9          111
              0            0            0
        1790.00      1830.00     0.000000     -150.000     0.000000      273.000
        15.0900      120.000      1.50000     0.000000     0.000000     0.000000
       0.000000     0.000000     0.000000     0.000000     0.000000     0.000000
       0.000000     0.000000     0.000000     0.000000     0.000000     0.000000
       0.000000     0.000000     0.000000     0.000000     0.000000     0.000000
   2.100000E-04     0.000000     0.000000     0.000000     0.000000     0.000000
       0.000000     0.000000     0.000000     0.000000     0.000000     0.000000
       0.000000     0.000000     0.000000     0.000000     0.000000     0.000000
       0.000000     0.000000     0.000000     0.000000     0.000000
           0                                                                                                                                                                                                                                                                                                                                                                                                                                                                                                                     
          37 /ASIM-1885-10"-S8810101-91261M7-HC-01                                                                                                                                                                                                                                                                                                                                                                                                                                                                               
             -1           -1
              0            0            0            0            0            0
              0            0            0            0           10          112
              0            0            0
        1830.00      1860.00     0.000000     -200.000     0.000000      273.000
        15.0900     0.000000      1.50000     0.000000     0.000000     0.000000
       0.000000     0.000000     0.000000     0.000000     0.000000     0.000000
       0.000000     0.000000     0.000000     0.000000     0.000000     0.000000
       0.000000     0.000000     0.000000     0.000000     0.000000     0.000000
   2.100000E-04     0.000000     0.000000     0.000000     0.000000     0.000000
       0.000000     0.000000     0.000000     0.000000     0.000000     0.000000
       0.000000     0.000000     0.000000     0.000000     0.000000     0.000000
       0.000000     0.000000     0.000000     0.000000     0.000000
           0                                                                                                                                                                                                                                                                                                                                                                                                                                                                                                                     
          37 /ASIM-1885-10"-S8810101-91261M7-HC-01                                                                                                                                                                                                                                                                                                                                                                                                                                                                               
             -1           -1
              0            0            0            0            0            0
              0            0            0            0            0          113
              0            0            0
        1860.00      1870.00     -174.600      200.000     0.000000      273.000
        9.27000      70.0000      1.50000     0.000000     0.000000     0.000000
       0.000000     0.000000     0.000000     0.000000     0.000000     0.000000
       0.000000     0.000000     0.000000     0.000000     0.000000     0.000000
       0.000000     0.000000     0.000000     0.000000     0.000000     0.000000
   2.100000E-04     0.000000     0.000000     0.000000     0.000000     0.000000
       0.000000     0.000000     0.000000     0.000000     0.000000     0.000000
       0.000000     0.000000     0.000000     0.000000     0.000000     0.000000
       0.000000     0.000000     0.000000     0.000000     0.000000
           0                                                                                                                                                                                                                                                                                                                                                                                                                                                                                                                     
          37 /ASIM-1885-10"-S8810101-91261M7-HC-01                                                                                                                                                                                                                                                                                                                                                                                                                                                                               
             -1           -1
              0           22            0            0            0            0
              0            0            0            0            0          114
              0            0            0
        1870.00      1880.00     -109.000     0.000000     0.000000      60.3000
        5.54000      70.0000      1.50000     0.000000     0.000000     0.000000
       0.000000     0.000000     0.000000     0.000000     0.000000     0.000000
       0.000000     0.000000     0.000000     0.000000     0.000000     0.000000
       0.000000     0.000000     0.000000     0.000000     0.000000     0.000000
   2.100000E-04     0.000000     0.000000     0.000000     0.000000     0.000000
       0.000000     0.000000     0.000000     0.000000     0.000000     0.000000
       0.000000     0.000000     0.000000     0.000000     0.000000     0.000000
       0.000000     0.000000     0.000000     0.000000     0.000000
           0                                                                                                                                                                                                                                                                                                                                                                                                                                                                                                                     
          37 /ASIM-1885-10"-S8810101-91261M7-HC-01                                                                                                                                                                                                                                                                                                                                                                                                                                                                               
             -1           -1
              0           23            0            0            0            0
              0            0            0            0            0          115
              0            0            0
        1880.00      1910.00     -23.2000     0.000000     0.000000      60.3000
        3.91000      70.0000      1.50000     0.000000     0.000000     0.000000
       0.000000     0.000000     0.000000     0.000000     0.000000     0.000000
       0.000000     0.000000     0.000000     0.000000     0.000000     0.000000
       0.000000     0.000000     0.000000     0.000000     0.000000     0.000000
   2.100000E-04     0.000000     0.000000     0.000000     0.000000     0.000000
       0.000000     0.000000     0.000000     0.000000     0.000000     0.000000
       0.000000     0.000000     0.000000     0.000000     0.000000     0.000000
       0.000000     0.000000     0.000000     0.000000     0.000000
           0                                                                                                                                                                                                                                                                                                                                                                                                                                                                                                                     
          37 /ASIM-1885-10"-S8810101-91261M7-HC-01                                                                                                                                                                                                                                                                                                                                                                                                                                                                               
             -1           -1
              0           24            0            0            0            0
              0            0            0            0            0          116
              0            0            0
        1910.00      1930.00     -60.2000     0.000000     0.000000      60.3000
        3.91000      70.0000      1.50000     0.000000     0.000000     0.000000
       0.000000     0.000000     0.000000     0.000000     0.000000     0.000000
       0.000000     0.000000     0.000000     0.000000     0.000000     0.000000
       0.000000     0.000000     0.000000     0.000000     0.000000     0.000000
   2.100000E-04     0.000000     0.000000     0.000000     0.000000     0.000000
       0.000000     0.000000     0.000000     0.000000     0.000000     0.000000
       0.000000     0.000000     0.000000     0.000000     0.000000     0.000000
       0.000000     0.000000     0.000000     0.000000     0.000000
           0                                                                                                                                                                                                                                                                                                                                                                                                                                                                                                                     
          37 /ASIM-1885-10"-S8810101-91261M7-HC-01                                                                                                                                                                                                                                                                                                                                                                                                                                                                               
             -1           -1
              0           25            0            0            0            0
              0            0            0            0            0          117
              0            0            0
        1930.00      1940.00      592.530      150.000     0.000000      60.3000
        3.91000     0.000000      1.50000     0.000000     0.000000     0.000000
       0.000000     0.000000     0.000000     0.000000     0.000000     0.000000
       0.000000     0.000000     0.000000     0.000000     0.000000     0.000000
       0.000000     0.000000     0.000000     0.000000     0.000000     0.000000
   2.100000E-04     0.000000     0.000000     0.000000     0.000000     0.000000
       0.000000     0.000000     0.000000     0.000000     0.000000     0.000000
       0.000000     0.000000     0.000000     0.000000     0.000000     0.000000
       0.000000     0.000000     0.000000     0.000000     0.000000
           0                                                                                                                                                                                                                                                                                                                                                                                                                                                                                                                     
          37 /ASIM-1885-10"-S8810101-91261M7-HC-01                                                                                                                                                                                                                                                                                                                                                                                                                                                                               
             -1           -1
              0            0            0            0            0            0
              0            0            0            0            0          118
              0            0            0
        1940.00      1950.00      141.751-3.000000E-03 3.100000E-02      26.7000
        2.87000     0.000000      1.50000     0.000000     0.000000     0.000000
       0.000000     0.000000     0.000000     0.000000     0.000000     0.000000
       0.000000     0.000000     0.000000     0.000000     0.000000     0.000000
       0.000000     0.000000     0.000000     0.000000     0.000000     0.000000
   2.100000E-04     0.000000     0.000000     0.000000     0.000000     0.000000
       0.000000     0.000000     0.000000     0.000000     0.000000     0.000000
       0.000000     0.000000     0.000000     0.000000     0.000000     0.000000
       0.000000     0.000000     0.000000     0.000000     0.000000
           0                                                                                                                                                                                                                                                                                                                                                                                                                                                                                                                     
          37 /ASIM-1885-10"-S8810101-91261M7-HC-01                                                                                                                                                                                                                                                                                                                                                                                                                                                                               
             -1           -1
              0            0            0            0            0            0
              0            0            0            0            0          119
              0            0            0
        1950.00      1960.00     -141.751 3.000000E-03-3.100000E-02      26.7000
        2.87000     0.000000      1.50000     0.000000     0.000000     0.000000
       0.000000     0.000000     0.000000     0.000000     0.000000     0.000000
       0.000000     0.000000     0.000000     0.000000     0.000000     0.000000
       0.000000     0.000000     0.000000     0.000000     0.000000     0.000000
   2.100000E-04     0.000000     0.000000     0.000000     0.000000     0.000000
       0.000000     0.000000     0.000000     0.000000     0.000000     0.000000
       0.000000     0.000000     0.000000     0.000000     0.000000     0.000000
       0.000000     0.000000     0.000000     0.000000     0.000000
           0                                                                                                                                                                                                                                                                                                                                                                                                                                                                                                                     
          37 /ASIM-1885-10"-S8810101-91261M7-HC-01                                                                                                                                                                                                                                                                                                                                                                                                                                                                               
             -1           -1
              0            0            0           41            0            0
              0            0            0            0            0          120
              0            0            0
        1960.00      1970.00      141.751-3.000000E-03 3.100000E-02      26.7000
        2.87000     0.000000      1.50000     0.000000     0.000000     0.000000
       0.000000     0.000000     0.000000     0.000000     0.000000     0.000000
       0.000000     0.000000     0.000000     0.000000     0.000000     0.000000
       0.000000     0.000000     0.000000     0.000000     0.000000     0.000000
   2.100000E-04     0.000000     0.000000     0.000000     0.000000     0.000000
       0.000000     0.000000     0.000000     0.000000     0.000000     0.000000
       0.000000     0.000000     0.000000     0.000000     0.000000     0.000000
       0.000000     0.000000     0.000000     0.000000     0.000000
           0                                                                                                                                                                                                                                                                                                                                                                                                                                                                                                                     
          37 /ASIM-1885-10"-S8810101-91261M7-HC-01                                                                                                                                                                                                                                                                                                                                                                                                                                                                               
             -1           -1
              0           26            0            0            0            0
              0            0            0            0            0          121
              0            0            0
        1970.00      1980.00      77.0000     0.000000     0.000000      26.7000
        3.91000     0.000000      1.50000     0.000000     0.000000     0.000000
       0.000000     0.000000     0.000000     0.000000     0.000000     0.000000
       0.000000     0.000000     0.000000     0.000000     0.000000     0.000000
       0.000000     0.000000     0.000000     0.000000     0.000000     0.000000
   2.100000E-04     0.000000     0.000000     0.000000     0.000000     0.000000
       0.000000     0.000000     0.000000     0.000000     0.000000     0.000000
       0.000000     0.000000     0.000000     0.000000     0.000000     0.000000
       0.000000     0.000000     0.000000     0.000000     0.000000
           0                                                                                                                                                                                                                                                                                                                                                                                                                                                                                                                     
          37 /ASIM-1885-10"-S8810101-91261M7-HC-01                                                                                                                                                                                                                                                                                                                                                                                                                                                                               
             -1           -1
              0           27            0            0            0            0
              0            0            0            0            0          122
              0            0            0
        1980.00      2000.00      232.200     0.000000     0.000000      26.7000
        2.87000     0.000000      1.50000     0.000000     0.000000     0.000000
       0.000000     0.000000     0.000000     0.000000     0.000000     0.000000
       0.000000     0.000000     0.000000     0.000000     0.000000     0.000000
       0.000000     0.000000     0.000000     0.000000     0.000000     0.000000
   2.100000E-04     0.000000     0.000000     0.000000     0.000000     0.000000
       0.000000     0.000000     0.000000     0.000000     0.000000     0.000000
       0.000000     0.000000     0.000000     0.000000     0.000000     0.000000
       0.000000     0.000000     0.000000     0.000000     0.000000
           0                                                                                                                                                                                                                                                                                                                                                                                                                                                                                                                     
          37 /ASIM-1885-10"-S8810101-91261M7-HC-01                                                                                                                                                                                                                                                                                                                                                                                                                                                                               
             -1           -1
              0           28            0            0            0            0
              0            0            0            0            0          123
              0            0            0
        2000.00      2020.00      80.2000     0.000000     0.000000      26.7000
        2.87000     0.000000      1.50000     0.000000     0.000000     0.000000
       0.000000     0.000000     0.000000     0.000000     0.000000     0.000000
       0.000000     0.000000     0.000000     0.000000     0.000000     0.000000
       0.000000     0.000000     0.000000     0.000000     0.000000     0.000000
   2.100000E-04     0.000000     0.000000     0.000000     0.000000     0.000000
       0.000000     0.000000     0.000000     0.000000     0.000000     0.000000
       0.000000     0.000000     0.000000     0.000000     0.000000     0.000000
       0.000000     0.000000     0.000000     0.000000     0.000000
           0                                                                                                                                                                                                                                                                                                                                                                                                                                                                                                                     
          37 /ASIM-1885-10"-S8810101-91261M7-HC-01                                                                                                                                                                                                                                                                                                                                                                                                                                                                               
             -1           -1
              0            0            0            0            0            0
              0            0            0            0            0          124
              0            0            0
        2020.00      2030.00      75.0000     0.000000     0.000000      26.7000
        2.87000     0.000000      1.50000     0.000000     0.000000     0.000000
       0.000000     0.000000     0.000000     0.000000     0.000000     0.000000
       0.000000     0.000000     0.000000     0.000000     0.000000     0.000000
       0.000000     0.000000     0.000000     0.000000     0.000000     0.000000
   2.100000E-04     0.000000     0.000000     0.000000     0.000000     0.000000
       0.000000     0.000000     0.000000     0.000000     0.000000     0.000000
       0.000000     0.000000     0.000000     0.000000     0.000000     0.000000
       0.000000     0.000000     0.000000     0.000000     0.000000
           0                                                                                                                                                                                                                                                                                                                                                                                                                                                                                                                     
          37 /ASIM-1885-10"-S8810101-91261M7-HC-01                                                                                                                                                                                                                                                                                                                                                                                                                                                                               
             -1           -1
              0            0            0            0            0            0
              0            0            0            0            0          125
              0            0            0
        2030.00      2050.00      29.0000      29.0000     0.000000      26.7000
        2.87000     0.000000      1.50000     0.000000     0.000000     0.000000
       0.000000     0.000000     0.000000     0.000000     0.000000     0.000000
       0.000000     0.000000     0.000000     0.000000     0.000000     0.000000
       0.000000     0.000000     0.000000     0.000000     0.000000     0.000000
   2.100000E-04     0.000000     0.000000     0.000000     0.000000     0.000000
       0.000000     0.000000     0.000000     0.000000     0.000000     0.000000
       0.000000     0.000000     0.000000     0.000000     0.000000     0.000000
       0.000000     0.000000     0.000000     0.000000     0.000000
           0                                                                                                                                                                                                                                                                                                                                                                                                                                                                                                                     
          37 /ASIM-1885-10"-S8810101-91261M7-HC-01                                                                                                                                                                                                                                                                                                                                                                                                                                                                               
             -1           -1
              0            0            0            0            0            0
              0            0            0            0           11          126
              0            0            0
        2050.00      2080.00     0.000000      75.0000     0.000000      26.7000
        3.91000     0.000000      1.50000     0.000000     0.000000     0.000000
       0.000000     0.000000     0.000000     0.000000     0.000000     0.000000
       0.000000     0.000000     0.000000     0.000000     0.000000     0.000000
       0.000000     0.000000     0.000000     0.000000     0.000000     0.000000
   2.100000E-04     0.000000     0.000000     0.000000     0.000000     0.000000
       0.000000     0.000000     0.000000     0.000000     0.000000     0.000000
       0.000000     0.000000     0.000000     0.000000     0.000000     0.000000
       0.000000     0.000000     0.000000     0.000000     0.000000
           0                                                                                                                                                                                                                                                                                                                                                                                                                                                                                                                     
          37 /ASIM-1885-10"-S8810101-91261M7-HC-01                                                                                                                                                                                                                                                                                                                                                                                                                                                                               
             -1           -1
              0           29            0            0            0            0
              0            0            0            0            0          127
              0            0            0
        2080.00      2090.00     0.000000      77.0000     0.000000      26.7000
        3.91000     0.000000      1.50000     0.000000     0.000000     0.000000
       0.000000     0.000000     0.000000     0.000000     0.000000     0.000000
       0.000000     0.000000     0.000000     0.000000     0.000000     0.000000
       0.000000     0.000000     0.000000     0.000000     0.000000     0.000000
   2.100000E-04     0.000000     0.000000     0.000000     0.000000     0.000000
       0.000000     0.000000     0.000000     0.000000     0.000000     0.000000
       0.000000     0.000000     0.000000     0.000000     0.000000     0.000000
       0.000000     0.000000     0.000000     0.000000     0.000000
           0                                                                                                                                                                                                                                                                                                                                                                                                                                                                                                                     
          37 /ASIM-1885-10"-S8810101-91261M7-HC-01                                                                                                                                                                                                                                                                                                                                                                                                                                                                               
             -1           -1
              0           30            0            0            0            0
              0            0            0            0            0          128
              0            0            0
        2090.00      2110.00     0.000000      232.200     0.000000      26.7000
        2.87000     0.000000      1.50000     0.000000     0.000000     0.000000
       0.000000     0.000000     0.000000     0.000000     0.000000     0.000000
       0.000000     0.000000     0.000000     0.000000     0.000000     0.000000
       0.000000     0.000000     0.000000     0.000000     0.000000     0.000000
   2.100000E-04     0.000000     0.000000     0.000000     0.000000     0.000000
       0.000000     0.000000     0.000000     0.000000     0.000000     0.000000
       0.000000     0.000000     0.000000     0.000000     0.000000     0.000000
       0.000000     0.000000     0.000000     0.000000     0.000000
           0                                                                                                                                                                                                                                                                                                                                                                                                                                                                                                                     
          37 /ASIM-1885-10"-S8810101-91261M7-HC-01                                                                                                                                                                                                                                                                                                                                                                                                                                                                               
             -1           -1
              0           31            0            0            0            0
              0            0            0            0            0          129
              0            0            0
        2110.00      2130.00      29.0000     -413.200     0.000000      26.7000
        2.87000     0.000000      1.50000     0.000000     0.000000     0.000000
       0.000000     0.000000     0.000000     0.000000     0.000000     0.000000
       0.000000     0.000000     0.000000     0.000000     0.000000     0.000000
       0.000000     0.000000     0.000000     0.000000     0.000000     0.000000
   2.100000E-04     0.000000     0.000000     0.000000     0.000000     0.000000
       0.000000     0.000000     0.000000     0.000000     0.000000     0.000000
       0.000000     0.000000     0.000000     0.000000     0.000000     0.000000
       0.000000     0.000000     0.000000     0.000000     0.000000
           0                                                                                                                                                                                                                                                                                                                                                                                                                                                                                                                     
          37 /ASIM-1885-10"-S8810101-91261M7-HC-01                                                                                                                                                                                                                                                                                                                                                                                                                                                                               
             -1           -1
              0            0            0            0            0            0
              0            0            0            0            0          130
              0            0            0
        2130.00      2140.00      250.000     0.000000     0.000000      26.7000
        2.87000     0.000000      1.50000     0.000000     0.000000     0.000000
       0.000000     0.000000     0.000000     0.000000     0.000000     0.000000
       0.000000     0.000000     0.000000     0.000000     0.000000     0.000000
       0.000000     0.000000     0.000000     0.000000     0.000000     0.000000
   2.100000E-04     0.000000     0.000000     0.000000     0.000000     0.000000
       0.000000     0.000000     0.000000     0.000000     0.000000     0.000000
       0.000000     0.000000     0.000000     0.000000     0.000000     0.000000
       0.000000     0.000000     0.000000     0.000000     0.000000
           0                                                                                                                                                                                                                                                                                                                                                                                                                                                                                                                     
          37 /ASIM-1885-10"-S8810101-91261M7-HC-01                                                                                                                                                                                                                                                                                                                                                                                                                                                                               
             -1           -1
              0            0            0            0            0            0
              0            0            0            0            0          131
              0            0            0
        2140.00      2150.00     -150.000     0.000000     0.000000      26.7000
        2.87000     0.000000      1.50000     0.000000     0.000000     0.000000
       0.000000     0.000000     0.000000     0.000000     0.000000     0.000000
       0.000000     0.000000     0.000000     0.000000     0.000000     0.000000
       0.000000     0.000000     0.000000     0.000000     0.000000     0.000000
   2.100000E-04     0.000000     0.000000     0.000000     0.000000     0.000000
       0.000000     0.000000     0.000000     0.000000     0.000000     0.000000
       0.000000     0.000000     0.000000     0.000000     0.000000     0.000000
       0.000000     0.000000     0.000000     0.000000     0.000000
           0                                                                                                                                                                                                                                                                                                                                                                                                                                                                                                                     
          37 /ASIM-1885-10"-S8810101-91261M7-HC-01                                                                                                                                                                                                                                                                                                                                                                                                                                                                               
             -1           -1
              0            0            0           42            0            0
              0            0            0            0            0          132
              0            0            0
        2150.00      2160.00      150.000     0.000000     0.000000      26.7000
        2.87000     0.000000      1.50000     0.000000     0.000000     0.000000
       0.000000     0.000000     0.000000     0.000000     0.000000     0.000000
       0.000000     0.000000     0.000000     0.000000     0.000000     0.000000
       0.000000     0.000000     0.000000     0.000000     0.000000     0.000000
   2.100000E-04     0.000000     0.000000     0.000000     0.000000     0.000000
       0.000000     0.000000     0.000000     0.000000     0.000000     0.000000
       0.000000     0.000000     0.000000     0.000000     0.000000     0.000000
       0.000000     0.000000     0.000000     0.000000     0.000000
           0                                                                                                                                                                                                                                                                                                                                                                                                                                                                                                                     
          37 /ASIM-1885-10"-S8810101-91261M7-HC-01                                                                                                                                                                                                                                                                                                                                                                                                                                                                               
             -1           -1
              0           32            0            0            0            0
              0            0            0            0            0          133
              0            0            0
        2160.00      2170.00      77.0000     0.000000     0.000000      26.7000
        3.91000     0.000000      1.50000     0.000000     0.000000     0.000000
       0.000000     0.000000     0.000000     0.000000     0.000000     0.000000
       0.000000     0.000000     0.000000     0.000000     0.000000     0.000000
       0.000000     0.000000     0.000000     0.000000     0.000000     0.000000
   2.100000E-04     0.000000     0.000000     0.000000     0.000000     0.000000
       0.000000     0.000000     0.000000     0.000000     0.000000     0.000000
       0.000000     0.000000     0.000000     0.000000     0.000000     0.000000
       0.000000     0.000000     0.000000     0.000000     0.000000
           0                                                                                                                                                                                                                                                                                                                                                                                                                                                                                                                     
          37 /ASIM-1885-10"-S8810101-91261M7-HC-01                                                                                                                                                                                                                                                                                                                                                                                                                                                                               
             -1           -1
              0           33            0            0            0            0
              0            0            0            0            0          134
              0            0            0
        2170.00      2190.00      232.200     0.000000     0.000000      26.7000
        2.87000     0.000000      1.50000     0.000000     0.000000     0.000000
       0.000000     0.000000     0.000000     0.000000     0.000000     0.000000
       0.000000     0.000000     0.000000     0.000000     0.000000     0.000000
       0.000000     0.000000     0.000000     0.000000     0.000000     0.000000
   2.100000E-04     0.000000     0.000000     0.000000     0.000000     0.000000
       0.000000     0.000000     0.000000     0.000000     0.000000     0.000000
       0.000000     0.000000     0.000000     0.000000     0.000000     0.000000
       0.000000     0.000000     0.000000     0.000000     0.000000
           0                                                                                                                                                                                                                                                                                                                                                                                                                                                                                                                     
          37 /ASIM-1885-10"-S8810101-91261M7-HC-01                                                                                                                                                                                                                                                                                                                                                                                                                                                                               
             -1           -1
              0           34            0            0            0            0
              0            0            0            0            0          135
              0            0            0
        2190.00      2220.00     -1232.88     -565.997-3.100000E-02      26.7000
        2.87000     0.000000      1.50000     0.000000     0.000000     0.000000
       0.000000     0.000000     0.000000     0.000000     0.000000     0.000000
       0.000000     0.000000     0.000000     0.000000     0.000000     0.000000
       0.000000     0.000000     0.000000     0.000000     0.000000     0.000000
   2.100000E-04     0.000000     0.000000     0.000000     0.000000     0.000000
       0.000000     0.000000     0.000000     0.000000     0.000000     0.000000
       0.000000     0.000000     0.000000     0.000000     0.000000     0.000000
       0.000000     0.000000     0.000000     0.000000     0.000000
           0                                                                                                                                                                                                                                                                                                                                                                                                                                                                                                                     
          37 /ASIM-1885-10"-S8810101-91261M7-HC-01                                                                                                                                                                                                                                                                                                                                                                                                                                                                               
             -1           -1
              0            0            0            0            0            0
              0            0            0            0            0          136
              0            0            0
        2220.00      2230.00      1908.00 5.100000E-02     0.000000      273.000
        9.27000     0.000000      1.50000     0.000000     0.000000     0.000000
       0.000000     0.000000     0.000000     0.000000     0.000000     0.000000
       0.000000     0.000000     0.000000     0.000000     0.000000     0.000000
       0.000000     0.000000     0.000000     0.000000     0.000000     0.000000
   2.100000E-04     0.000000     0.000000     0.000000     0.000000     0.000000
       0.000000     0.000000     0.000000     0.000000     0.000000     0.000000
       0.000000     0.000000     0.000000     0.000000     0.000000     0.000000
       0.000000     0.000000     0.000000     0.000000     0.000000
           0                                                                                                                                                                                                                                                                                                                                                                                                                                                                                                                     
          37 /ASIM-1885-10"-S8810101-91261M7-HC-01                                                                                                                                                                                                                                                                                                                                                                                                                                                                               
             -1           -1
              0            0            0            0            0            0
              0            0            0            0            0          137
              0            0            0
        2230.00      2240.00     -1058.00-5.100000E-02     0.000000      273.000
        9.27000      120.000      1.50000     0.000000     0.000000     0.000000
       0.000000     0.000000     0.000000     0.000000     0.000000     0.000000
       0.000000     0.000000     0.000000     0.000000     0.000000     0.000000
       0.000000     0.000000     0.000000     0.000000     0.000000     0.000000
   2.100000E-04     0.000000     0.000000     0.000000     0.000000     0.000000
       0.000000     0.000000     0.000000     0.000000     0.000000     0.000000
       0.000000     0.000000     0.000000     0.000000     0.000000     0.000000
       0.000000     0.000000     0.000000     0.000000     0.000000
           0                                                                                                                                                                                                                                                                                                                                                                                                                                                                                                                     
          37 /ASIM-1885-10"-S8810101-91261M7-HC-01                                                                                                                                                                                                                                                                                                                                                                                                                                                                               
             -1           -1
              0            0            0           43            0            0
              0            0            0            0            0          138
              0            0            0
        2240.00      1570.00      1236.00     -26.8990     0.000000      273.000
        9.27000      120.000      1.50000     0.000000     0.000000     0.000000
       0.000000     0.000000     0.000000     0.000000     0.000000     0.000000
       0.000000     0.000000     0.000000     0.000000     0.000000     0.000000
       0.000000     0.000000     0.000000     0.000000     0.000000     0.000000
   2.100000E-04     0.000000     0.000000     0.000000     0.000000     0.000000
       0.000000     0.000000     0.000000     0.000000     0.000000     0.000000
       0.000000     0.000000     0.000000     0.000000     0.000000     0.000000
       0.000000     0.000000     0.000000     0.000000     0.000000
           0                                                                                                                                                                                                                                                                                                                                                                                                                                                                                                                     
          37 /ASIM-1885-10"-S8810101-91261M7-HC-01                                                                                                                                                                                                                                                                                                                                                                                                                                                                               
             -1           -1
              0            0            0            0            0            0
              0            0            0            0            0          139
              3            0            0
        1570.00      2280.00     -2518.00      26.8990     0.000000      273.000
        9.27000      120.000      1.50000     0.000000     0.000000     0.000000
       0.000000     0.000000     0.000000     0.000000     0.000000     0.000000
       0.000000     0.000000     0.000000     0.000000     0.000000     0.000000
       0.000000     0.000000     0.000000     0.000000     0.000000     0.000000
   2.100000E-04     0.000000     0.000000     0.000000     0.000000     0.000000
       0.000000     0.000000     0.000000     0.000000     0.000000     0.000000
       0.000000     0.000000     0.000000     0.000000     0.000000     0.000000
       0.000000     0.000000     0.000000     0.000000     0.000000
           0                                                                                                                                                                                                                                                                                                                                                                                                                                                                                                                     
          37 /ASIM-1885-10"-S8810101-91261M7-HC-01                                                                                                                                                                                                                                                                                                                                                                                                                                                                               
             -1           -1
              0            0            0            0            0            0
              0            0            0            0           12          140
              0            0            0
        2280.00      2310.00     -333.740     0.000000     0.000000      273.000
        9.27000      120.000      1.50000     0.000000     0.000000     0.000000
       0.000000     0.000000     0.000000     0.000000     0.000000     0.000000
       0.000000     0.000000     0.000000     0.000000     0.000000     0.000000
       0.000000     0.000000     0.000000     0.000000     0.000000     0.000000
   2.100000E-04     0.000000     0.000000     0.000000     0.000000     0.000000
       0.000000     0.000000     0.000000     0.000000     0.000000     0.000000
       0.000000     0.000000     0.000000     0.000000     0.000000     0.000000
       0.000000     0.000000     0.000000     0.000000     0.000000
           0                                                                                                                                                                                                                                                                                                                                                                                                                                                                                                                     
          37 /ASIM-1885-10"-S8810101-91261M7-HC-01                                                                                                                                                                                                                                                                                                                                                                                                                                                                               
             -1           -1
              0            0            0            0            0            0
              0            0            0            0           13          141
              0            0            0
        2310.00      2340.00     -1442.19     0.000000     0.000000      273.000
        15.0900     0.000000      1.50000     0.000000     0.000000     0.000000
       0.000000     0.000000     0.000000     0.000000     0.000000     0.000000
       0.000000     0.000000     0.000000     0.000000     0.000000     0.000000
       0.000000     0.000000     0.000000     0.000000     0.000000     0.000000
   2.100000E-04     0.000000     0.000000     0.000000     0.000000     0.000000
       0.000000     0.000000     0.000000     0.000000     0.000000     0.000000
       0.000000     0.000000     0.000000     0.000000     0.000000     0.000000
       0.000000     0.000000     0.000000     0.000000     0.000000
           0                                                                                                                                                                                                                                                                                                                                                                                                                                                                                                                     
          37 /ASIM-1885-10"-S8810101-91261M7-HC-01                                                                                                                                                                                                                                                                                                                                                                                                                                                                               
             -1           -1
              0            0            0            0            0            0
              0            0            0            0            0          142
              0            0            0
        2340.00      2350.00      456.281     0.000000     0.000000      273.000
        9.27000      120.000      1.50000     0.000000     0.000000     0.000000
       0.000000     0.000000     0.000000     0.000000     0.000000     0.000000
       0.000000     0.000000     0.000000     0.000000     0.000000     0.000000
       0.000000     0.000000     0.000000     0.000000     0.000000     0.000000
   2.100000E-04     0.000000     0.000000     0.000000     0.000000     0.000000
       0.000000     0.000000     0.000000     0.000000     0.000000     0.000000
       0.000000     0.000000     0.000000     0.000000     0.000000     0.000000
       0.000000     0.000000     0.000000     0.000000     0.000000
           0                                                                                                                                                                                                                                                                                                                                                                                                                                                                                                                     
          37 /ASIM-1885-10"-S8810101-91261M7-HC-01                                                                                                                                                                                                                                                                                                                                                                                                                                                                               
             -1           -1
              0            0            0           44            0            0
              0            0            0            0            0          143
              0            0            0
        2350.00      2370.00     -634.281     -52.3500     0.000000      273.000
        9.27000      120.000      1.50000     0.000000     0.000000     0.000000
       0.000000     0.000000     0.000000     0.000000     0.000000     0.000000
       0.000000     0.000000     0.000000     0.000000     0.000000     0.000000
       0.000000     0.000000     0.000000     0.000000     0.000000     0.000000
   2.100000E-04     0.000000     0.000000     0.000000     0.000000     0.000000
       0.000000     0.000000     0.000000     0.000000     0.000000     0.000000
       0.000000     0.000000     0.000000     0.000000     0.000000     0.000000
       0.000000     0.000000     0.000000     0.000000     0.000000
           0                                                                                                                                                                                                                                                                                                                                                                                                                                                                                                                     
          37 /ASIM-1885-10"-S8810101-91261M7-HC-01                                                                                                                                                                                                                                                                                                                                                                                                                                                                               
             -1           -1
              0            0            0           45            0            0
              0            0            0            0            0          144
              4            0            0
#$ AUX_DATA
#$ NODENAME
                            PIPE AUTO /ASIM-1885-6"-S
  PIPE AUTO /ASIM-1885-6"-S OLET =1006649732/51229   
  OLET =1006649732/51229    OLET =1006649732/51233   
  OLET =1006649732/51233    FLAN =1006649732/51234   
  FLAN =1006649732/51234    GASK =1006649732/51235   
  GASK =1006649732/51235    GASK =1006649732/51237   
  GASK =1006649732/51237    PIPE AUTO /ASIM-1885-6"-S
  PIPE AUTO /ASIM-1885-6"-S OLET =1006649732/51239   
  OLET =1006649732/51239                             
                            PS-12246                 
  PS-12246                  OLET =1006649732/51244   
  OLET =1006649732/51244                             
                            PS-12247                 
  PS-12247                  FLAN =1006649732/51248   
  FLAN =1006649732/51248    GASK =1006649732/51249   
  GASK =1006649732/51249                             
                            INST /88-UZV-11951       
  INST /88-UZV-11951        =1006649732/51254        
  =1006649732/51254         PIPE AUTO /ASIM-1885-6"-S
  PIPE AUTO /ASIM-1885-6"-S                          
                            PS-12248                 
  PS-12248                  FLAN =1006649732/51263   
  FLAN =1006649732/51263    GASK =1006649732/51264   
  GASK =1006649732/51264    GASK =1006649732/51266   
  GASK =1006649732/51266    PIPE AUTO /ASIM-1885-6"-S
  PIPE AUTO /ASIM-1885-6"-S                          
                            PS-12249                 
  PS-12249                  FLAN =1006649732/51272   
  FLAN =1006649732/51272    GASK =1006649732/51273   
  GASK =1006649732/51273                             
                            INST /88-FI-11360        
  INST /88-FI-11360         GASK =1006649732/51276   
  GASK =1006649732/51276    PIPE AUTO /ASIM-1885-6"-S
  PIPE AUTO /ASIM-1885-6"-S                          
                            PS-12250                 
  PS-12250                  FLAN =1006649732/51282   
  FLAN =1006649732/51282    GASK =1006649732/51283   
  GASK =1006649732/51283    GASK =1006649732/51343   
  GASK =1006649732/51343    PIPE AUTO /ASIM-1885-6"-S
  PIPE AUTO /ASIM-1885-6"-S                          
                            PS-12231                 
  PS-12231                  OLET =1006649732/51350   
  OLET =1006649732/51350    OLET =1006649732/51351   
  OLET =1006649732/51351    OLET =1006649732/51352   
  OLET =1006649732/51352                             
                            PS-12311                 
  PS-12311                                           
                            PIPE AUTO /ASIM-1885-6"-S
  PIPE AUTO /ASIM-1885-6"-S                          
                            PS-12321                 
  PS-12321                  PS-12295                 
  PS-12295                                           
                            PIPE AUTO /ASIM-1885-6"-S
  PIPE AUTO /ASIM-1885-6"-S                          
                            PS-12267                 
  PS-12267                  PS-12268                 
  PS-12268                  =1006649732/51378        
  =1006649732/51378         FLAN =1006649732/51379   
  FLAN =1006649732/51379    GASK =1006649732/51380   
  PIPE AUTO /ASIM-1885-6"-S                          
                            PIPE AUTO /ASIM-1885-6"-S
  PIPE AUTO /ASIM-1885-6"-S                          
                            PS-12228                 
  PS-12228                  PS-12034                 
  PS-12034                  =1006657924/39580        
  =1006657924/39580         FLAN =1006657924/39581   
  FLAN =1006657924/39581    GASK =1006657924/39582   
  PIPE AUTO /ASIM-1885-6"-S                          
                            PS-12061                 
  PS-12061                  PS-12240                 
  PS-12240                  PS-12242                 
  PS-12242                  PS-12263                 
  PS-12263                                           
                            PIPE AUTO /ASIM-1885-6"-S
  PIPE AUTO /ASIM-1885-6"-S                          
                            PIPE AUTO /ASIM-1885-6"-S
  PIPE AUTO /ASIM-1885-6"-S                          
                            PIPE AUTO /ASIM-1885-6"-S
  PIPE AUTO /ASIM-1885-6"-S                          
                            PS-12243                 
  PS-12243                  =1006649732/51422        
  =1006649732/51422         PIPE AUTO /ASIM-1885-6"-S
  PIPE AUTO /ASIM-1885-6"-S                          
                            PIPE AUTO /ASIM-1885-6"-S
  PIPE AUTO /ASIM-1885-6"-S                          
                            PS-12156                 
  PS-12156                                           
                            PIPE AUTO /ASIM-1885-6"-S
  PIPE AUTO /ASIM-1885-6"-S                          
                            PIPE AUTO /ASIM-1885-6"-S
  PIPE AUTO /ASIM-1885-6"-S                          
                            PS-12170                 
  PS-12170                  PS-12169                 
  PS-12169                  PS-12165                 
  PS-12165                  PS-12297/SREF            
  PS-12297/SREF                                      
                            PIPE AUTO /ASIM-1885-8"-S
  PIPE AUTO /ASIM-1885-8"-S                          
                            PIPE AUTO /ASIM-1885-8"-S
  PIPE AUTO /ASIM-1885-8"-S                          
                            PS-12228                 
  PS-12228                  PS-12034                 
  PS-12034                  FLAN =1006649732/51439   
  FLAN =1006649732/51439    GASK =1006649732/51440   
  GASK =1006649732/51443    PIPE AUTO /ASIM-1885-10"-
  PIPE AUTO /ASIM-1885-10"-                          
                            PS-12060                 
  PS-12060                  PS-12059                 
  PS-12059                                           
                            PIPE AUTO /ASIM-1885-10"-
  PIPE AUTO /ASIM-1885-10"- OLET =1006649732/51455   
  OLET =1006649732/51455    OLET =1006649732/51456   
  OLET =1006649732/51456                             
                            FLAN =1006649732/51458   
  FLAN =1006649732/51458    GASK =1006649732/51459   
  GASK =1006649732/51459    GASK =1006649732/51461   
  GASK =1006649732/51461    INST /88-TG-10052        
  INST /88-TG-10052         PIPE AUTO /ASIM-1885-10"-
  PIPE AUTO /ASIM-1885-10"-                          
                            =1006649732/51465        
  =1006649732/51465         FLAN =1006649732/51466   
  FLAN =1006649732/51466    GASK =1006649732/51467   
  GASK =1006649732/51467    GASK =1006649732/51469   
  GASK =1006649732/51469    PIPE AUTO /ASIM-1885-10"-
  PIPE AUTO /ASIM-1885-10"-                          
                            PIPE AUTO /ASIM-1885-10"-
  PIPE AUTO /ASIM-1885-10"- FLAN =1006649732/51472   
  FLAN =1006649732/51472    GASK =1006649732/51473   
  GASK =1006649732/51473    GASK =1006649732/51475   
  GASK =1006649732/51475    PIPE AUTO /ASIM-1885-10"-
  PIPE AUTO /ASIM-1885-10"-                          
                            =1006649732/51478        
  =1006649732/51478         FLAN =1006649732/51479   
  FLAN =1006649732/51479    GASK =1006649732/51480   
  GASK =1006649732/51480    GASK =1006649732/51482   
  GASK =1006649732/51482    PIPE AUTO /ASIM-1885-10"-
  PIPE AUTO /ASIM-1885-10"-                          
                            PS-12171                 
  PS-12171                                           
                            PIPE AUTO /ASIM-1885-10"-
  PIPE AUTO /ASIM-1885-10"- OLET =1006649732/51495   
  OLET =1006649732/51495                             
                            PS-12166                 
  PS-12166                                           
#$ BEND
        229.000     0.000000     -2.02020      9.00000     0.000000     0.000000
       0.000000     0.000000     0.000000     0.000000     0.000000     0.000000
       0.000000     0.000000
        229.000     0.000000     -2.02020      879.000     0.000000     0.000000
       0.000000     0.000000     0.000000     0.000000     0.000000     0.000000
       0.000000     0.000000
        229.000     0.000000     -2.02020      939.000     0.000000     0.000000
       0.000000     0.000000     0.000000     0.000000     0.000000     0.000000
       0.000000     0.000000
        229.000     0.000000     -2.02020      1049.00     0.000000     0.000000
       0.000000     0.000000     0.000000     0.000000     0.000000     0.000000
       0.000000     0.000000
        229.000     0.000000     -2.02020      1199.00     0.000000     0.000000
       0.000000     0.000000     0.000000     0.000000     0.000000     0.000000
       0.000000     0.000000
        229.000     0.000000     -2.02020      1239.00     0.000000     0.000000
       0.000000     0.000000     0.000000     0.000000     0.000000     0.000000
       0.000000     0.000000
        229.000     0.000000     -2.02020      1279.00     0.000000     0.000000
       0.000000     0.000000     0.000000     0.000000     0.000000     0.000000
       0.000000     0.000000
        229.000     0.000000     -2.02020      1319.00     0.000000     0.000000
       0.000000     0.000000     0.000000     0.000000     0.000000     0.000000
       0.000000     0.000000
        229.000     0.000000     -2.02020      1429.00     0.000000     0.000000
       0.000000     0.000000     0.000000     0.000000     0.000000     0.000000
       0.000000     0.000000
        229.000     0.000000     -2.02020      1469.00     0.000000     0.000000
       0.000000     0.000000     0.000000     0.000000     0.000000     0.000000
       0.000000     0.000000
        229.000     0.000000     -2.02020      1549.00     0.000000     0.000000
       0.000000     0.000000     0.000000     0.000000     0.000000     0.000000
       0.000000     0.000000
        305.000     0.000000     -2.02020      1569.00     0.000000     0.000000
       0.000000     0.000000     0.000000     0.000000     0.000000     0.000000
       0.000000     0.000000
        305.000     0.000000     -2.02020      1609.00     0.000000     0.000000
       0.000000     0.000000     0.000000     0.000000     0.000000     0.000000
       0.000000     0.000000
        381.000     0.000000     -2.02020      1749.00     0.000000     0.000000
       0.000000     0.000000     0.000000     0.000000     0.000000     0.000000
       0.000000     0.000000
#$ RIGID
        38.0000     0.000000
        2.50000     0.000000
        2.50000     0.000000
        38.0000     0.000000
        2.50000     0.000000
        207.000     0.000000
        38.0000     0.000000
        2.50000     0.000000
        2.50000     0.000000
        14.0000     0.000000
        1.00000     0.000000
        60.0000     0.000000
        1.00000     0.000000
        2.50000     0.000000
        2.50000     0.000000
        38.0000     0.000000
        2.50000     0.000000
        38.0000     0.000000
        2.50000     0.000000
        65.0000     0.000000
        3.80000     0.000000
        7.50000     0.000000
       0.600000     0.000000
       0.600000     0.000000
        32.0000     0.000000
        3.80000     0.000000
       0.300000     0.000000
       0.300000     0.000000
        3.80000     0.000000
       0.300000     0.000000
       0.300000     0.000000
        3.80000     0.000000
       0.300000     0.000000
       0.300000     0.000000
#$ EXPJT
#$ RESTRANT
        10.0000      1.00000 9.419520E+19     0.000000     0.000000     0.000000
       0.000000     0.000000     0.000000
           0                                                                                                     
           0                                                                                                     
       0.000000     0.000000 1.751270E+12     0.000000     0.000000     0.000000
       0.000000     0.000000     0.000000
           0                                                                                                     
           0                                                                                                     
       0.000000     0.000000 1.751270E+12     0.000000     0.000000     0.000000
       0.000000     0.000000     0.000000
           0                                                                                                     
           0                                                                                                     
       0.000000     0.000000 1.751270E+12     0.000000     0.000000     0.000000
       0.000000     0.000000     0.000000
           0                                                                                                     
           0                                                                                                     
       0.000000     0.000000 1.751270E+12     0.000000     0.000000     0.000000
       0.000000     0.000000     0.000000
           0                                                                                                     
           0                                                                                                     
       0.000000     0.000000 1.751270E+12     0.000000     0.000000     0.000000
       0.000000     0.000000     0.000000
           0                                                                                                     
           0                                                                                                     
        100.000      14.0000     0.000000     0.000000     0.300000     0.000000
       0.000000     1.000000     0.000000
           0                                                                                                     
           0                                                                                                     
       0.000000     0.000000 1.751270E+12     0.000000     0.000000     0.000000
       0.000000     0.000000     0.000000
           0                                                                                                     
           0                                                                                                     
       0.000000     0.000000 1.751270E+12     0.000000     0.000000     0.000000
       0.000000     0.000000     0.000000
           0                                                                                                     
           0                                                                                                     
       0.000000     0.000000 1.751270E+12     0.000000     0.000000     0.000000
       0.000000     0.000000     0.000000
           0                                                                                                     
           0                                                                                                     
       0.000000     0.000000 1.751270E+12     0.000000     0.000000     0.000000
       0.000000     0.000000     0.000000
           0                                                                                                     
           0                                                                                                     
       0.000000     0.000000 1.751270E+12     0.000000     0.000000     0.000000
       0.000000     0.000000     0.000000
           0                                                                                                     
           0                                                                                                     
        250.000      14.0000     0.000000     0.000000     0.300000     0.000000
       0.000000     1.000000     0.000000
           0                                                                                                     
           0                                                                                                     
       0.000000     0.000000 1.751270E+12     0.000000     0.000000     0.000000
       0.000000     0.000000     0.000000
           0                                                                                                     
           0                                                                                                     
       0.000000     0.000000 1.751270E+12     0.000000     0.000000     0.000000
       0.000000     0.000000     0.000000
           0                                                                                                     
           0                                                                                                     
       0.000000     0.000000 1.751270E+12     0.000000     0.000000     0.000000
       0.000000     0.000000     0.000000
           0                                                                                                     
           0                                                                                                     
       0.000000     0.000000 1.751270E+12     0.000000     0.000000     0.000000
       0.000000     0.000000     0.000000
           0                                                                                                     
           0                                                                                                     
       0.000000     0.000000 1.751270E+12     0.000000     0.000000     0.000000
       0.000000     0.000000     0.000000
           0                                                                                                     
           0                                                                                                     
        300.000      14.0000     0.000000     0.000000     0.300000     0.000000
       0.000000     1.000000     0.000000
           0                                                                                                     
           0                                                                                                     
       0.000000     0.000000 1.751270E+12     0.000000     0.000000     0.000000
       0.000000     0.000000     0.000000
           0                                                                                                     
           0                                                                                                     
       0.000000     0.000000 1.751270E+12     0.000000     0.000000     0.000000
       0.000000     0.000000     0.000000
           0                                                                                                     
           0                                                                                                     
       0.000000     0.000000 1.751270E+12     0.000000     0.000000     0.000000
       0.000000     0.000000     0.000000
           0                                                                                                     
           0                                                                                                     
       0.000000     0.000000 1.751270E+12     0.000000     0.000000     0.000000
       0.000000     0.000000     0.000000
           0                                                                                                     
           0                                                                                                     
       0.000000     0.000000 1.751270E+12     0.000000     0.000000     0.000000
       0.000000     0.000000     0.000000
           0                                                                                                     
           0                                                                                                     
        360.000      14.0000     0.000000     0.000000     0.300000     0.000000
       0.000000     1.000000     0.000000
           0                                                                                                     
           0                                                                                                     
       0.000000     0.000000 1.751270E+12     0.000000     0.000000     0.000000
       0.000000     0.000000     0.000000
           0                                                                                                     
           0                                                                                                     
       0.000000     0.000000 1.751270E+12     0.000000     0.000000     0.000000
       0.000000     0.000000     0.000000
           0                                                                                                     
           0                                                                                                     
       0.000000     0.000000 1.751270E+12     0.000000     0.000000     0.000000
       0.000000     0.000000     0.000000
           0                                                                                                     
           0                                                                                                     
       0.000000     0.000000 1.751270E+12     0.000000     0.000000     0.000000
       0.000000     0.000000     0.000000
           0                                                                                                     
           0                                                                                                     
       0.000000     0.000000 1.751270E+12     0.000000     0.000000     0.000000
       0.000000     0.000000     0.000000
           0                                                                                                     
           0                                                                                                     
        410.000      14.0000     0.000000     0.000000     0.300000     0.000000
       0.000000     1.000000     0.000000
           0                                                                                                     
           0                                                                                                     
        410.000      9.00000     0.000000     0.000000     0.000000     0.000000
       0.000000     0.000000      1.00000
           0                                                                                                     
           0                                                                                                     
        410.000      8.00000     0.000000     0.000000     0.000000     0.000000
       0.000000     0.000000      1.00000
           0                                                                                                     
           0                                                                                                     
       0.000000     0.000000 1.751270E+12     0.000000     0.000000     0.000000
       0.000000     0.000000     0.000000
           0                                                                                                     
           0                                                                                                     
       0.000000     0.000000 1.751270E+12     0.000000     0.000000     0.000000
       0.000000     0.000000     0.000000
           0                                                                                                     
           0                                                                                                     
       0.000000     0.000000 1.751270E+12     0.000000     0.000000     0.000000
       0.000000     0.000000     0.000000
           0                                                                                                     
           0                                                                                                     
        520.000      14.0000     0.000000     0.000000     0.300000     0.000000
       0.000000     1.000000     0.000000
           0                                                                                                     
           0                                                                                                     
       0.000000     0.000000 1.751270E+12     0.000000     0.000000     0.000000
       0.000000     0.000000     0.000000
           0                                                                                                     
           0                                                                                                     
       0.000000     0.000000 1.751270E+12     0.000000     0.000000     0.000000
       0.000000     0.000000     0.000000
           0                                                                                                     
           0                                                                                                     
       0.000000     0.000000 1.751270E+12     0.000000     0.000000     0.000000
       0.000000     0.000000     0.000000
           0                                                                                                     
           0                                                                                                     
       0.000000     0.000000 1.751270E+12     0.000000     0.000000     0.000000
       0.000000     0.000000     0.000000
           0                                                                                                     
           0                                                                                                     
       0.000000     0.000000 1.751270E+12     0.000000     0.000000     0.000000
       0.000000     0.000000     0.000000
           0                                                                                                     
           0                                                                                                     
        620.000      14.0000     0.000000     0.000000     0.300000     0.000000
       0.000000     1.000000     0.000000
           0                                                                                                     
           0                                                                                                     
       0.000000     0.000000 1.751270E+12     0.000000     0.000000     0.000000
       0.000000     0.000000     0.000000
           0                                                                                                     
           0                                                                                                     
       0.000000     0.000000 1.751270E+12     0.000000     0.000000     0.000000
       0.000000     0.000000     0.000000
           0                                                                                                     
           0                                                                                                     
       0.000000     0.000000 1.751270E+12     0.000000     0.000000     0.000000
       0.000000     0.000000     0.000000
           0                                                                                                     
           0                                                                                                     
       0.000000     0.000000 1.751270E+12     0.000000     0.000000     0.000000
       0.000000     0.000000     0.000000
           0                                                                                                     
           0                                                                                                     
       0.000000     0.000000 1.751270E+12     0.000000     0.000000     0.000000
       0.000000     0.000000     0.000000
           0                                                                                                     
           0                                                                                                     
        740.000      14.0000     0.000000     0.000000     0.300000     0.000000
       0.000000     1.000000     0.000000
           0                                                                                                     
           0                                                                                                     
        740.000      9.00000     0.000000     0.000000     0.000000     0.000000
       0.000000     0.000000      1.00000
           0                                                                                                     
           0                                                                                                     
       0.000000     0.000000 1.751270E+12     0.000000     0.000000     0.000000
       0.000000     0.000000     0.000000
           0                                                                                                     
           0                                                                                                     
       0.000000     0.000000 1.751270E+12     0.000000     0.000000     0.000000
       0.000000     0.000000     0.000000
           0                                                                                                     
           0                                                                                                     
       0.000000     0.000000 1.751270E+12     0.000000     0.000000     0.000000
       0.000000     0.000000     0.000000
           0                                                                                                     
           0                                                                                                     
       0.000000     0.000000 1.751270E+12     0.000000     0.000000     0.000000
       0.000000     0.000000     0.000000
           0                                                                                                     
           0                                                                                                     
        870.000      14.0000     0.000000     0.000000     0.300000     0.000000
       0.000000     1.000000     0.000000
           0                                                                                                     
           0                                                                                                     
       0.000000     0.000000 1.751270E+12     0.000000     0.000000     0.000000
       0.000000     0.000000     0.000000
           0                                                                                                     
           0                                                                                                     
       0.000000     0.000000 1.751270E+12     0.000000     0.000000     0.000000
       0.000000     0.000000     0.000000
           0                                                                                                     
           0                                                                                                     
       0.000000     0.000000 1.751270E+12     0.000000     0.000000     0.000000
       0.000000     0.000000     0.000000
           0                                                                                                     
           0                                                                                                     
       0.000000     0.000000 1.751270E+12     0.000000     0.000000     0.000000
       0.000000     0.000000     0.000000
           0                                                                                                     
           0                                                                                                     
       0.000000     0.000000 1.751270E+12     0.000000     0.000000     0.000000
       0.000000     0.000000     0.000000
           0                                                                                                     
           0                                                                                                     
        920.000      14.0000     0.000000     0.000000     0.300000     0.000000
       0.000000     1.000000     0.000000
           0                                                                                                     
           0                                                                                                     
        920.000      9.00000     0.000000     0.000000     0.000000     0.000000
       0.000000     0.000000      1.00000
           0                                                                                                     
           0                                                                                                     
       0.000000     0.000000 1.751270E+12     0.000000     0.000000     0.000000
       0.000000     0.000000     0.000000
           0                                                                                                     
           0                                                                                                     
       0.000000     0.000000 1.751270E+12     0.000000     0.000000     0.000000
       0.000000     0.000000     0.000000
           0                                                                                                     
           0                                                                                                     
       0.000000     0.000000 1.751270E+12     0.000000     0.000000     0.000000
       0.000000     0.000000     0.000000
           0                                                                                                     
           0                                                                                                     
       0.000000     0.000000 1.751270E+12     0.000000     0.000000     0.000000
       0.000000     0.000000     0.000000
           0                                                                                                     
           0                                                                                                     
        930.000      14.0000     0.000000     0.000000     0.300000     0.000000
       0.000000     1.000000     0.000000
           0                                                                                                     
           0                                                                                                     
       0.000000     0.000000 1.751270E+12     0.000000     0.000000     0.000000
       0.000000     0.000000     0.000000
           0                                                                                                     
           0                                                                                                     
       0.000000     0.000000 1.751270E+12     0.000000     0.000000     0.000000
       0.000000     0.000000     0.000000
           0                                                                                                     
           0                                                                                                     
       0.000000     0.000000 1.751270E+12     0.000000     0.000000     0.000000
       0.000000     0.000000     0.000000
           0                                                                                                     
           0                                                                                                     
       0.000000     0.000000 1.751270E+12     0.000000     0.000000     0.000000
       0.000000     0.000000     0.000000
           0                                                                                                     
           0                                                                                                     
       0.000000     0.000000 1.751270E+12     0.000000     0.000000     0.000000
       0.000000     0.000000     0.000000
           0                                                                                                     
           0                                                                                                     
        980.000      14.0000     0.000000     0.000000     0.300000     0.000000
       0.000000     1.000000     0.000000
           0                                                                                                     
           0                                                                                                     
       0.000000     0.000000 1.751270E+12     0.000000     0.000000     0.000000
       0.000000     0.000000     0.000000
           0                                                                                                     
           0                                                                                                     
       0.000000     0.000000 1.751270E+12     0.000000     0.000000     0.000000
       0.000000     0.000000     0.000000
           0                                                                                                     
           0                                                                                                     
       0.000000     0.000000 1.751270E+12     0.000000     0.000000     0.000000
       0.000000     0.000000     0.000000
           0                                                                                                     
           0                                                                                                     
       0.000000     0.000000 1.751270E+12     0.000000     0.000000     0.000000
       0.000000     0.000000     0.000000
           0                                                                                                     
           0                                                                                                     
       0.000000     0.000000 1.751270E+12     0.000000     0.000000     0.000000
       0.000000     0.000000     0.000000
           0                                                                                                     
           0                                                                                                     
        990.000      14.0000     0.000000     0.000000     0.300000     0.000000
       0.000000     1.000000     0.000000
           0                                                                                                     
           0                                                                                                     
        990.000      9.00000     0.000000     0.000000     0.000000     0.000000
       0.000000     0.000000      1.00000
           0                                                                                                     
           0                                                                                                     
        990.000      8.00000     0.000000     0.000000     0.000000     0.000000
       0.000000     0.000000      1.00000
           0                                                                                                     
           0                                                                                                     
       0.000000     0.000000 1.751270E+12     0.000000     0.000000     0.000000
       0.000000     0.000000     0.000000
           0                                                                                                     
           0                                                                                                     
       0.000000     0.000000 1.751270E+12     0.000000     0.000000     0.000000
       0.000000     0.000000     0.000000
           0                                                                                                     
           0                                                                                                     
       0.000000     0.000000 1.751270E+12     0.000000     0.000000     0.000000
       0.000000     0.000000     0.000000
           0                                                                                                     
           0                                                                                                     
        1000.00      14.0000     0.000000     0.000000     0.300000     0.000000
       0.000000     1.000000     0.000000
           0                                                                                                     
           0                                                                                                     
       0.000000     0.000000 1.751270E+12     0.000000     0.000000     0.000000
       0.000000     0.000000     0.000000
           0                                                                                                     
           0                                                                                                     
       0.000000     0.000000 1.751270E+12     0.000000     0.000000     0.000000
       0.000000     0.000000     0.000000
           0                                                                                                     
           0                                                                                                     
       0.000000     0.000000 1.751270E+12     0.000000     0.000000     0.000000
       0.000000     0.000000     0.000000
           0                                                                                                     
           0                                                                                                     
       0.000000     0.000000 1.751270E+12     0.000000     0.000000     0.000000
       0.000000     0.000000     0.000000
           0                                                                                                     
           0                                                                                                     
       0.000000     0.000000 1.751270E+12     0.000000     0.000000     0.000000
       0.000000     0.000000     0.000000
           0                                                                                                     
           0                                                                                                     
        1020.00      1.00000 9.419520E+19     0.000000     0.000000     0.000000
       0.000000     0.000000     0.000000
           0                                                                                                     
           0                                                                                                     
       0.000000     0.000000 1.751270E+12     0.000000     0.000000     0.000000
       0.000000     0.000000     0.000000
           0                                                                                                     
           0                                                                                                     
       0.000000     0.000000 1.751270E+12     0.000000     0.000000     0.000000
       0.000000     0.000000     0.000000
           0                                                                                                     
           0                                                                                                     
       0.000000     0.000000 1.751270E+12     0.000000     0.000000     0.000000
       0.000000     0.000000     0.000000
           0                                                                                                     
           0                                                                                                     
       0.000000     0.000000 1.751270E+12     0.000000     0.000000     0.000000
       0.000000     0.000000     0.000000
           0                                                                                                     
           0                                                                                                     
       0.000000     0.000000 1.751270E+12     0.000000     0.000000     0.000000
       0.000000     0.000000     0.000000
           0                                                                                                     
           0                                                                                                     
        1030.00      1.00000 9.419520E+19     0.000000     0.000000     0.000000
       0.000000     0.000000     0.000000
           0                                                                                                     
           0                                                                                                     
       0.000000     0.000000 1.751270E+12     0.000000     0.000000     0.000000
       0.000000     0.000000     0.000000
           0                                                                                                     
           0                                                                                                     
       0.000000     0.000000 1.751270E+12     0.000000     0.000000     0.000000
       0.000000     0.000000     0.000000
           0                                                                                                     
           0                                                                                                     
       0.000000     0.000000 1.751270E+12     0.000000     0.000000     0.000000
       0.000000     0.000000     0.000000
           0                                                                                                     
           0                                                                                                     
       0.000000     0.000000 1.751270E+12     0.000000     0.000000     0.000000
       0.000000     0.000000     0.000000
           0                                                                                                     
           0                                                                                                     
       0.000000     0.000000 1.751270E+12     0.000000     0.000000     0.000000
       0.000000     0.000000     0.000000
           0                                                                                                     
           0                                                                                                     
        1090.00      14.0000     0.000000     0.000000     0.300000     0.000000
       0.000000     1.000000     0.000000
           0                                                                                                     
           0                                                                                                     
       0.000000     0.000000 1.751270E+12     0.000000     0.000000     0.000000
       0.000000     0.000000     0.000000
           0                                                                                                     
           0                                                                                                     
       0.000000     0.000000 1.751270E+12     0.000000     0.000000     0.000000
       0.000000     0.000000     0.000000
           0                                                                                                     
           0                                                                                                     
       0.000000     0.000000 1.751270E+12     0.000000     0.000000     0.000000
       0.000000     0.000000     0.000000
           0                                                                                                     
           0                                                                                                     
       0.000000     0.000000 1.751270E+12     0.000000     0.000000     0.000000
       0.000000     0.000000     0.000000
           0                                                                                                     
           0                                                                                                     
       0.000000     0.000000 1.751270E+12     0.000000     0.000000     0.000000
       0.000000     0.000000     0.000000
           0                                                                                                     
           0                                                                                                     
        1100.00      14.0000     0.000000     0.000000     0.300000     0.000000
       0.000000     1.000000     0.000000
           0                                                                                                     
           0                                                                                                     
        1100.00      9.00000     0.000000     0.000000     0.000000     0.000000
       0.000000     0.000000      1.00000
           0                                                                                                     
           0                                                                                                     
        1100.00      8.00000     0.000000     0.000000     0.000000     0.000000
       0.000000     0.000000      1.00000
           0                                                                                                     
           0                                                                                                     
       0.000000     0.000000 1.751270E+12     0.000000     0.000000     0.000000
       0.000000     0.000000     0.000000
           0                                                                                                     
           0                                                                                                     
       0.000000     0.000000 1.751270E+12     0.000000     0.000000     0.000000
       0.000000     0.000000     0.000000
           0                                                                                                     
           0                                                                                                     
       0.000000     0.000000 1.751270E+12     0.000000     0.000000     0.000000
       0.000000     0.000000     0.000000
           0                                                                                                     
           0                                                                                                     
        1110.00      14.0000     0.000000     0.000000     0.300000     0.000000
       0.000000     1.000000     0.000000
           0                                                                                                     
           0                                                                                                     
       0.000000     0.000000 1.751270E+12     0.000000     0.000000     0.000000
       0.000000     0.000000     0.000000
           0                                                                                                     
           0                                                                                                     
       0.000000     0.000000 1.751270E+12     0.000000     0.000000     0.000000
       0.000000     0.000000     0.000000
           0                                                                                                     
           0                                                                                                     
       0.000000     0.000000 1.751270E+12     0.000000     0.000000     0.000000
       0.000000     0.000000     0.000000
           0                                                                                                     
           0                                                                                                     
       0.000000     0.000000 1.751270E+12     0.000000     0.000000     0.000000
       0.000000     0.000000     0.000000
           0                                                                                                     
           0                                                                                                     
       0.000000     0.000000 1.751270E+12     0.000000     0.000000     0.000000
       0.000000     0.000000     0.000000
           0                                                                                                     
           0                                                                                                     
        1130.00      1.00000 9.419520E+19     0.000000     0.000000     0.000000
       0.000000     0.000000     0.000000
           0                                                                                                     
           0                                                                                                     
       0.000000     0.000000 1.751270E+12     0.000000     0.000000     0.000000
       0.000000     0.000000     0.000000
           0                                                                                                     
           0                                                                                                     
       0.000000     0.000000 1.751270E+12     0.000000     0.000000     0.000000
       0.000000     0.000000     0.000000
           0                                                                                                     
           0                                                                                                     
       0.000000     0.000000 1.751270E+12     0.000000     0.000000     0.000000
       0.000000     0.000000     0.000000
           0                                                                                                     
           0                                                                                                     
       0.000000     0.000000 1.751270E+12     0.000000     0.000000     0.000000
       0.000000     0.000000     0.000000
           0                                                                                                     
           0                                                                                                     
       0.000000     0.000000 1.751270E+12     0.000000     0.000000     0.000000
       0.000000     0.000000     0.000000
           0                                                                                                     
           0                                                                                                     
        1140.00      1.00000 9.419520E+19     0.000000     0.000000     0.000000
       0.000000     0.000000     0.000000
           0                                                                                                     
           0                                                                                                     
       0.000000     0.000000 1.751270E+12     0.000000     0.000000     0.000000
       0.000000     0.000000     0.000000
           0                                                                                                     
           0                                                                                                     
       0.000000     0.000000 1.751270E+12     0.000000     0.000000     0.000000
       0.000000     0.000000     0.000000
           0                                                                                                     
           0                                                                                                     
       0.000000     0.000000 1.751270E+12     0.000000     0.000000     0.000000
       0.000000     0.000000     0.000000
           0                                                                                                     
           0                                                                                                     
       0.000000     0.000000 1.751270E+12     0.000000     0.000000     0.000000
       0.000000     0.000000     0.000000
           0                                                                                                     
           0                                                                                                     
       0.000000     0.000000 1.751270E+12     0.000000     0.000000     0.000000
       0.000000     0.000000     0.000000
           0                                                                                                     
           0                                                                                                     
        1160.00      14.0000     0.000000     0.000000     0.300000     0.000000
       0.000000     1.000000     0.000000
           0                                                                                                     
           0                                                                                                     
       0.000000     0.000000 1.751270E+12     0.000000     0.000000     0.000000
       0.000000     0.000000     0.000000
           0                                                                                                     
           0                                                                                                     
       0.000000     0.000000 1.751270E+12     0.000000     0.000000     0.000000
       0.000000     0.000000     0.000000
           0                                                                                                     
           0                                                                                                     
       0.000000     0.000000 1.751270E+12     0.000000     0.000000     0.000000
       0.000000     0.000000     0.000000
           0                                                                                                     
           0                                                                                                     
       0.000000     0.000000 1.751270E+12     0.000000     0.000000     0.000000
       0.000000     0.000000     0.000000
           0                                                                                                     
           0                                                                                                     
       0.000000     0.000000 1.751270E+12     0.000000     0.000000     0.000000
       0.000000     0.000000     0.000000
           0                                                                                                     
           0                                                                                                     
        1170.00      14.0000     0.000000     0.000000     0.300000     0.000000
       0.000000     1.000000     0.000000
           0                                                                                                     
           0                                                                                                     
       0.000000     0.000000 1.751270E+12     0.000000     0.000000     0.000000
       0.000000     0.000000     0.000000
           0                                                                                                     
           0                                                                                                     
       0.000000     0.000000 1.751270E+12     0.000000     0.000000     0.000000
       0.000000     0.000000     0.000000
           0                                                                                                     
           0                                                                                                     
       0.000000     0.000000 1.751270E+12     0.000000     0.000000     0.000000
       0.000000     0.000000     0.000000
           0                                                                                                     
           0                                                                                                     
       0.000000     0.000000 1.751270E+12     0.000000     0.000000     0.000000
       0.000000     0.000000     0.000000
           0                                                                                                     
           0                                                                                                     
       0.000000     0.000000 1.751270E+12     0.000000     0.000000     0.000000
       0.000000     0.000000     0.000000
           0                                                                                                     
           0                                                                                                     
        1180.00      14.0000     0.000000     0.000000     0.300000     0.000000
       0.000000     1.000000     0.000000
           0                                                                                                     
           0                                                                                                     
       0.000000     0.000000 1.751270E+12     0.000000     0.000000     0.000000
       0.000000     0.000000     0.000000
           0                                                                                                     
           0                                                                                                     
       0.000000     0.000000 1.751270E+12     0.000000     0.000000     0.000000
       0.000000     0.000000     0.000000
           0                                                                                                     
           0                                                                                                     
       0.000000     0.000000 1.751270E+12     0.000000     0.000000     0.000000
       0.000000     0.000000     0.000000
           0                                                                                                     
           0                                                                                                     
       0.000000     0.000000 1.751270E+12     0.000000     0.000000     0.000000
       0.000000     0.000000     0.000000
           0                                                                                                     
           0                                                                                                     
       0.000000     0.000000 1.751270E+12     0.000000     0.000000     0.000000
       0.000000     0.000000     0.000000
           0                                                                                                     
           0                                                                                                     
        1190.00      14.0000     0.000000     0.000000     0.300000     0.000000
       0.000000     1.000000     0.000000
           0                                                                                                     
           0                                                                                                     
       0.000000     0.000000 1.751270E+12     0.000000     0.000000     0.000000
       0.000000     0.000000     0.000000
           0                                                                                                     
           0                                                                                                     
       0.000000     0.000000 1.751270E+12     0.000000     0.000000     0.000000
       0.000000     0.000000     0.000000
           0                                                                                                     
           0                                                                                                     
       0.000000     0.000000 1.751270E+12     0.000000     0.000000     0.000000
       0.000000     0.000000     0.000000
           0                                                                                                     
           0                                                                                                     
       0.000000     0.000000 1.751270E+12     0.000000     0.000000     0.000000
       0.000000     0.000000     0.000000
           0                                                                                                     
           0                                                                                                     
       0.000000     0.000000 1.751270E+12     0.000000     0.000000     0.000000
       0.000000     0.000000     0.000000
           0                                                                                                     
           0                                                                                                     
        1340.00      14.0000     0.000000     0.000000     0.300000     0.000000
       0.000000     1.000000     0.000000
           0                                                                                                     
           0                                                                                                     
       0.000000     0.000000 1.751270E+12     0.000000     0.000000     0.000000
       0.000000     0.000000     0.000000
           0                                                                                                     
           0                                                                                                     
       0.000000     0.000000 1.751270E+12     0.000000     0.000000     0.000000
       0.000000     0.000000     0.000000
           0                                                                                                     
           0                                                                                                     
       0.000000     0.000000 1.751270E+12     0.000000     0.000000     0.000000
       0.000000     0.000000     0.000000
           0                                                                                                     
           0                                                                                                     
       0.000000     0.000000 1.751270E+12     0.000000     0.000000     0.000000
       0.000000     0.000000     0.000000
           0                                                                                                     
           0                                                                                                     
       0.000000     0.000000 1.751270E+12     0.000000     0.000000     0.000000
       0.000000     0.000000     0.000000
           0                                                                                                     
           0                                                                                                     
        1350.00      14.0000     0.000000     0.000000     0.300000     0.000000
       0.000000     1.000000     0.000000
           0                                                                                                     
           0                                                                                                     
       0.000000     0.000000 1.751270E+12     0.000000     0.000000     0.000000
       0.000000     0.000000     0.000000
           0                                                                                                     
           0                                                                                                     
       0.000000     0.000000 1.751270E+12     0.000000     0.000000     0.000000
       0.000000     0.000000     0.000000
           0                                                                                                     
           0                                                                                                     
       0.000000     0.000000 1.751270E+12     0.000000     0.000000     0.000000
       0.000000     0.000000     0.000000
           0                                                                                                     
           0                                                                                                     
       0.000000     0.000000 1.751270E+12     0.000000     0.000000     0.000000
       0.000000     0.000000     0.000000
           0                                                                                                     
           0                                                                                                     
       0.000000     0.000000 1.751270E+12     0.000000     0.000000     0.000000
       0.000000     0.000000     0.000000
           0                                                                                                     
           0                                                                                                     
        1420.00      14.0000     0.000000     0.000000     0.300000     0.000000
       0.000000     1.000000     0.000000
           0                                                                                                     
           0                                                                                                     
       0.000000     0.000000 1.751270E+12     0.000000     0.000000     0.000000
       0.000000     0.000000     0.000000
           0                                                                                                     
           0                                                                                                     
       0.000000     0.000000 1.751270E+12     0.000000     0.000000     0.000000
       0.000000     0.000000     0.000000
           0                                                                                                     
           0                                                                                                     
       0.000000     0.000000 1.751270E+12     0.000000     0.000000     0.000000
       0.000000     0.000000     0.000000
           0                                                                                                     
           0                                                                                                     
       0.000000     0.000000 1.751270E+12     0.000000     0.000000     0.000000
       0.000000     0.000000     0.000000
           0                                                                                                     
           0                                                                                                     
       0.000000     0.000000 1.751270E+12     0.000000     0.000000     0.000000
       0.000000     0.000000     0.000000
           0                                                                                                     
           0                                                                                                     
        1510.00      14.0000     0.000000     0.000000     0.300000     0.000000
       0.000000     1.000000     0.000000
           0                                                                                                     
           0                                                                                                     
       0.000000     0.000000 1.751270E+12     0.000000     0.000000     0.000000
       0.000000     0.000000     0.000000
           0                                                                                                     
           0                                                                                                     
       0.000000     0.000000 1.751270E+12     0.000000     0.000000     0.000000
       0.000000     0.000000     0.000000
           0                                                                                                     
           0                                                                                                     
       0.000000     0.000000 1.751270E+12     0.000000     0.000000     0.000000
       0.000000     0.000000     0.000000
           0                                                                                                     
           0                                                                                                     
       0.000000     0.000000 1.751270E+12     0.000000     0.000000     0.000000
       0.000000     0.000000     0.000000
           0                                                                                                     
           0                                                                                                     
       0.000000     0.000000 1.751270E+12     0.000000     0.000000     0.000000
       0.000000     0.000000     0.000000
           0                                                                                                     
           0                                                                                                     
        1520.00      14.0000     0.000000     0.000000     0.300000     0.000000
       0.000000     1.000000     0.000000
           0                                                                                                     
           0                                                                                                     
        1520.00      8.00000     0.000000     0.000000     0.000000     0.000000
       0.000000     0.000000      1.00000
           0                                                                                                     
           0                                                                                                     
        1520.00      9.00000     0.000000     0.000000     0.000000     0.000000
       0.000000     0.000000      1.00000
           0                                                                                                     
           0                                                                                                     
       0.000000     0.000000 1.751270E+12     0.000000     0.000000     0.000000
       0.000000     0.000000     0.000000
           0                                                                                                     
           0                                                                                                     
       0.000000     0.000000 1.751270E+12     0.000000     0.000000     0.000000
       0.000000     0.000000     0.000000
           0                                                                                                     
           0                                                                                                     
       0.000000     0.000000 1.751270E+12     0.000000     0.000000     0.000000
       0.000000     0.000000     0.000000
           0                                                                                                     
           0                                                                                                     
        1530.00      14.0000     0.000000     0.000000     0.300000     0.000000
       0.000000     1.000000     0.000000
           0                                                                                                     
           0                                                                                                     
       0.000000     0.000000 1.751270E+12     0.000000     0.000000     0.000000
       0.000000     0.000000     0.000000
           0                                                                                                     
           0                                                                                                     
       0.000000     0.000000 1.751270E+12     0.000000     0.000000     0.000000
       0.000000     0.000000     0.000000
           0                                                                                                     
           0                                                                                                     
       0.000000     0.000000 1.751270E+12     0.000000     0.000000     0.000000
       0.000000     0.000000     0.000000
           0                                                                                                     
           0                                                                                                     
       0.000000     0.000000 1.751270E+12     0.000000     0.000000     0.000000
       0.000000     0.000000     0.000000
           0                                                                                                     
           0                                                                                                     
       0.000000     0.000000 1.751270E+12     0.000000     0.000000     0.000000
       0.000000     0.000000     0.000000
           0                                                                                                     
           0                                                                                                     
        1540.00      14.0000     0.000000     0.000000     0.300000     0.000000
       0.000000     1.000000     0.000000
           0                                                                                                     
           0                                                                                                     
       0.000000     0.000000 1.751270E+12     0.000000     0.000000     0.000000
       0.000000     0.000000     0.000000
           0                                                                                                     
           0                                                                                                     
       0.000000     0.000000 1.751270E+12     0.000000     0.000000     0.000000
       0.000000     0.000000     0.000000
           0                                                                                                     
           0                                                                                                     
       0.000000     0.000000 1.751270E+12     0.000000     0.000000     0.000000
       0.000000     0.000000     0.000000
           0                                                                                                     
           0                                                                                                     
       0.000000     0.000000 1.751270E+12     0.000000     0.000000     0.000000
       0.000000     0.000000     0.000000
           0                                                                                                     
           0                                                                                                     
       0.000000     0.000000 1.751270E+12     0.000000     0.000000     0.000000
       0.000000     0.000000     0.000000
           0                                                                                                     
           0                                                                                                     
        1550.00      1.00000 9.419520E+19     0.000000     0.000000     0.000000
       0.000000     0.000000     0.000000
           0                                                                                                     
           0                                                                                                     
       0.000000     0.000000 1.751270E+12     0.000000     0.000000     0.000000
       0.000000     0.000000     0.000000
           0                                                                                                     
           0                                                                                                     
       0.000000     0.000000 1.751270E+12     0.000000     0.000000     0.000000
       0.000000     0.000000     0.000000
           0                                                                                                     
           0                                                                                                     
       0.000000     0.000000 1.751270E+12     0.000000     0.000000     0.000000
       0.000000     0.000000     0.000000
           0                                                                                                     
           0                                                                                                     
       0.000000     0.000000 1.751270E+12     0.000000     0.000000     0.000000
       0.000000     0.000000     0.000000
           0                                                                                                     
           0                                                                                                     
       0.000000     0.000000 1.751270E+12     0.000000     0.000000     0.000000
       0.000000     0.000000     0.000000
           0                                                                                                     
           0                                                                                                     
        1650.00      14.0000     0.000000     0.000000     0.300000     0.000000
       0.000000     1.000000     0.000000
           0                                                                                                     
           0                                                                                                     
       0.000000     0.000000 1.751270E+12     0.000000     0.000000     0.000000
       0.000000     0.000000     0.000000
           0                                                                                                     
           0                                                                                                     
       0.000000     0.000000 1.751270E+12     0.000000     0.000000     0.000000
       0.000000     0.000000     0.000000
           0                                                                                                     
           0                                                                                                     
       0.000000     0.000000 1.751270E+12     0.000000     0.000000     0.000000
       0.000000     0.000000     0.000000
           0                                                                                                     
           0                                                                                                     
       0.000000     0.000000 1.751270E+12     0.000000     0.000000     0.000000
       0.000000     0.000000     0.000000
           0                                                                                                     
           0                                                                                                     
       0.000000     0.000000 1.751270E+12     0.000000     0.000000     0.000000
       0.000000     0.000000     0.000000
           0                                                                                                     
           0                                                                                                     
        1660.00      14.0000     0.000000     0.000000     0.300000     0.000000
       0.000000     1.000000     0.000000
           0                                                                                                     
           0                                                                                                     
        1660.00      9.00000     0.000000     0.000000     0.000000     0.000000
       0.000000     0.000000      1.00000
           0                                                                                                     
           0                                                                                                     
       0.000000     0.000000 1.751270E+12     0.000000     0.000000     0.000000
       0.000000     0.000000     0.000000
           0                                                                                                     
           0                                                                                                     
       0.000000     0.000000 1.751270E+12     0.000000     0.000000     0.000000
       0.000000     0.000000     0.000000
           0                                                                                                     
           0                                                                                                     
       0.000000     0.000000 1.751270E+12     0.000000     0.000000     0.000000
       0.000000     0.000000     0.000000
           0                                                                                                     
           0                                                                                                     
       0.000000     0.000000 1.751270E+12     0.000000     0.000000     0.000000
       0.000000     0.000000     0.000000
           0                                                                                                     
           0                                                                                                     
        1680.00      1.00000 9.419520E+19     0.000000     0.000000     0.000000
       0.000000     0.000000     0.000000
           0                                                                                                     
           0                                                                                                     
       0.000000     0.000000 1.751270E+12     0.000000     0.000000     0.000000
       0.000000     0.000000     0.000000
           0                                                                                                     
           0                                                                                                     
       0.000000     0.000000 1.751270E+12     0.000000     0.000000     0.000000
       0.000000     0.000000     0.000000
           0                                                                                                     
           0                                                                                                     
       0.000000     0.000000 1.751270E+12     0.000000     0.000000     0.000000
       0.000000     0.000000     0.000000
           0                                                                                                     
           0                                                                                                     
       0.000000     0.000000 1.751270E+12     0.000000     0.000000     0.000000
       0.000000     0.000000     0.000000
           0                                                                                                     
           0                                                                                                     
       0.000000     0.000000 1.751270E+12     0.000000     0.000000     0.000000
       0.000000     0.000000     0.000000
           0                                                                                                     
           0                                                                                                     
        1690.00      1.00000 9.419520E+19     0.000000     0.000000     0.000000
       0.000000     0.000000     0.000000
           0                                                                                                     
           0                                                                                                     
       0.000000     0.000000 1.751270E+12     0.000000     0.000000     0.000000
       0.000000     0.000000     0.000000
           0                                                                                                     
           0                                                                                                     
       0.000000     0.000000 1.751270E+12     0.000000     0.000000     0.000000
       0.000000     0.000000     0.000000
           0                                                                                                     
           0                                                                                                     
       0.000000     0.000000 1.751270E+12     0.000000     0.000000     0.000000
       0.000000     0.000000     0.000000
           0                                                                                                     
           0                                                                                                     
       0.000000     0.000000 1.751270E+12     0.000000     0.000000     0.000000
       0.000000     0.000000     0.000000
           0                                                                                                     
           0                                                                                                     
       0.000000     0.000000 1.751270E+12     0.000000     0.000000     0.000000
       0.000000     0.000000     0.000000
           0                                                                                                     
           0                                                                                                     
        1730.00      14.0000     0.000000     0.000000     0.300000     0.000000
       0.000000     1.000000     0.000000
           0                                                                                                     
           0                                                                                                     
        1730.00      9.00000     0.000000     0.000000     0.000000     0.000000
       0.000000     0.000000      1.00000
           0                                                                                                     
           0                                                                                                     
        1730.00      8.00000     0.000000    25.000000     0.000000     0.000000
       0.000000     0.000000      1.00000
           0                                                                                                     
           0                                                                                                     
       0.000000     0.000000 1.751270E+12     0.000000     0.000000     0.000000
       0.000000     0.000000     0.000000
           0                                                                                                     
           0                                                                                                     
       0.000000     0.000000 1.751270E+12     0.000000     0.000000     0.000000
       0.000000     0.000000     0.000000
           0                                                                                                     
           0                                                                                                     
       0.000000     0.000000 1.751270E+12     0.000000     0.000000     0.000000
       0.000000     0.000000     0.000000
           0                                                                                                     
           0                                                                                                     
        1740.00      14.0000     0.000000     0.000000     0.300000     0.000000
       0.000000     1.000000     0.000000
           0                                                                                                     
           0                                                                                                     
       0.000000     0.000000 1.751270E+12     0.000000     0.000000     0.000000
       0.000000     0.000000     0.000000
           0                                                                                                     
           0                                                                                                     
       0.000000     0.000000 1.751270E+12     0.000000     0.000000     0.000000
       0.000000     0.000000     0.000000
           0                                                                                                     
           0                                                                                                     
       0.000000     0.000000 1.751270E+12     0.000000     0.000000     0.000000
       0.000000     0.000000     0.000000
           0                                                                                                     
           0                                                                                                     
       0.000000     0.000000 1.751270E+12     0.000000     0.000000     0.000000
       0.000000     0.000000     0.000000
           0                                                                                                     
           0                                                                                                     
       0.000000     0.000000 1.751270E+12     0.000000     0.000000     0.000000
       0.000000     0.000000     0.000000
           0                                                                                                     
           0                                                                                                     
        1960.00      14.0000     0.000000     0.000000     0.300000     0.000000
       0.000000     1.000000     0.000000
           0                                                                                                     
           0                                                                                                     
       0.000000     0.000000 1.751270E+12     0.000000     0.000000     0.000000
       0.000000     0.000000     0.000000
           0                                                                                                     
           0                                                                                                     
       0.000000     0.000000 1.751270E+12     0.000000     0.000000     0.000000
       0.000000     0.000000     0.000000
           0                                                                                                     
           0                                                                                                     
       0.000000     0.000000 1.751270E+12     0.000000     0.000000     0.000000
       0.000000     0.000000     0.000000
           0                                                                                                     
           0                                                                                                     
       0.000000     0.000000 1.751270E+12     0.000000     0.000000     0.000000
       0.000000     0.000000     0.000000
           0                                                                                                     
           0                                                                                                     
       0.000000     0.000000 1.751270E+12     0.000000     0.000000     0.000000
       0.000000     0.000000     0.000000
           0                                                                                                     
           0                                                                                                     
        2150.00      14.0000     0.000000     0.000000     0.300000     0.000000
       0.000000     1.000000     0.000000
           0                                                                                                     
           0                                                                                                     
       0.000000     0.000000 1.751270E+12     0.000000     0.000000     0.000000
       0.000000     0.000000     0.000000
           0                                                                                                     
           0                                                                                                     
       0.000000     0.000000 1.751270E+12     0.000000     0.000000     0.000000
       0.000000     0.000000     0.000000
           0                                                                                                     
           0                                                                                                     
       0.000000     0.000000 1.751270E+12     0.000000     0.000000     0.000000
       0.000000     0.000000     0.000000
           0                                                                                                     
           0                                                                                                     
       0.000000     0.000000 1.751270E+12     0.000000     0.000000     0.000000
       0.000000     0.000000     0.000000
           0                                                                                                     
           0                                                                                                     
       0.000000     0.000000 1.751270E+12     0.000000     0.000000     0.000000
       0.000000     0.000000     0.000000
           0                                                                                                     
           0                                                                                                     
        2240.00      14.0000     0.000000     0.000000     0.300000     0.000000
       0.000000     1.000000     0.000000
           0                                                                                                     
           0                                                                                                     
       0.000000     0.000000 1.751270E+12     0.000000     0.000000     0.000000
       0.000000     0.000000     0.000000
           0                                                                                                     
           0                                                                                                     
       0.000000     0.000000 1.751270E+12     0.000000     0.000000     0.000000
       0.000000     0.000000     0.000000
           0                                                                                                     
           0                                                                                                     
       0.000000     0.000000 1.751270E+12     0.000000     0.000000     0.000000
       0.000000     0.000000     0.000000
           0                                                                                                     
           0                                                                                                     
       0.000000     0.000000 1.751270E+12     0.000000     0.000000     0.000000
       0.000000     0.000000     0.000000
           0                                                                                                     
           0                                                                                                     
       0.000000     0.000000 1.751270E+12     0.000000     0.000000     0.000000
       0.000000     0.000000     0.000000
           0                                                                                                     
           0                                                                                                     
        2350.00      14.0000     0.000000     0.000000     0.300000     0.000000
       0.000000     1.000000     0.000000
           0                                                                                                     
           0                                                                                                     
       0.000000     0.000000 1.751270E+12     0.000000     0.000000     0.000000
       0.000000     0.000000     0.000000
           0                                                                                                     
           0                                                                                                     
       0.000000     0.000000 1.751270E+12     0.000000     0.000000     0.000000
       0.000000     0.000000     0.000000
           0                                                                                                     
           0                                                                                                     
       0.000000     0.000000 1.751270E+12     0.000000     0.000000     0.000000
       0.000000     0.000000     0.000000
           0                                                                                                     
           0                                                                                                     
       0.000000     0.000000 1.751270E+12     0.000000     0.000000     0.000000
       0.000000     0.000000     0.000000
           0                                                                                                     
           0                                                                                                     
       0.000000     0.000000 1.751270E+12     0.000000     0.000000     0.000000
       0.000000     0.000000     0.000000
           0                                                                                                     
           0                                                                                                     
        2370.00      1.00000 9.419520E+19     0.000000     0.000000     0.000000
       0.000000     0.000000     0.000000
           0                                                                                                     
           0                                                                                                     
       0.000000     0.000000 1.751270E+12     0.000000     0.000000     0.000000
       0.000000     0.000000     0.000000
           0                                                                                                     
           0                                                                                                     
       0.000000     0.000000 1.751270E+12     0.000000     0.000000     0.000000
       0.000000     0.000000     0.000000
           0                                                                                                     
           0                                                                                                     
       0.000000     0.000000 1.751270E+12     0.000000     0.000000     0.000000
       0.000000     0.000000     0.000000
           0                                                                                                     
           0                                                                                                     
       0.000000     0.000000 1.751270E+12     0.000000     0.000000     0.000000
       0.000000     0.000000     0.000000
           0                                                                                                     
           0                                                                                                     
       0.000000     0.000000 1.751270E+12     0.000000     0.000000     0.000000
       0.000000     0.000000     0.000000
           0                                                                                                     
           0                                                                                                     
#$ DISPLMNT
#$ FORCMNT
#$ UNIFORM
#$ WIND
#$ OFFSETS
#$ ALLOWBLS
#$ SIF&TEES
        50.0000      0.00000     0.000000     0.000000     0.000000     0.000000
       0.000000     0.000000     0.000000     0.000000     0.000000     0.000000
       0.000000     0.000000     0.000000     0.000000     0.000000     0.000000
       0.000000     0.000000     0.000000     0.000000     0.000000     0.000000
       0.000000     0.000000     0.000000     0.000000     0.000000     0.000000
       0.000000     0.000000     0.000000     0.000000     0.000000     0.000000
       0.000000     0.000000     0.000000     0.000000     0.000000     0.000000
       0.000000     0.000000     0.000000     0.000000     0.000000     0.000000
       0.000000     0.000000     0.000000     0.000000     0.000000     0.000000
       0.000000     0.000000     0.000000     0.000000     0.000000     0.000000
        100.000      5.00000     0.000000     0.000000     0.000000     0.000000
       0.000000     0.000000     0.000000     0.000000     0.000000     0.000000
       0.000000     0.000000     0.000000     0.000000     0.000000     0.000000
       0.000000     0.000000     0.000000     0.000000     0.000000     0.000000
       0.000000     0.000000     0.000000     0.000000     0.000000     0.000000
       0.000000     0.000000     0.000000     0.000000     0.000000     0.000000
       0.000000     0.000000     0.000000     0.000000     0.000000     0.000000
       0.000000     0.000000     0.000000     0.000000     0.000000     0.000000
       0.000000     0.000000     0.000000     0.000000     0.000000     0.000000
       0.000000     0.000000     0.000000     0.000000     0.000000     0.000000
        210.000      5.00000     0.000000     0.000000     0.000000     0.000000
       0.000000     0.000000     0.000000     0.000000     0.000000     0.000000
       0.000000     0.000000     0.000000     0.000000     0.000000     0.000000
       0.000000     0.000000     0.000000     0.000000     0.000000     0.000000
       0.000000     0.000000     0.000000     0.000000     0.000000     0.000000
       0.000000     0.000000     0.000000     0.000000     0.000000     0.000000
       0.000000     0.000000     0.000000     0.000000     0.000000     0.000000
       0.000000     0.000000     0.000000     0.000000     0.000000     0.000000
       0.000000     0.000000     0.000000     0.000000     0.000000     0.000000
       0.000000     0.000000     0.000000     0.000000     0.000000     0.000000
        260.000      5.00000     0.000000     0.000000     0.000000     0.000000
       0.000000     0.000000     0.000000     0.000000     0.000000     0.000000
       0.000000     0.000000     0.000000     0.000000     0.000000     0.000000
       0.000000     0.000000     0.000000     0.000000     0.000000     0.000000
       0.000000     0.000000     0.000000     0.000000     0.000000     0.000000
       0.000000     0.000000     0.000000     0.000000     0.000000     0.000000
       0.000000     0.000000     0.000000     0.000000     0.000000     0.000000
       0.000000     0.000000     0.000000     0.000000     0.000000     0.000000
       0.000000     0.000000     0.000000     0.000000     0.000000     0.000000
       0.000000     0.000000     0.000000     0.000000     0.000000     0.000000
        750.000      0.00000     0.000000     0.000000     0.000000     0.000000
       0.000000     0.000000     0.000000     0.000000     0.000000     0.000000
       0.000000     0.000000     0.000000     0.000000     0.000000     0.000000
       0.000000     0.000000     0.000000     0.000000     0.000000     0.000000
       0.000000     0.000000     0.000000     0.000000     0.000000     0.000000
       0.000000     0.000000     0.000000     0.000000     0.000000     0.000000
       0.000000     0.000000     0.000000     0.000000     0.000000     0.000000
       0.000000     0.000000     0.000000     0.000000     0.000000     0.000000
       0.000000     0.000000     0.000000     0.000000     0.000000     0.000000
       0.000000     0.000000     0.000000     0.000000     0.000000     0.000000
        790.000      5.00000     0.000000     0.000000     0.000000     0.000000
       0.000000     0.000000     0.000000     0.000000     0.000000     0.000000
       0.000000     0.000000     0.000000     0.000000     0.000000     0.000000
       0.000000     0.000000     0.000000     0.000000     0.000000     0.000000
       0.000000     0.000000     0.000000     0.000000     0.000000     0.000000
       0.000000     0.000000     0.000000     0.000000     0.000000     0.000000
       0.000000     0.000000     0.000000     0.000000     0.000000     0.000000
       0.000000     0.000000     0.000000     0.000000     0.000000     0.000000
       0.000000     0.000000     0.000000     0.000000     0.000000     0.000000
       0.000000     0.000000     0.000000     0.000000     0.000000     0.000000
        830.000      5.00000     0.000000     0.000000     0.000000     0.000000
       0.000000     0.000000     0.000000     0.000000     0.000000     0.000000
       0.000000     0.000000     0.000000     0.000000     0.000000     0.000000
       0.000000     0.000000     0.000000     0.000000     0.000000     0.000000
       0.000000     0.000000     0.000000     0.000000     0.000000     0.000000
       0.000000     0.000000     0.000000     0.000000     0.000000     0.000000
       0.000000     0.000000     0.000000     0.000000     0.000000     0.000000
       0.000000     0.000000     0.000000     0.000000     0.000000     0.000000
       0.000000     0.000000     0.000000     0.000000     0.000000     0.000000
       0.000000     0.000000     0.000000     0.000000     0.000000     0.000000
        1390.00      3.00000     0.000000     0.000000     0.000000     0.000000
       0.000000     0.000000     0.000000     0.000000     0.000000     0.000000
       0.000000     0.000000     0.000000     0.000000     0.000000     0.000000
       0.000000     0.000000     0.000000     0.000000     0.000000     0.000000
       0.000000     0.000000     0.000000     0.000000     0.000000     0.000000
       0.000000     0.000000     0.000000     0.000000     0.000000     0.000000
       0.000000     0.000000     0.000000     0.000000     0.000000     0.000000
       0.000000     0.000000     0.000000     0.000000     0.000000     0.000000
       0.000000     0.000000     0.000000     0.000000     0.000000     0.000000
       0.000000     0.000000     0.000000     0.000000     0.000000     0.000000
        1790.00      0.00000     0.000000     0.000000     0.000000     0.000000
       0.000000     0.000000     0.000000     0.000000     0.000000     0.000000
       0.000000     0.000000     0.000000     0.000000     0.000000     0.000000
       0.000000     0.000000     0.000000     0.000000     0.000000     0.000000
       0.000000     0.000000     0.000000     0.000000     0.000000     0.000000
       0.000000     0.000000     0.000000     0.000000     0.000000     0.000000
       0.000000     0.000000     0.000000     0.000000     0.000000     0.000000
       0.000000     0.000000     0.000000     0.000000     0.000000     0.000000
       0.000000     0.000000     0.000000     0.000000     0.000000     0.000000
       0.000000     0.000000     0.000000     0.000000     0.000000     0.000000
        1830.00      5.00000     0.000000     0.000000     0.000000     0.000000
       0.000000     0.000000     0.000000     0.000000     0.000000     0.000000
       0.000000     0.000000     0.000000     0.000000     0.000000     0.000000
       0.000000     0.000000     0.000000     0.000000     0.000000     0.000000
       0.000000     0.000000     0.000000     0.000000     0.000000     0.000000
       0.000000     0.000000     0.000000     0.000000     0.000000     0.000000
       0.000000     0.000000     0.000000     0.000000     0.000000     0.000000
       0.000000     0.000000     0.000000     0.000000     0.000000     0.000000
       0.000000     0.000000     0.000000     0.000000     0.000000     0.000000
       0.000000     0.000000     0.000000     0.000000     0.000000     0.000000
        2050.00      3.00000     0.000000     0.000000     0.000000     0.000000
       0.000000     0.000000     0.000000     0.000000     0.000000     0.000000
       0.000000     0.000000     0.000000     0.000000     0.000000     0.000000
       0.000000     0.000000     0.000000     0.000000     0.000000     0.000000
       0.000000     0.000000     0.000000     0.000000     0.000000     0.000000
       0.000000     0.000000     0.000000     0.000000     0.000000     0.000000
       0.000000     0.000000     0.000000     0.000000     0.000000     0.000000
       0.000000     0.000000     0.000000     0.000000     0.000000     0.000000
       0.000000     0.000000     0.000000     0.000000     0.000000     0.000000
       0.000000     0.000000     0.000000     0.000000     0.000000     0.000000
        2280.00      3.00000     0.000000     0.000000     0.000000     0.000000
       0.000000     0.000000     0.000000     0.000000     0.000000     0.000000
       0.000000     0.000000     0.000000     0.000000     0.000000     0.000000
       0.000000     0.000000     0.000000     0.000000     0.000000     0.000000
       0.000000     0.000000     0.000000     0.000000     0.000000     0.000000
       0.000000     0.000000     0.000000     0.000000     0.000000     0.000000
       0.000000     0.000000     0.000000     0.000000     0.000000     0.000000
       0.000000     0.000000     0.000000     0.000000     0.000000     0.000000
       0.000000     0.000000     0.000000     0.000000     0.000000     0.000000
       0.000000     0.000000     0.000000     0.000000     0.000000     0.000000
        2310.00      5.00000     0.000000     0.000000     0.000000     0.000000
       0.000000     0.000000     0.000000     0.000000     0.000000     0.000000
       0.000000     0.000000     0.000000     0.000000     0.000000     0.000000
       0.000000     0.000000     0.000000     0.000000     0.000000     0.000000
       0.000000     0.000000     0.000000     0.000000     0.000000     0.000000
       0.000000     0.000000     0.000000     0.000000     0.000000     0.000000
       0.000000     0.000000     0.000000     0.000000     0.000000     0.000000
       0.000000     0.000000     0.000000     0.000000     0.000000     0.000000
       0.000000     0.000000     0.000000     0.000000     0.000000     0.000000
       0.000000     0.000000     0.000000     0.000000     0.000000     0.000000
#$ REDUCERS
        168.300      7.11000      15.8320     0.000000     0.000000
        88.9000      5.49000      15.8320     0.000000     0.000000
        273.000      9.27000       8.6090     0.000000     0.000000
        273.000      9.27000      16.3890     0.000000     0.000000
#$ FLANGES
#$ EQUIPMNT
#$ MISCEL_1
        1.00000      1.00000      1.00000      1.00000      1.00000      1.00000
        1.00000      1.00000      1.00000      1.00000      1.00000      1.00000
        1.00000      1.00000      1.00000      1.00000      1.00000      1.00000
        1.00000      1.00000      1.00000      1.00000      1.00000      1.00000
        1.00000      1.00000      1.00000      1.00000      1.00000      1.00000
        1.00000      1.00000      1.00000      1.00000      1.00000      1.00000
        1.00000      1.00000      1.00000      1.00000      1.00000      1.00000
        1.00000      1.00000      1.00000      1.00000      1.00000      1.00000
        1.00000      1.00000      1.00000      1.00000      1.00000      1.00000
        1.00000      1.00000      1.00000      1.00000      1.00000      1.00000
        1.00000      1.00000      1.00000      1.00000      1.00000      1.00000
        1.00000      1.00000      1.00000      1.00000      1.00000      1.00000
        1.00000      1.00000      1.00000      1.00000      1.00000      1.00000
        1.00000      1.00000      1.00000      1.00000      1.00000      1.00000
        1.00000      1.00000      1.00000      1.00000      1.00000      1.00000
        1.00000      1.00000      1.00000      1.00000      1.00000      1.00000
        1.00000      1.00000      1.00000      1.00000      1.00000      1.00000
        1.00000      1.00000      1.00000      1.00000      1.00000      1.00000
        1.00000      1.00000      1.00000      1.00000      1.00000      1.00000
        1.00000      1.00000      1.00000      1.00000      1.00000      1.00000
        1.00000      1.00000      1.00000      1.00000      1.00000      1.00000
        1.00000      1.00000      1.00000      1.00000      1.00000      1.00000
        1.00000      1.00000      1.00000      1.00000      1.00000      1.00000
        1.00000      1.00000      1.00000      1.00000      1.00000      1.00000
              0            0            0            0     0.000000            0
              0            0      21.0000     0.000000            0            0
              0            0            0            0            0            0
              3
#$ UNITS
        25.4000      4.44822     0.453592     0.112985     0.112985      6.89476
       0.555556     -17.7778      6.89476      6.89476 2.768000E-02 2.768000E-02
   2.768000E-02      1.75127     0.112985      1.75127      1.00000      6.89476
   2.540000E-02      25.4000      25.4000      25.4000
  SI (mm)        
  on 
  mm.
  N. 
  Kg.
  N.m.  
  N.m.. 
  KPa       
  C
  C
  KPa       
  KPa       
  kg.cu.cm. 
  kg.cu.cm. 
  kg.cu.cm. 
  N./cm. 
  N.m./deg  
  N./cm. 
  g's
  Kpa       
  m. 
  mm.
  mm.
  mm.
#$ COORDS
              4
             10  421773.2210    1184.1500 1141354.0000
           1030  440660.2190    1300.2000 1159925.0000
           1140  437294.2190    2184.1500 1144825.0000
           1680  445580.1510    3209.5500 1165800.0000
