#$ VERSION
        5.00000      11.0000    1252
  DateTime: 15:09:10 7 July 2026
  Source: AVEVA PSI
  Version: 3.1.7.0 (psi2cii.exe version 3.1.0.3 (Feb 21 2024))
  UserName: MUCO426
  Purpose: Preliminary stress run
  ProjectName: GAS
  MDBName: /BTGP
  PSI stress Output
  
  
  
  
  
  
  
  
  
  
  
  
  
  
  
  
  
  
  
  
  
  
  
  
  
  
  
  
  
  
  
  
  
  
  
  
  
  
  
  
  
  
  
  
  
  
  
  
  
  
  
  
#$ CONTROL
            194            0            0           92            5            0
             27           64            0           74            0            0
              0            0            0            0           20            0
              0
#$ ELEMENTS
        10.0000      20.0000     0.000000     -243.850     0.000000      168.300
        10.9700     0.000000      6.00000      80.0000      58.8000      5.00000
       0.000000     0.000000     0.000000     0.000000     0.000000     0.000000
        9200.00     0.000000     0.000000     0.000000     0.000000     0.000000
       0.000000     0.000000     0.000000     0.000000     0.000000     0.000000
       0.000000 7.611000E-04     0.000000     0.000000     0.000000      15315.0
       0.000000     0.000000     0.000000     0.000000     0.000000     0.000000
       0.000000     0.000000     0.000000     0.000000     0.000000     0.000000
       0.000000     0.000000     0.000000     0.000000     0.000000
           0                                                                                                                                                                                                                                                                                                                                                                                                                                                                                                                     
          38 /BMOL-1000-PL-6"-O1610002(PL-03)-01/B1                                                                                                                                                                                                                                                                                                                                                                                                                                                                              
             -1           -1
              0            0            0            1            0            0
              0            0            0            0            0            0
              0            0            0
        20.0000      40.0000     -26062.5     0.000000     0.000000      168.300
        10.9700     0.000000      6.00000      80.0000      58.8000      5.00000
       0.000000     0.000000     0.000000     0.000000     0.000000     0.000000
        9200.00     0.000000     0.000000     0.000000     0.000000     0.000000
       0.000000     0.000000     0.000000     0.000000     0.000000     0.000000
       0.000000 7.611000E-04     0.000000     0.000000     0.000000      15315.0
       0.000000     0.000000     0.000000     0.000000     0.000000     0.000000
       0.000000     0.000000     0.000000     0.000000     0.000000     0.000000
       0.000000     0.000000     0.000000     0.000000     0.000000
           0                                                                                                                                                                                                                                                                                                                                                                                                                                                                                                                     
          38 /BMOL-1000-PL-6"-O1610002(PL-03)-01/B1                                                                                                                                                                                                                                                                                                                                                                                                                                                                              
             -1           -1
              0            0            0            0            0            0
              0            0            0            0            0            0
              0            0            0
        40.0000      50.0000     -12115.6      3246.37     0.000000      168.300
        10.9700     0.000000      6.00000      80.0000      58.8000      5.00000
       0.000000     0.000000     0.000000     0.000000     0.000000     0.000000
        9200.00     0.000000     0.000000     0.000000     0.000000     0.000000
       0.000000     0.000000     0.000000     0.000000     0.000000     0.000000
       0.000000 7.611000E-04     0.000000     0.000000     0.000000      15315.0
       0.000000     0.000000     0.000000     0.000000     0.000000     0.000000
       0.000000     0.000000     0.000000     0.000000     0.000000     0.000000
       0.000000     0.000000     0.000000     0.000000     0.000000
           0                                                                                                                                                                                                                                                                                                                                                                                                                                                                                                                     
          38 /BMOL-1000-PL-6"-O1610002(PL-03)-01/B1                                                                                                                                                                                                                                                                                                                                                                                                                                                                              
             -1           -1
              0            0            0            0            0            0
              0            0            0            0            0            0
              0            0            0
        50.0000      60.0000     -3829.43     0.000000     0.000000      168.300
        10.9700     0.000000      6.00000      80.0000      58.8000      5.00000
       0.000000     0.000000     0.000000     0.000000     0.000000     0.000000
        9200.00     0.000000     0.000000     0.000000     0.000000     0.000000
       0.000000     0.000000     0.000000     0.000000     0.000000     0.000000
       0.000000 7.611000E-04     0.000000     0.000000     0.000000      15315.0
       0.000000     0.000000     0.000000     0.000000     0.000000     0.000000
       0.000000     0.000000     0.000000     0.000000     0.000000     0.000000
       0.000000     0.000000     0.000000     0.000000     0.000000
           0                                                                                                                                                                                                                                                                                                                                                                                                                                                                                                                     
          38 /BMOL-1000-PL-6"-O1610002(PL-03)-01/B1                                                                                                                                                                                                                                                                                                                                                                                                                                                                              
             -1           -1
              0            0            0            2            0            0
              0            0            0            0            0            1
              0            0            0
        60.0000      70.0000     -4800.00     0.000000     0.000000      168.300
        10.9700     0.000000      6.00000      80.0000      58.8000      5.00000
       0.000000     0.000000     0.000000     0.000000     0.000000     0.000000
        9200.00     0.000000     0.000000     0.000000     0.000000     0.000000
       0.000000     0.000000     0.000000     0.000000     0.000000     0.000000
       0.000000 7.611000E-04     0.000000     0.000000     0.000000      15315.0
       0.000000     0.000000     0.000000     0.000000     0.000000     0.000000
       0.000000     0.000000     0.000000     0.000000     0.000000     0.000000
       0.000000     0.000000     0.000000     0.000000     0.000000
           0                                                                                                                                                                                                                                                                                                                                                                                                                                                                                                                     
          38 /BMOL-1000-PL-6"-O1610002(PL-03)-01/B1                                                                                                                                                                                                                                                                                                                                                                                                                                                                              
             -1           -1
              0            0            0            0            0            0
              0            0            0            0            1            2
              0            0            0
        70.0000      80.0000     -1130.00     0.000000     0.000000      168.300
        10.9700     0.000000      6.00000      80.0000      58.8000      5.00000
       0.000000     0.000000     0.000000     0.000000     0.000000     0.000000
        9200.00     0.000000     0.000000     0.000000     0.000000     0.000000
       0.000000     0.000000     0.000000     0.000000     0.000000     0.000000
       0.000000 7.611000E-04     0.000000     0.000000     0.000000      15315.0
       0.000000     0.000000     0.000000     0.000000     0.000000     0.000000
       0.000000     0.000000     0.000000     0.000000     0.000000     0.000000
       0.000000     0.000000     0.000000     0.000000     0.000000
           0                                                                                                                                                                                                                                                                                                                                                                                                                                                                                                                     
          38 /BMOL-1000-PL-6"-O1610002(PL-03)-01/B1                                                                                                                                                                                                                                                                                                                                                                                                                                                                              
             -1           -1
              0            0            0            3            0            0
              0            0            0            0            0            3
              0            0            0
        80.0000      100.000     -509.600     0.000000     0.000000      168.300
        10.9700     0.000000      6.00000      80.0000      58.8000      5.00000
       0.000000     0.000000     0.000000     0.000000     0.000000     0.000000
        9200.00     0.000000     0.000000     0.000000     0.000000     0.000000
       0.000000     0.000000     0.000000     0.000000     0.000000     0.000000
       0.000000 7.611000E-04     0.000000     0.000000     0.000000      15315.0
       0.000000     0.000000     0.000000     0.000000     0.000000     0.000000
       0.000000     0.000000     0.000000     0.000000     0.000000     0.000000
       0.000000     0.000000     0.000000     0.000000     0.000000
           0                                                                                                                                                                                                                                                                                                                                                                                                                                                                                                                     
          38 /BMOL-1000-PL-6"-O1610002(PL-03)-01/B1                                                                                                                                                                                                                                                                                                                                                                                                                                                                              
             -1           -1
              0            0            0            0            0            0
              0            0            0            0            0            4
              0            0            0
        100.000      107.000     -124.000     0.000000     0.000000      168.300
        10.9700     0.000000      6.00000      80.0000      58.8000      5.00000
       0.000000     0.000000     0.000000     0.000000     0.000000     0.000000
        9200.00     0.000000     0.000000     0.000000     0.000000     0.000000
       0.000000     0.000000     0.000000     0.000000     0.000000     0.000000
       0.000000 7.611000E-04     0.000000     0.000000     0.000000      15315.0
       0.000000     0.000000     0.000000     0.000000     0.000000     0.000000
       0.000000     0.000000     0.000000     0.000000     0.000000     0.000000
       0.000000     0.000000     0.000000     0.000000     0.000000
           0                                                                                                                                                                                                                                                                                                                                                                                                                                                                                                                     
          38 /BMOL-1000-PL-6"-O1610002(PL-03)-01/B1                                                                                                                                                                                                                                                                                                                                                                                                                                                                              
             -1           -1
              0            1            0            0            0            0
              0            0            0            0            0            5
              0            0            0
        107.000      109.000     -562.200     0.000000     0.000000      168.300
        10.9700     0.000000      6.00000      80.0000      58.8000      5.00000
       0.000000     0.000000     0.000000     0.000000     0.000000     0.000000
        9200.00     0.000000     0.000000     0.000000     0.000000     0.000000
       0.000000     0.000000     0.000000     0.000000     0.000000     0.000000
       0.000000 7.611000E-04     0.000000     0.000000     0.000000      15315.0
       0.000000     0.000000     0.000000     0.000000     0.000000     0.000000
       0.000000     0.000000     0.000000     0.000000     0.000000     0.000000
       0.000000     0.000000     0.000000     0.000000     0.000000
           0                                                                                                                                                                                                                                                                                                                                                                                                                                                                                                                     
          38 /BMOL-1000-PL-6"-O1610002(PL-03)-01/B1                                                                                                                                                                                                                                                                                                                                                                                                                                                                              
             -1           -1
              0            2            0            4            0            0
              0            0            0            0            0            0
              0            0            0
        110.000      120.000     -124.000     0.000000     0.000000      168.300
        6.30000     0.000000     0.000000      80.0000      58.8000      5.00000
       0.000000     0.000000     0.000000     0.000000     0.000000     0.000000
        9200.00     0.000000     0.000000     0.000000     0.000000     0.000000
       0.000000     0.000000     0.000000     0.000000     0.000000     0.000000
       0.000000 7.611000E-04     0.000000     0.000000     0.000000      15315.0
       0.000000     0.000000     0.000000     0.000000     0.000000     0.000000
       0.000000     0.000000     0.000000     0.000000     0.000000     0.000000
       0.000000     0.000000     0.000000     0.000000     0.000000
           0                                                                                                                                                                                                                                                                                                                                                                                                                                                                                                                     
          41 /BMOL-1000-PL-6"-O1610002(R-161001)-01/B1                                                                                                                                                                                                                                                                                                                                                                                                                                                                           
             -1           -1
              0            3            0            5            0            0
              0            0            0            0            0            0
              0            0            0
        120.000      130.000     -299.730     -3.00000     0.000000      168.300
        6.30000     0.000000     0.000000      80.0000      58.8000      5.00000
       0.000000     0.000000     0.000000     0.000000     0.000000     0.000000
        9200.00     0.000000     0.000000     0.000000     0.000000     0.000000
       0.000000     0.000000     0.000000     0.000000     0.000000     0.000000
       0.000000 7.611000E-04     0.000000     0.000000     0.000000      15315.0
       0.000000     0.000000     0.000000     0.000000     0.000000     0.000000
       0.000000     0.000000     0.000000     0.000000     0.000000     0.000000
       0.000000     0.000000     0.000000     0.000000     0.000000
           0                                                                                                                                                                                                                                                                                                                                                                                                                                                                                                                     
          41 /BMOL-1000-PL-6"-O1610002(R-161001)-01/B1                                                                                                                                                                                                                                                                                                                                                                                                                                                                           
             -1           -1
              0            0            0            0            0            0
              0            0            0            0            2            0
              0            0            0
        130.000      150.000     -498.230     -4.98000     0.000000      168.300
        6.30000     0.000000     0.000000      80.0000      58.8000      5.00000
       0.000000     0.000000     0.000000     0.000000     0.000000     0.000000
        9200.00     0.000000     0.000000     0.000000     0.000000     0.000000
       0.000000     0.000000     0.000000     0.000000     0.000000     0.000000
       0.000000 7.611000E-04     0.000000     0.000000     0.000000      15315.0
       0.000000     0.000000     0.000000     0.000000     0.000000     0.000000
       0.000000     0.000000     0.000000     0.000000     0.000000     0.000000
       0.000000     0.000000     0.000000     0.000000     0.000000
           0                                                                                                                                                                                                                                                                                                                                                                                                                                                                                                                     
          41 /BMOL-1000-PL-6"-O1610002(R-161001)-01/B1                                                                                                                                                                                                                                                                                                                                                                                                                                                                           
             -1           -1
              0            0            0            0            0            0
              0            0            0            0            3            0
              0            0            0
        150.000      160.000     -500.020     -5.00000     0.000000      168.300
        6.30000     0.000000     0.000000      80.0000      58.8000      5.00000
       0.000000     0.000000     0.000000     0.000000     0.000000     0.000000
        9200.00     0.000000     0.000000     0.000000     0.000000     0.000000
       0.000000     0.000000     0.000000     0.000000     0.000000     0.000000
       0.000000 7.611000E-04     0.000000     0.000000     0.000000      15315.0
       0.000000     0.000000     0.000000     0.000000     0.000000     0.000000
       0.000000     0.000000     0.000000     0.000000     0.000000     0.000000
       0.000000     0.000000     0.000000     0.000000     0.000000
           0                                                                                                                                                                                                                                                                                                                                                                                                                                                                                                                     
          41 /BMOL-1000-PL-6"-O1610002(R-161001)-01/B1                                                                                                                                                                                                                                                                                                                                                                                                                                                                           
             -1           -1
              0            0            0            0            0            0
              0            0            0            0            4            0
              0            0            0
        160.000      170.000     -701.740     -7.02000     0.000000      168.300
        6.30000     0.000000     0.000000      80.0000      58.8000      5.00000
       0.000000     0.000000     0.000000     0.000000     0.000000     0.000000
        9200.00     0.000000     0.000000     0.000000     0.000000     0.000000
       0.000000     0.000000     0.000000     0.000000     0.000000     0.000000
       0.000000 7.611000E-04     0.000000     0.000000     0.000000      15315.0
       0.000000     0.000000     0.000000     0.000000     0.000000     0.000000
       0.000000     0.000000     0.000000     0.000000     0.000000     0.000000
       0.000000     0.000000     0.000000     0.000000     0.000000
           0                                                                                                                                                                                                                                                                                                                                                                                                                                                                                                                     
          41 /BMOL-1000-PL-6"-O1610002(R-161001)-01/B1                                                                                                                                                                                                                                                                                                                                                                                                                                                                           
             -1           -1
              0            0            0            0            0            0
              0            0            0            0            5            0
              0            0            0
        170.000      180.000     -799.960     -8.00000     0.000000      168.300
        6.30000     0.000000     0.000000      80.0000      58.8000      5.00000
       0.000000     0.000000     0.000000     0.000000     0.000000     0.000000
        9200.00     0.000000     0.000000     0.000000     0.000000     0.000000
       0.000000     0.000000     0.000000     0.000000     0.000000     0.000000
       0.000000 7.611000E-04     0.000000     0.000000     0.000000      15315.0
       0.000000     0.000000     0.000000     0.000000     0.000000     0.000000
       0.000000     0.000000     0.000000     0.000000     0.000000     0.000000
       0.000000     0.000000     0.000000     0.000000     0.000000
           0                                                                                                                                                                                                                                                                                                                                                                                                                                                                                                                     
          41 /BMOL-1000-PL-6"-O1610002(R-161001)-01/B1                                                                                                                                                                                                                                                                                                                                                                                                                                                                           
             -1           -1
              0            0            0            0            0            0
              0            0            0            0            0            0
              0            0            0
        180.000      190.000     -178.510      50.5700     0.000000      168.300
        6.30000     0.000000     0.000000      80.0000      58.8000      5.00000
       0.000000     0.000000     0.000000     0.000000     0.000000     0.000000
        9200.00     0.000000     0.000000     0.000000     0.000000     0.000000
       0.000000     0.000000     0.000000     0.000000     0.000000     0.000000
       0.000000 7.611000E-04     0.000000     0.000000     0.000000      15315.0
       0.000000     0.000000     0.000000     0.000000     0.000000     0.000000
       0.000000     0.000000     0.000000     0.000000     0.000000     0.000000
       0.000000     0.000000     0.000000     0.000000     0.000000
           0                                                                                                                                                                                                                                                                                                                                                                                                                                                                                                                     
          41 /BMOL-1000-PL-6"-O1610002(R-161001)-01/B1                                                                                                                                                                                                                                                                                                                                                                                                                                                                           
             -1           -1
              0            0            0            0            0            0
              0            0            0            0            0            0
              1            0            0
        190.000      200.000     -260.240     -2.60000     0.000000      273.000
        6.30000     0.000000     0.000000      80.0000      58.8000      5.00000
       0.000000     0.000000     0.000000     0.000000     0.000000     0.000000
        9200.00     0.000000     0.000000     0.000000     0.000000     0.000000
       0.000000     0.000000     0.000000     0.000000     0.000000     0.000000
       0.000000 7.611000E-04     0.000000     0.000000     0.000000      15315.0
       0.000000     0.000000     0.000000     0.000000     0.000000     0.000000
       0.000000     0.000000     0.000000     0.000000     0.000000     0.000000
       0.000000     0.000000     0.000000     0.000000     0.000000
           0                                                                                                                                                                                                                                                                                                                                                                                                                                                                                                                     
          41 /BMOL-1000-PL-6"-O1610002(R-161001)-01/B1                                                                                                                                                                                                                                                                                                                                                                                                                                                                           
             -1           -1
              0            0            0            0            0            0
              0            0            0            0            6            0
              0            0            0
        200.000      210.000     -648.180     -6.49000     0.000000      273.000
        6.30000     0.000000     0.000000      80.0000      58.8000      5.00000
       0.000000     0.000000     0.000000     0.000000     0.000000     0.000000
        9200.00     0.000000     0.000000     0.000000     0.000000     0.000000
       0.000000     0.000000     0.000000     0.000000     0.000000     0.000000
       0.000000 7.611000E-04     0.000000     0.000000     0.000000      15315.0
       0.000000     0.000000     0.000000     0.000000     0.000000     0.000000
       0.000000     0.000000     0.000000     0.000000     0.000000     0.000000
       0.000000     0.000000     0.000000     0.000000     0.000000
           0                                                                                                                                                                                                                                                                                                                                                                                                                                                                                                                     
          41 /BMOL-1000-PL-6"-O1610002(R-161001)-01/B1                                                                                                                                                                                                                                                                                                                                                                                                                                                                           
             -1           -1
              0            0            0            0            0            0
              0            0            0            0            7            0
              0            0            0
        210.000      220.000     -925.120     -9.25000     0.000000      273.000
        6.30000     0.000000     0.000000      80.0000      58.8000      5.00000
       0.000000     0.000000     0.000000     0.000000     0.000000     0.000000
        9200.00     0.000000     0.000000     0.000000     0.000000     0.000000
       0.000000     0.000000     0.000000     0.000000     0.000000     0.000000
       0.000000 7.611000E-04     0.000000     0.000000     0.000000      15315.0
       0.000000     0.000000     0.000000     0.000000     0.000000     0.000000
       0.000000     0.000000     0.000000     0.000000     0.000000     0.000000
       0.000000     0.000000     0.000000     0.000000     0.000000
           0                                                                                                                                                                                                                                                                                                                                                                                                                                                                                                                     
          41 /BMOL-1000-PL-6"-O1610002(R-161001)-01/B1                                                                                                                                                                                                                                                                                                                                                                                                                                                                           
             -1           -1
              0            0            0            0            0            0
              0            0            0            0            8            0
              0            0            0
        220.000      230.000     -1001.69     -10.0200     0.000000      273.000
        6.30000     0.000000     0.000000      80.0000      58.8000      5.00000
       0.000000     0.000000     0.000000     0.000000     0.000000     0.000000
        9200.00     0.000000     0.000000     0.000000     0.000000     0.000000
       0.000000     0.000000     0.000000     0.000000     0.000000     0.000000
       0.000000 7.611000E-04     0.000000     0.000000     0.000000      15315.0
       0.000000     0.000000     0.000000     0.000000     0.000000     0.000000
       0.000000     0.000000     0.000000     0.000000     0.000000     0.000000
       0.000000     0.000000     0.000000     0.000000     0.000000
           0                                                                                                                                                                                                                                                                                                                                                                                                                                                                                                                     
          41 /BMOL-1000-PL-6"-O1610002(R-161001)-01/B1                                                                                                                                                                                                                                                                                                                                                                                                                                                                           
             -1           -1
              0            0            0            0            0            0
              0            0            0            0            9            0
              0            0            0
        230.000      250.000     -300.790     -3.01000     0.000000      273.000
        6.30000     0.000000     0.000000      80.0000      58.8000      5.00000
       0.000000     0.000000     0.000000     0.000000     0.000000     0.000000
        9200.00     0.000000     0.000000     0.000000     0.000000     0.000000
       0.000000     0.000000     0.000000     0.000000     0.000000     0.000000
       0.000000 7.611000E-04     0.000000     0.000000     0.000000      15315.0
       0.000000     0.000000     0.000000     0.000000     0.000000     0.000000
       0.000000     0.000000     0.000000     0.000000     0.000000     0.000000
       0.000000     0.000000     0.000000     0.000000     0.000000
           0                                                                                                                                                                                                                                                                                                                                                                                                                                                                                                                     
          41 /BMOL-1000-PL-6"-O1610002(R-161001)-01/B1                                                                                                                                                                                                                                                                                                                                                                                                                                                                           
             -1           -1
              0            0            0            0            0            0
              0            0            0            0            0            0
              0            0            0
        250.000      259.000     -158.990     -1.59000     0.000000      273.000
        6.30000     0.000000     0.000000      80.0000      58.8000      5.00000
       0.000000     0.000000     0.000000     0.000000     0.000000     0.000000
        9200.00     0.000000     0.000000     0.000000     0.000000     0.000000
       0.000000     0.000000     0.000000     0.000000     0.000000     0.000000
       0.000000 7.611000E-04     0.000000     0.000000     0.000000      15315.0
       0.000000     0.000000     0.000000     0.000000     0.000000     0.000000
       0.000000     0.000000     0.000000     0.000000     0.000000     0.000000
       0.000000     0.000000     0.000000     0.000000     0.000000
           0                                                                                                                                                                                                                                                                                                                                                                                                                                                                                                                     
          41 /BMOL-1000-PL-6"-O1610002(R-161001)-01/B1                                                                                                                                                                                                                                                                                                                                                                                                                                                                           
             -1           -1
              0            4            0            0            0            0
              0            0            0            0            0            0
              0            0            0
        259.000      260.000     -73.7000    -0.730000     0.000000      273.000
        6.30000     0.000000     0.000000      80.0000      58.8000      5.00000
       0.000000     0.000000     0.000000     0.000000     0.000000     0.000000
        9200.00     0.000000     0.000000     0.000000     0.000000     0.000000
       0.000000     0.000000     0.000000     0.000000     0.000000     0.000000
       0.000000 7.611000E-04     0.000000     0.000000     0.000000      15315.0
       0.000000     0.000000     0.000000     0.000000     0.000000     0.000000
       0.000000     0.000000     0.000000     0.000000     0.000000     0.000000
       0.000000     0.000000     0.000000     0.000000     0.000000
           0                                                                                                                                                                                                                                                                                                                                                                                                                                                                                                                     
          41 /BMOL-1000-PL-6"-O1610002(R-161001)-01/B1                                                                                                                                                                                                                                                                                                                                                                                                                                                                           
             -1           -1
              0            5            0            6            0            0
              0            0            0            0            0            0
              0            0            0
        70.0000      270.000     0.000000     0.000000      1096.00      168.300
        6.30000     0.000000      6.00000      80.0000      58.8000      5.00000
       0.000000     0.000000     0.000000     0.000000     0.000000     0.000000
        9200.00     0.000000     0.000000     0.000000     0.000000     0.000000
       0.000000     0.000000     0.000000     0.000000     0.000000     0.000000
       0.000000 7.611000E-04     0.000000     0.000000     0.000000      15315.0
       0.000000     0.000000     0.000000     0.000000     0.000000     0.000000
       0.000000     0.000000     0.000000     0.000000     0.000000     0.000000
       0.000000     0.000000     0.000000     0.000000     0.000000
           0                                                                                                                                                                                                                                                                                                                                                                                                                                                                                                                     
          38 /BMOL-1000-PL-6"-O1610002(PL-03)-01/B2                                                                                                                                                                                                                                                                                                                                                                                                                                                                              
             -1           -1
              0            0            0            0            0            0
              0            0            0            0           10            0
              0            0            0
        270.000      290.000     0.000000     0.000000      289.000      168.300
        6.30000     0.000000      6.00000      80.0000      58.8000      5.00000
       0.000000     0.000000     0.000000     0.000000     0.000000     0.000000
        9200.00     0.000000     0.000000     0.000000     0.000000     0.000000
       0.000000     0.000000     0.000000     0.000000     0.000000     0.000000
       0.000000 7.611000E-04     0.000000     0.000000     0.000000      15315.0
       0.000000     0.000000     0.000000     0.000000     0.000000     0.000000
       0.000000     0.000000     0.000000     0.000000     0.000000     0.000000
       0.000000     0.000000     0.000000     0.000000     0.000000
           0                                                                                                                                                                                                                                                                                                                                                                                                                                                                                                                     
          38 /BMOL-1000-PL-6"-O1610002(PL-03)-01/B2                                                                                                                                                                                                                                                                                                                                                                                                                                                                              
             -1           -1
              0            0            0            0            0            0
              0            0            0            0            0            6
              0            0            0
        290.000      297.000     0.000000     0.000000      124.000      168.300
        6.30000     0.000000      6.00000      80.0000      58.8000      5.00000
       0.000000     0.000000     0.000000     0.000000     0.000000     0.000000
        9200.00     0.000000     0.000000     0.000000     0.000000     0.000000
       0.000000     0.000000     0.000000     0.000000     0.000000     0.000000
       0.000000 7.611000E-04     0.000000     0.000000     0.000000      15315.0
       0.000000     0.000000     0.000000     0.000000     0.000000     0.000000
       0.000000     0.000000     0.000000     0.000000     0.000000     0.000000
       0.000000     0.000000     0.000000     0.000000     0.000000
           0                                                                                                                                                                                                                                                                                                                                                                                                                                                                                                                     
          38 /BMOL-1000-PL-6"-O1610002(PL-03)-01/B2                                                                                                                                                                                                                                                                                                                                                                                                                                                                              
             -1           -1
              0            6            0            0            0            0
              0            0            0            0            0            7
              0            0            0
        297.000      300.000     0.000000     0.000000      562.200      168.300
        6.30000     0.000000      6.00000      80.0000      58.8000      5.00000
       0.000000     0.000000     0.000000     0.000000     0.000000     0.000000
        9200.00     0.000000     0.000000     0.000000     0.000000     0.000000
       0.000000     0.000000     0.000000     0.000000     0.000000     0.000000
       0.000000 7.611000E-04     0.000000     0.000000     0.000000      15315.0
       0.000000     0.000000     0.000000     0.000000     0.000000     0.000000
       0.000000     0.000000     0.000000     0.000000     0.000000     0.000000
       0.000000     0.000000     0.000000     0.000000     0.000000
           0                                                                                                                                                                                                                                                                                                                                                                                                                                                                                                                     
          38 /BMOL-1000-PL-6"-O1610002(PL-03)-01/B2                                                                                                                                                                                                                                                                                                                                                                                                                                                                              
             -1           -1
              0            7            0            0            0            0
              0            0            0            0            0            0
              0            0            0
        300.000      310.000     0.000000     0.000000      127.200      168.300
        10.9700     0.000000      6.00000      82.0000      50.0000      5.00000
       0.000000     0.000000     0.000000     0.000000     0.000000     0.000000
        9200.00     0.000000     0.000000     0.000000     0.000000     0.000000
       0.000000     0.000000     0.000000     0.000000     0.000000     0.000000
       0.000000     0.000000     0.000000     0.000000     0.000000      15315.0
       0.000000     0.000000     0.000000     0.000000     0.000000     0.000000
       0.000000     0.000000     0.000000     0.000000     0.000000     0.000000
       0.000000     0.000000     0.000000     0.000000     0.000000
           0                                                                                                                                                                                                                                                                                                                                                                                                                                                                                                                     
          36 /BMOL-1000-6"-P1610012-61440C1-01/B1                                                                                                                                                                                                                                                                                                                                                                                                                                                                                
             -1           -1
              0            8            0            0            0            0
              0            0            0            0            0            0
              0            0            0
        310.000      320.000     0.000000     0.000000      217.000      168.300
        10.9700     0.000000      6.00000      82.0000      50.0000      5.00000
       0.000000     0.000000     0.000000     0.000000     0.000000     0.000000
        9200.00     0.000000     0.000000     0.000000     0.000000     0.000000
       0.000000     0.000000     0.000000     0.000000     0.000000     0.000000
       0.000000     0.000000     0.000000     0.000000     0.000000      15315.0
       0.000000     0.000000     0.000000     0.000000     0.000000     0.000000
       0.000000     0.000000     0.000000     0.000000     0.000000     0.000000
       0.000000     0.000000     0.000000     0.000000     0.000000
           0                                                                                                                                                                                                                                                                                                                                                                                                                                                                                                                     
          36 /BMOL-1000-6"-P1610012-61440C1-01/B1                                                                                                                                                                                                                                                                                                                                                                                                                                                                                
             -1           -1
              0            0            0            0            0            0
              0            0            0            0           11            0
              0            0            0
        320.000      330.000     0.000000     0.000000      300.000      168.300
        10.9700     0.000000      6.00000      82.0000      50.0000      5.00000
       0.000000     0.000000     0.000000     0.000000     0.000000     0.000000
        9200.00     0.000000     0.000000     0.000000     0.000000     0.000000
       0.000000     0.000000     0.000000     0.000000     0.000000     0.000000
       0.000000     0.000000     0.000000     0.000000     0.000000      15315.0
       0.000000     0.000000     0.000000     0.000000     0.000000     0.000000
       0.000000     0.000000     0.000000     0.000000     0.000000     0.000000
       0.000000     0.000000     0.000000     0.000000     0.000000
           0                                                                                                                                                                                                                                                                                                                                                                                                                                                                                                                     
          36 /BMOL-1000-6"-P1610012-61440C1-01/B1                                                                                                                                                                                                                                                                                                                                                                                                                                                                                
             -1           -1
              0            0            0            7            0            0
              0            0            0            0            0            8
              0            0            0
        330.000      350.000     0.000000     0.000000      600.000      168.300
        10.9700     0.000000      6.00000      82.0000      50.0000      5.00000
       0.000000     0.000000     0.000000     0.000000     0.000000     0.000000
        9200.00     0.000000     0.000000     0.000000     0.000000     0.000000
       0.000000     0.000000     0.000000     0.000000     0.000000     0.000000
       0.000000     0.000000     0.000000     0.000000     0.000000      15315.0
       0.000000     0.000000     0.000000     0.000000     0.000000     0.000000
       0.000000     0.000000     0.000000     0.000000     0.000000     0.000000
       0.000000     0.000000     0.000000     0.000000     0.000000
           0                                                                                                                                                                                                                                                                                                                                                                                                                                                                                                                     
          36 /BMOL-1000-6"-P1610012-61440C1-01/B1                                                                                                                                                                                                                                                                                                                                                                                                                                                                                
             -1           -1
              1            0            0            0            0            0
              0            0            0            0            0            9
              0            0            0
        350.000      360.000      5503.40     0.000000     0.000000      168.300
        10.9700     0.000000      6.00000      82.0000      50.0000      5.00000
       0.000000     0.000000     0.000000     0.000000     0.000000     0.000000
        9200.00     0.000000     0.000000     0.000000     0.000000     0.000000
       0.000000     0.000000     0.000000     0.000000     0.000000     0.000000
       0.000000     0.000000     0.000000     0.000000     0.000000      15315.0
       0.000000     0.000000     0.000000     0.000000     0.000000     0.000000
       0.000000     0.000000     0.000000     0.000000     0.000000     0.000000
       0.000000     0.000000     0.000000     0.000000     0.000000
           0                                                                                                                                                                                                                                                                                                                                                                                                                                                                                                                     
          36 /BMOL-1000-6"-P1610012-61440C1-01/B1                                                                                                                                                                                                                                                                                                                                                                                                                                                                                
             -1           -1
              0            0            0            8            0            0
              0            0            0            0            0           10
              0            0            0
        360.000      370.000      5266.38     0.000000     0.000000      168.300
        10.9700     0.000000      6.00000      82.0000      50.0000      5.00000
       0.000000     0.000000     0.000000     0.000000     0.000000     0.000000
        9200.00     0.000000     0.000000     0.000000     0.000000     0.000000
       0.000000     0.000000     0.000000     0.000000     0.000000     0.000000
       0.000000     0.000000     0.000000     0.000000     0.000000      15315.0
       0.000000     0.000000     0.000000     0.000000     0.000000     0.000000
       0.000000     0.000000     0.000000     0.000000     0.000000     0.000000
       0.000000     0.000000     0.000000     0.000000     0.000000
           0                                                                                                                                                                                                                                                                                                                                                                                                                                                                                                                     
          36 /BMOL-1000-6"-P1610012-61440C1-01/B1                                                                                                                                                                                                                                                                                                                                                                                                                                                                                
             -1           -1
              2            0            0            0            0            0
              0            0            0            0            0           11
              0            0            0
        370.000      380.000     0.000000      730.600     0.000000      168.300
        10.9700     0.000000      6.00000      82.0000      50.0000      5.00000
       0.000000     0.000000     0.000000     0.000000     0.000000     0.000000
        9200.00     0.000000     0.000000     0.000000     0.000000     0.000000
       0.000000     0.000000     0.000000     0.000000     0.000000     0.000000
       0.000000     0.000000     0.000000     0.000000     0.000000      15315.0
       0.000000     0.000000     0.000000     0.000000     0.000000     0.000000
       0.000000     0.000000     0.000000     0.000000     0.000000     0.000000
       0.000000     0.000000     0.000000     0.000000     0.000000
           0                                                                                                                                                                                                                                                                                                                                                                                                                                                                                                                     
          36 /BMOL-1000-6"-P1610012-61440C1-01/B1                                                                                                                                                                                                                                                                                                                                                                                                                                                                                
             -1           -1
              3            0            0            0            0            0
              0            0            0            0            0            0
              0            0            0
        380.000      390.000     0.000000     0.000000      469.480      168.300
        10.9700     0.000000      6.00000      82.0000      50.0000      5.00000
       0.000000     0.000000     0.000000     0.000000     0.000000     0.000000
        9200.00     0.000000     0.000000     0.000000     0.000000     0.000000
       0.000000     0.000000     0.000000     0.000000     0.000000     0.000000
       0.000000     0.000000     0.000000     0.000000     0.000000      15315.0
       0.000000     0.000000     0.000000     0.000000     0.000000     0.000000
       0.000000     0.000000     0.000000     0.000000     0.000000     0.000000
       0.000000     0.000000     0.000000     0.000000     0.000000
           0                                                                                                                                                                                                                                                                                                                                                                                                                                                                                                                     
          36 /BMOL-1000-6"-P1610012-61440C1-01/B1                                                                                                                                                                                                                                                                                                                                                                                                                                                                                
             -1           -1
              0            0            0            9            0            0
              0            0            0            0            0           12
              0            0            0
        390.000      400.000     0.000000     0.000000      6600.00      168.300
        10.9700     0.000000      6.00000      82.0000      50.0000      5.00000
       0.000000     0.000000     0.000000     0.000000     0.000000     0.000000
        9200.00     0.000000     0.000000     0.000000     0.000000     0.000000
       0.000000     0.000000     0.000000     0.000000     0.000000     0.000000
       0.000000     0.000000     0.000000     0.000000     0.000000      15315.0
       0.000000     0.000000     0.000000     0.000000     0.000000     0.000000
       0.000000     0.000000     0.000000     0.000000     0.000000     0.000000
       0.000000     0.000000     0.000000     0.000000     0.000000
           0                                                                                                                                                                                                                                                                                                                                                                                                                                                                                                                     
          36 /BMOL-1000-6"-P1610012-61440C1-01/B1                                                                                                                                                                                                                                                                                                                                                                                                                                                                                
             -1           -1
              0            0            0           10            0            0
              0            0            0            0            0           13
              0            0            0
        400.000      420.000     0.000000     0.000000      5100.00      168.300
        10.9700     0.000000      6.00000      82.0000      50.0000      5.00000
       0.000000     0.000000     0.000000     0.000000     0.000000     0.000000
        9200.00     0.000000     0.000000     0.000000     0.000000     0.000000
       0.000000     0.000000     0.000000     0.000000     0.000000     0.000000
       0.000000     0.000000     0.000000     0.000000     0.000000      15315.0
       0.000000     0.000000     0.000000     0.000000     0.000000     0.000000
       0.000000     0.000000     0.000000     0.000000     0.000000     0.000000
       0.000000     0.000000     0.000000     0.000000     0.000000
           0                                                                                                                                                                                                                                                                                                                                                                                                                                                                                                                     
          36 /BMOL-1000-6"-P1610012-61440C1-01/B1                                                                                                                                                                                                                                                                                                                                                                                                                                                                                
             -1           -1
              0            0            0           11            0            0
              0            0            0            0            0           14
              0            0            0
        420.000      430.000     0.000000     0.000000      2073.20      168.300
        10.9700     0.000000      6.00000      82.0000      50.0000      5.00000
       0.000000     0.000000     0.000000     0.000000     0.000000     0.000000
        9200.00     0.000000     0.000000     0.000000     0.000000     0.000000
       0.000000     0.000000     0.000000     0.000000     0.000000     0.000000
       0.000000     0.000000     0.000000     0.000000     0.000000      15315.0
       0.000000     0.000000     0.000000     0.000000     0.000000     0.000000
       0.000000     0.000000     0.000000     0.000000     0.000000     0.000000
       0.000000     0.000000     0.000000     0.000000     0.000000
           0                                                                                                                                                                                                                                                                                                                                                                                                                                                                                                                     
          36 /BMOL-1000-6"-P1610012-61440C1-01/B1                                                                                                                                                                                                                                                                                                                                                                                                                                                                                
             -1           -1
              0            0            0            0            0            0
              0            0            0            0            0           15
              0            0            0
        430.000      439.000     0.000000     0.000000      124.000      168.300
        10.9700     0.000000      6.00000      82.0000      50.0000      5.00000
       0.000000     0.000000     0.000000     0.000000     0.000000     0.000000
        9200.00     0.000000     0.000000     0.000000     0.000000     0.000000
       0.000000     0.000000     0.000000     0.000000     0.000000     0.000000
       0.000000     0.000000     0.000000     0.000000     0.000000      15315.0
       0.000000     0.000000     0.000000     0.000000     0.000000     0.000000
       0.000000     0.000000     0.000000     0.000000     0.000000     0.000000
       0.000000     0.000000     0.000000     0.000000     0.000000
           0                                                                                                                                                                                                                                                                                                                                                                                                                                                                                                                     
          36 /BMOL-1000-6"-P1610012-61440C1-01/B1                                                                                                                                                                                                                                                                                                                                                                                                                                                                                
             -1           -1
              0            9            0            0            0            0
              0            0            0            0            0            0
              0            0            0
        439.000      440.000     0.000000     0.000000      152.800      168.300
        10.9700     0.000000      6.00000      82.0000      50.0000      5.00000
       0.000000     0.000000     0.000000     0.000000     0.000000     0.000000
        9200.00     0.000000     0.000000     0.000000     0.000000     0.000000
       0.000000     0.000000     0.000000     0.000000     0.000000     0.000000
       0.000000     0.000000     0.000000     0.000000     0.000000      15315.0
       0.000000     0.000000     0.000000     0.000000     0.000000     0.000000
       0.000000     0.000000     0.000000     0.000000     0.000000     0.000000
       0.000000     0.000000     0.000000     0.000000     0.000000
           0                                                                                                                                                                                                                                                                                                                                                                                                                                                                                                                     
          36 /BMOL-1000-6"-P1610012-61440C1-01/B1                                                                                                                                                                                                                                                                                                                                                                                                                                                                                
             -1           -1
              0           10            0            0            0            0
              0            0            0            0            0            0
              0            0            0
        440.000      450.000     0.000000     0.000000      350.000      168.300
        10.9700     0.000000      6.00000      82.0000      50.0000      5.00000
       0.000000     0.000000     0.000000     0.000000     0.000000     0.000000
        9200.00     0.000000     0.000000     0.000000     0.000000     0.000000
       0.000000     0.000000     0.000000     0.000000     0.000000     0.000000
       0.000000     0.000000     0.000000     0.000000     0.000000      15315.0
       0.000000     0.000000     0.000000     0.000000     0.000000     0.000000
       0.000000     0.000000     0.000000     0.000000     0.000000     0.000000
       0.000000     0.000000     0.000000     0.000000     0.000000
           0                                                                                                                                                                                                                                                                                                                                                                                                                                                                                                                     
          36 /BMOL-1000-6"-P1610012-61440C1-01/B1                                                                                                                                                                                                                                                                                                                                                                                                                                                                                
             -1           -1
              0            0            0           12            0            0
              0            0            0            0            0           16
              0            0            0
        450.000      470.000     0.000000     0.000000      350.000      168.300
        10.9700     0.000000      6.00000      82.0000      50.0000      5.00000
       0.000000     0.000000     0.000000     0.000000     0.000000     0.000000
        9200.00     0.000000     0.000000     0.000000     0.000000     0.000000
       0.000000     0.000000     0.000000     0.000000     0.000000     0.000000
       0.000000     0.000000     0.000000     0.000000     0.000000      15315.0
       0.000000     0.000000     0.000000     0.000000     0.000000     0.000000
       0.000000     0.000000     0.000000     0.000000     0.000000     0.000000
       0.000000     0.000000     0.000000     0.000000     0.000000
           0                                                                                                                                                                                                                                                                                                                                                                                                                                                                                                                     
          36 /BMOL-1000-6"-P1610012-61440C1-01/B1                                                                                                                                                                                                                                                                                                                                                                                                                                                                                
             -1           -1
              0            0            0            0            0            0
              0            0            0            0            0           17
              0            0            0
        470.000      477.000     0.000000     0.000000      124.000      168.300
        10.9700     0.000000      6.00000      82.0000      50.0000      5.00000
       0.000000     0.000000     0.000000     0.000000     0.000000     0.000000
        9200.00     0.000000     0.000000     0.000000     0.000000     0.000000
       0.000000     0.000000     0.000000     0.000000     0.000000     0.000000
       0.000000     0.000000     0.000000     0.000000     0.000000      15315.0
       0.000000     0.000000     0.000000     0.000000     0.000000     0.000000
       0.000000     0.000000     0.000000     0.000000     0.000000     0.000000
       0.000000     0.000000     0.000000     0.000000     0.000000
           0                                                                                                                                                                                                                                                                                                                                                                                                                                                                                                                     
          36 /BMOL-1000-6"-P1610012-61440C1-01/B1                                                                                                                                                                                                                                                                                                                                                                                                                                                                                
             -1           -1
              0           11            0            0            0            0
              0            0            0            0            0           18
              0            0            0
        477.000      479.000     0.000000     0.000000      562.200      168.300
        10.9700     0.000000      6.00000      82.0000      50.0000      5.00000
       0.000000     0.000000     0.000000     0.000000     0.000000     0.000000
        9200.00     0.000000     0.000000     0.000000     0.000000     0.000000
       0.000000     0.000000     0.000000     0.000000     0.000000     0.000000
       0.000000     0.000000     0.000000     0.000000     0.000000      15315.0
       0.000000     0.000000     0.000000     0.000000     0.000000     0.000000
       0.000000     0.000000     0.000000     0.000000     0.000000     0.000000
       0.000000     0.000000     0.000000     0.000000     0.000000
           0                                                                                                                                                                                                                                                                                                                                                                                                                                                                                                                     
          36 /BMOL-1000-6"-P1610012-61440C1-01/B1                                                                                                                                                                                                                                                                                                                                                                                                                                                                                
             -1           -1
              0           12            0           13            0            0
              0            0            0            0            0            0
              0            0            0
        480.000      490.000     0.000000     0.000000      124.000      168.300
        10.9700     0.000000      6.00000      82.0000      46.0000      5.00000
       0.000000     0.000000     0.000000     0.000000     0.000000     0.000000
        9200.00     0.000000     0.000000     0.000000     0.000000     0.000000
       0.000000     0.000000     0.000000     0.000000     0.000000     0.000000
       0.000000     0.000000     0.000000     0.000000     0.000000      15315.0
       0.000000     0.000000     0.000000     0.000000     0.000000     0.000000
       0.000000     0.000000     0.000000     0.000000     0.000000     0.000000
       0.000000     0.000000     0.000000     0.000000     0.000000
           0                                                                                                                                                                                                                                                                                                                                                                                                                                                                                                                     
          37 /BMOL-1000-18"-P4510011-61440C1-01/B3                                                                                                                                                                                                                                                                                                                                                                                                                                                                               
             -1           -1
              0           13            0           14            0            0
              0            0            0            0            0            0
              0            0            0
        490.000      500.000     0.000000     0.000000      988.900      168.300
        10.9700     0.000000      6.00000      82.0000      46.0000      5.00000
       0.000000     0.000000     0.000000     0.000000     0.000000     0.000000
        9200.00     0.000000     0.000000     0.000000     0.000000     0.000000
       0.000000     0.000000     0.000000     0.000000     0.000000     0.000000
       0.000000     0.000000     0.000000     0.000000     0.000000      15315.0
       0.000000     0.000000     0.000000     0.000000     0.000000     0.000000
       0.000000     0.000000     0.000000     0.000000     0.000000     0.000000
       0.000000     0.000000     0.000000     0.000000     0.000000
           0                                                                                                                                                                                                                                                                                                                                                                                                                                                                                                                     
          37 /BMOL-1000-18"-P4510011-61440C1-01/B3                                                                                                                                                                                                                                                                                                                                                                                                                                                                               
             -1           -1
              0            0            0            0            0            0
              0            0            0            0            0            0
              0            0            0
        510.000      518.000     0.000000     0.000000     -1095.20      457.000
        23.8252     0.000000      6.00000      82.0000      46.0000      5.00000
       0.000000     0.000000     0.000000     0.000000     0.000000     0.000000
        9200.00     0.000000     0.000000     0.000000     0.000000     0.000000
       0.000000     0.000000     0.000000     0.000000     0.000000     0.000000
       0.000000     0.000000     0.000000     0.000000     0.000000      15315.0
       0.000000     0.000000     0.000000     0.000000     0.000000     0.000000
       0.000000     0.000000     0.000000     0.000000     0.000000     0.000000
       0.000000     0.000000     0.000000     0.000000     0.000000
           0                                                                                                                                                                                                                                                                                                                                                                                                                                                                                                                     
          37 /BMOL-1000-18"-P4510011-61440C1-01/B2                                                                                                                                                                                                                                                                                                                                                                                                                                                                               
             -1           -1
              0           14            0           15            0            0
              0            0            0            0            0           19
              0            0            0
        518.000      520.000     0.000000     0.000000     -194.200      457.000
        23.8252     0.000000      6.00000      82.0000      46.0000      5.00000
       0.000000     0.000000     0.000000     0.000000     0.000000     0.000000
        9200.00     0.000000     0.000000     0.000000     0.000000     0.000000
       0.000000     0.000000     0.000000     0.000000     0.000000     0.000000
       0.000000     0.000000     0.000000     0.000000     0.000000      15315.0
       0.000000     0.000000     0.000000     0.000000     0.000000     0.000000
       0.000000     0.000000     0.000000     0.000000     0.000000     0.000000
       0.000000     0.000000     0.000000     0.000000     0.000000
           0                                                                                                                                                                                                                                                                                                                                                                                                                                                                                                                     
          37 /BMOL-1000-18"-P4510011-61440C1-01/B2                                                                                                                                                                                                                                                                                                                                                                                                                                                                               
             -1           -1
              0           15            0            0            0            0
              0            0            0            0            0           20
              0            0            0
        520.000      530.000     0.000000     0.000000     -686.000      457.000
        23.8252     0.000000      6.00000      82.0000      46.0000      5.00000
       0.000000     0.000000     0.000000     0.000000     0.000000     0.000000
        9200.00     0.000000     0.000000     0.000000     0.000000     0.000000
       0.000000     0.000000     0.000000     0.000000     0.000000     0.000000
       0.000000     0.000000     0.000000     0.000000     0.000000      15315.0
       0.000000     0.000000     0.000000     0.000000     0.000000     0.000000
       0.000000     0.000000     0.000000     0.000000     0.000000     0.000000
       0.000000     0.000000     0.000000     0.000000     0.000000
           0                                                                                                                                                                                                                                                                                                                                                                                                                                                                                                                     
          37 /BMOL-1000-18"-P4510011-61440C1-01/B2                                                                                                                                                                                                                                                                                                                                                                                                                                                                               
             -1           -1
              4            0            0            0            0            0
              0            0            0            0            0           21
              0            0            0
        530.000      500.000     0.000000     -936.000     0.000000      457.000
        23.8252     0.000000      6.00000      82.0000      46.0000      5.00000
       0.000000     0.000000     0.000000     0.000000     0.000000     0.000000
        9200.00     0.000000     0.000000     0.000000     0.000000     0.000000
       0.000000     0.000000     0.000000     0.000000     0.000000     0.000000
       0.000000     0.000000     0.000000     0.000000     0.000000      15315.0
       0.000000     0.000000     0.000000     0.000000     0.000000     0.000000
       0.000000     0.000000     0.000000     0.000000     0.000000     0.000000
       0.000000     0.000000     0.000000     0.000000     0.000000
           0                                                                                                                                                                                                                                                                                                                                                                                                                                                                                                                     
          37 /BMOL-1000-18"-P4510011-61440C1-01/B2                                                                                                                                                                                                                                                                                                                                                                                                                                                                               
             -1           -1
              0            0            0            0            0            0
              0            0            0            0           12            0
              0            0            0
        500.000      540.000     0.000000     -250.000     0.000000      457.000
        23.8252     0.000000      6.00000      82.0000      46.0000      5.00000
       0.000000     0.000000     0.000000     0.000000     0.000000     0.000000
        9200.00     0.000000     0.000000     0.000000     0.000000     0.000000
       0.000000     0.000000     0.000000     0.000000     0.000000     0.000000
       0.000000     0.000000     0.000000     0.000000     0.000000      15315.0
       0.000000     0.000000     0.000000     0.000000     0.000000     0.000000
       0.000000     0.000000     0.000000     0.000000     0.000000     0.000000
       0.000000     0.000000     0.000000     0.000000     0.000000
           0                                                                                                                                                                                                                                                                                                                                                                                                                                                                                                                     
          37 /BMOL-1000-18"-P4510011-61440C1-01/B2                                                                                                                                                                                                                                                                                                                                                                                                                                                                               
             -1           -1
              0            0            0            0            0            0
              0            0            0            0            0            0
              0            0            0
        540.000      549.000     0.000000     -191.000     0.000000      457.000
        23.8252     0.000000      6.00000      82.0000      46.0000      5.00000
       0.000000     0.000000     0.000000     0.000000     0.000000     0.000000
        9200.00     0.000000     0.000000     0.000000     0.000000     0.000000
       0.000000     0.000000     0.000000     0.000000     0.000000     0.000000
       0.000000     0.000000     0.000000     0.000000     0.000000      15315.0
       0.000000     0.000000     0.000000     0.000000     0.000000     0.000000
       0.000000     0.000000     0.000000     0.000000     0.000000     0.000000
       0.000000     0.000000     0.000000     0.000000     0.000000
           0                                                                                                                                                                                                                                                                                                                                                                                                                                                                                                                     
          37 /BMOL-1000-18"-P4510011-61440C1-01/B2                                                                                                                                                                                                                                                                                                                                                                                                                                                                               
             -1           -1
              0           16            0           16            0            0
              0            0            0            0            0            0
              0            0            0
        560.000      570.000     0.000000     0.000000     -283.800      457.000
        23.8252     0.000000      6.00000      82.0000      46.0000      5.00000
       0.000000     0.000000     0.000000     0.000000     0.000000     0.000000
        9200.00     0.000000     0.000000     0.000000     0.000000     0.000000
       0.000000     0.000000     0.000000     0.000000     0.000000     0.000000
       0.000000     0.000000     0.000000     0.000000     0.000000      15315.0
       0.000000     0.000000     0.000000     0.000000     0.000000     0.000000
       0.000000     0.000000     0.000000     0.000000     0.000000     0.000000
       0.000000     0.000000     0.000000     0.000000     0.000000
           0                                                                                                                                                                                                                                                                                                                                                                                                                                                                                                                     
          37 /BMOL-1000-18"-P4510011-61440C1-01/B1                                                                                                                                                                                                                                                                                                                                                                                                                                                                               
             -1           -1
              0           17            0           17            0            0
              0            0            0            0            0            0
              0            0            0
        570.000      580.000     0.000000     0.000000     -561.000      457.000
        23.8252     0.000000      6.00000      82.0000      46.0000      5.00000
       0.000000     0.000000     0.000000     0.000000     0.000000     0.000000
        9200.00     0.000000     0.000000     0.000000     0.000000     0.000000
       0.000000     0.000000     0.000000     0.000000     0.000000     0.000000
       0.000000     0.000000     0.000000     0.000000     0.000000      15315.0
       0.000000     0.000000     0.000000     0.000000     0.000000     0.000000
       0.000000     0.000000     0.000000     0.000000     0.000000     0.000000
       0.000000     0.000000     0.000000     0.000000     0.000000
           0                                                                                                                                                                                                                                                                                                                                                                                                                                                                                                                     
          37 /BMOL-1000-18"-P4510011-61440C1-01/B1                                                                                                                                                                                                                                                                                                                                                                                                                                                                               
             -1           -1
              0            0            0            0            0            0
              0            0            0            0           13            0
              0            0            0
        580.000      610.000     0.000000     0.000000     -561.000      457.000
        23.8252     0.000000      6.00000      82.0000      46.0000      5.00000
       0.000000     0.000000     0.000000     0.000000     0.000000     0.000000
        9200.00     0.000000     0.000000     0.000000     0.000000     0.000000
       0.000000     0.000000     0.000000     0.000000     0.000000     0.000000
       0.000000     0.000000     0.000000     0.000000     0.000000      15315.0
       0.000000     0.000000     0.000000     0.000000     0.000000     0.000000
       0.000000     0.000000     0.000000     0.000000     0.000000     0.000000
       0.000000     0.000000     0.000000     0.000000     0.000000
           0                                                                                                                                                                                                                                                                                                                                                                                                                                                                                                                     
          37 /BMOL-1000-18"-P4510011-61440C1-01/B1                                                                                                                                                                                                                                                                                                                                                                                                                                                                               
             -1           -1
              0            0            0            0            0            0
              0            0            0            0            0            0
              0            0            0
        610.000      509.000     0.000000     0.000000     -191.000      457.000
        23.8252     0.000000      6.00000      82.0000      46.0000      5.00000
       0.000000     0.000000     0.000000     0.000000     0.000000     0.000000
        9200.00     0.000000     0.000000     0.000000     0.000000     0.000000
       0.000000     0.000000     0.000000     0.000000     0.000000     0.000000
       0.000000     0.000000     0.000000     0.000000     0.000000      15315.0
       0.000000     0.000000     0.000000     0.000000     0.000000     0.000000
       0.000000     0.000000     0.000000     0.000000     0.000000     0.000000
       0.000000     0.000000     0.000000     0.000000     0.000000
           0                                                                                                                                                                                                                                                                                                                                                                                                                                                                                                                     
          37 /BMOL-1000-18"-P4510011-61440C1-01/B1                                                                                                                                                                                                                                                                                                                                                                                                                                                                               
             -1           -1
              0           18            0           18            0            0
              0            0            0            0            0            0
              0            0            0
        620.000      630.000      80.0000     0.000000     0.000000      60.3000
        5.54000     0.000000      6.00000      82.0000      50.0000      5.00000
       0.000000     0.000000     0.000000     0.000000     0.000000     0.000000
        9200.00     0.000000     0.000000     0.000000     0.000000     0.000000
       0.000000     0.000000     0.000000     0.000000     0.000000     0.000000
       0.000000     0.000000     0.000000     0.000000     0.000000      15315.0
       0.000000     0.000000     0.000000     0.000000     0.000000     0.000000
       0.000000     0.000000     0.000000     0.000000     0.000000     0.000000
       0.000000     0.000000     0.000000     0.000000     0.000000
           0                                                                                                                                                                                                                                                                                                                                                                                                                                                                                                                     
          36 /BMOL-1000-6"-P1610012-61440C1-01/B3                                                                                                                                                                                                                                                                                                                                                                                                                                                                                
             -1           -1
              0           19            0           19            0            0
              0            0            0            0            0            0
              0            0            0
        630.000      320.000      122.250     0.000000     0.000000      60.3000
        5.54000     0.000000      6.00000      82.0000      50.0000      5.00000
       0.000000     0.000000     0.000000     0.000000     0.000000     0.000000
        9200.00     0.000000     0.000000     0.000000     0.000000     0.000000
       0.000000     0.000000     0.000000     0.000000     0.000000     0.000000
       0.000000     0.000000     0.000000     0.000000     0.000000      15315.0
       0.000000     0.000000     0.000000     0.000000     0.000000     0.000000
       0.000000     0.000000     0.000000     0.000000     0.000000     0.000000
       0.000000     0.000000     0.000000     0.000000     0.000000
           0                                                                                                                                                                                                                                                                                                                                                                                                                                                                                                                     
          36 /BMOL-1000-6"-P1610012-61440C1-01/B3                                                                                                                                                                                                                                                                                                                                                                                                                                                                                
             -1           -1
              0            0            0            0            0            0
              0            0            0            0            0            0
              0            0            0
        640.000      648.000      295.200     0.000000     0.000000      60.3000
        5.54000     0.000000      6.00000      82.0000      46.0000      5.00000
       0.000000     0.000000     0.000000     0.000000     0.000000     0.000000
        9200.00     0.000000     0.000000     0.000000     0.000000     0.000000
       0.000000     0.000000     0.000000     0.000000     0.000000     0.000000
       0.000000     0.000000     0.000000     0.000000     0.000000      15315.0
       0.000000     0.000000     0.000000     0.000000     0.000000     0.000000
       0.000000     0.000000     0.000000     0.000000     0.000000     0.000000
       0.000000     0.000000     0.000000     0.000000     0.000000
           0                                                                                                                                                                                                                                                                                                                                                                                                                                                                                                                     
          36 /BMOL-1000-2"-P1610014-61440C1-01/B1                                                                                                                                                                                                                                                                                                                                                                                                                                                                                
             -1           -1
              0           20            0           20            0            0
              0            0            0            0            0            0
              0            0            0
        648.000      650.000      83.2000     0.000000     0.000000      60.3000
        5.54000     0.000000      6.00000      82.0000      46.0000      5.00000
       0.000000     0.000000     0.000000     0.000000     0.000000     0.000000
        9200.00     0.000000     0.000000     0.000000     0.000000     0.000000
       0.000000     0.000000     0.000000     0.000000     0.000000     0.000000
       0.000000     0.000000     0.000000     0.000000     0.000000      15315.0
       0.000000     0.000000     0.000000     0.000000     0.000000     0.000000
       0.000000     0.000000     0.000000     0.000000     0.000000     0.000000
       0.000000     0.000000     0.000000     0.000000     0.000000
           0                                                                                                                                                                                                                                                                                                                                                                                                                                                                                                                     
          36 /BMOL-1000-2"-P1610014-61440C1-01/B1                                                                                                                                                                                                                                                                                                                                                                                                                                                                                
             -1           -1
              0           21            0            0            0            0
              0            0            0            0            0           22
              0            0            0
        650.000      660.000      150.000     0.000000     0.000000      60.3000
        5.54000     0.000000      6.00000      82.0000      46.0000      5.00000
       0.000000     0.000000     0.000000     0.000000     0.000000     0.000000
        9200.00     0.000000     0.000000     0.000000     0.000000     0.000000
       0.000000     0.000000     0.000000     0.000000     0.000000     0.000000
       0.000000     0.000000     0.000000     0.000000     0.000000      15315.0
       0.000000     0.000000     0.000000     0.000000     0.000000     0.000000
       0.000000     0.000000     0.000000     0.000000     0.000000     0.000000
       0.000000     0.000000     0.000000     0.000000     0.000000
           0                                                                                                                                                                                                                                                                                                                                                                                                                                                                                                                     
          36 /BMOL-1000-2"-P1610014-61440C1-01/B1                                                                                                                                                                                                                                                                                                                                                                                                                                                                                
             -1           -1
              0           22            0            0            0            0
              0            0            0            0            0           23
              0            0            0
        660.000      661.000      80.0000     0.000000     0.000000      60.3000
        5.54000     0.000000      6.00000      82.0000      46.0000      5.00000
       0.000000     0.000000     0.000000     0.000000     0.000000     0.000000
        9200.00     0.000000     0.000000     0.000000     0.000000     0.000000
       0.000000     0.000000     0.000000     0.000000     0.000000     0.000000
       0.000000     0.000000     0.000000     0.000000     0.000000      15315.0
       0.000000     0.000000     0.000000     0.000000     0.000000     0.000000
       0.000000     0.000000     0.000000     0.000000     0.000000     0.000000
       0.000000     0.000000     0.000000     0.000000     0.000000
           0                                                                                                                                                                                                                                                                                                                                                                                                                                                                                                                     
          36 /BMOL-1000-2"-P1610014-61440C1-01/B1                                                                                                                                                                                                                                                                                                                                                                                                                                                                                
             -1           -1
              0           23            0           21            0            0
              0            0            0            0            0            0
              0            0            0
        670.000      680.000      64.0000     0.000000     0.000000      60.3000
        5.54000     0.000000      6.00000      82.0000      50.0000      5.00000
       0.000000     0.000000     0.000000     0.000000     0.000000     0.000000
        9200.00     0.000000     0.000000     0.000000     0.000000     0.000000
       0.000000     0.000000     0.000000     0.000000     0.000000     0.000000
       0.000000     0.000000     0.000000     0.000000     0.000000      15315.0
       0.000000     0.000000     0.000000     0.000000     0.000000     0.000000
       0.000000     0.000000     0.000000     0.000000     0.000000     0.000000
       0.000000     0.000000     0.000000     0.000000     0.000000
           0                                                                                                                                                                                                                                                                                                                                                                                                                                                                                                                     
          34 /BMOL-1000-2"-P1610016-61440-01/B2                                                                                                                                                                                                                                                                                                                                                                                                                                                                                  
             -1           -1
              0            0            0            0            0            0
              0            0            0            0           14            0
              0            0            0
        680.000      690.000      1200.00     0.000000     0.000000      60.3000
        5.54000     0.000000      6.00000      82.0000      50.0000      5.00000
       0.000000     0.000000     0.000000     0.000000     0.000000     0.000000
        9200.00     0.000000     0.000000     0.000000     0.000000     0.000000
       0.000000     0.000000     0.000000     0.000000     0.000000     0.000000
       0.000000     0.000000     0.000000     0.000000     0.000000      15315.0
       0.000000     0.000000     0.000000     0.000000     0.000000     0.000000
       0.000000     0.000000     0.000000     0.000000     0.000000     0.000000
       0.000000     0.000000     0.000000     0.000000     0.000000
           0                                                                                                                                                                                                                                                                                                                                                                                                                                                                                                                     
          34 /BMOL-1000-2"-P1610016-61440-01/B2                                                                                                                                                                                                                                                                                                                                                                                                                                                                                  
             -1           -1
              5            0            0            0            0            0
              0            0            0            0            0            0
              0            0            0
        690.000      700.000     0.000000     0.000000      1035.40      60.3000
        5.54000     0.000000      6.00000      82.0000      50.0000      5.00000
       0.000000     0.000000     0.000000     0.000000     0.000000     0.000000
        9200.00     0.000000     0.000000     0.000000     0.000000     0.000000
       0.000000     0.000000     0.000000     0.000000     0.000000     0.000000
       0.000000     0.000000     0.000000     0.000000     0.000000      15315.0
       0.000000     0.000000     0.000000     0.000000     0.000000     0.000000
       0.000000     0.000000     0.000000     0.000000     0.000000     0.000000
       0.000000     0.000000     0.000000     0.000000     0.000000
           0                                                                                                                                                                                                                                                                                                                                                                                                                                                                                                                     
          34 /BMOL-1000-2"-P1610016-61440-01/B2                                                                                                                                                                                                                                                                                                                                                                                                                                                                                  
             -1           -1
              0            0            0           22            0            0
              0            0            0            0            0           24
              0            0            0
        700.000      710.000     0.000000     0.000000      1438.95      60.3000
        5.54000     0.000000      6.00000      82.0000      50.0000      5.00000
       0.000000     0.000000     0.000000     0.000000     0.000000     0.000000
        9200.00     0.000000     0.000000     0.000000     0.000000     0.000000
       0.000000     0.000000     0.000000     0.000000     0.000000     0.000000
       0.000000     0.000000     0.000000     0.000000     0.000000      15315.0
       0.000000     0.000000     0.000000     0.000000     0.000000     0.000000
       0.000000     0.000000     0.000000     0.000000     0.000000     0.000000
       0.000000     0.000000     0.000000     0.000000     0.000000
           0                                                                                                                                                                                                                                                                                                                                                                                                                                                                                                                     
          34 /BMOL-1000-2"-P1610016-61440-01/B2                                                                                                                                                                                                                                                                                                                                                                                                                                                                                  
             -1           -1
              0            0            0            0            0            0
              0            0            0            0           15           25
              0            0            0
        710.000      720.000     0.000000     0.000000      326.000      60.3000
        5.54000     0.000000      6.00000      82.0000      50.0000      5.00000
       0.000000     0.000000     0.000000     0.000000     0.000000     0.000000
        9200.00     0.000000     0.000000     0.000000     0.000000     0.000000
       0.000000     0.000000     0.000000     0.000000     0.000000     0.000000
       0.000000     0.000000     0.000000     0.000000     0.000000      15315.0
       0.000000     0.000000     0.000000     0.000000     0.000000     0.000000
       0.000000     0.000000     0.000000     0.000000     0.000000     0.000000
       0.000000     0.000000     0.000000     0.000000     0.000000
           0                                                                                                                                                                                                                                                                                                                                                                                                                                                                                                                     
          34 /BMOL-1000-2"-P1610016-61440-01/B2                                                                                                                                                                                                                                                                                                                                                                                                                                                                                  
             -1           -1
              6            0            0            0            0            0
              0            0            0            0            0            0
              0            0            0
        720.000      730.000     0.000000     -1076.35     0.000000      60.3000
        5.54000     0.000000      6.00000      82.0000      50.0000      5.00000
       0.000000     0.000000     0.000000     0.000000     0.000000     0.000000
        9200.00     0.000000     0.000000     0.000000     0.000000     0.000000
       0.000000     0.000000     0.000000     0.000000     0.000000     0.000000
       0.000000     0.000000     0.000000     0.000000     0.000000      15315.0
       0.000000     0.000000     0.000000     0.000000     0.000000     0.000000
       0.000000     0.000000     0.000000     0.000000     0.000000     0.000000
       0.000000     0.000000     0.000000     0.000000     0.000000
           0                                                                                                                                                                                                                                                                                                                                                                                                                                                                                                                     
          34 /BMOL-1000-2"-P1610016-61440-01/B2                                                                                                                                                                                                                                                                                                                                                                                                                                                                                  
             -1           -1
              0            0            0            0            0            0
              0            0            0            0           16            0
              0            0            0
        730.000      740.000      240.780     0.000000 5.000000E-02      60.3000
        5.54000     0.000000      6.00000      82.0000      50.0000      5.00000
       0.000000     0.000000     0.000000     0.000000     0.000000     0.000000
        9200.00     0.000000     0.000000     0.000000     0.000000     0.000000
       0.000000     0.000000     0.000000     0.000000     0.000000     0.000000
       0.000000     0.000000     0.000000     0.000000     0.000000      15315.0
       0.000000     0.000000     0.000000     0.000000     0.000000     0.000000
       0.000000     0.000000     0.000000     0.000000     0.000000     0.000000
       0.000000     0.000000     0.000000     0.000000     0.000000
           0                                                                                                                                                                                                                                                                                                                                                                                                                                                                                                                     
          34 /BMOL-1000-2"-P1610016-61440-01/B2                                                                                                                                                                                                                                                                                                                                                                                                                                                                                  
             -1           -1
              0            0            0           23            0            0
              0            0            0            0            0           26
              0            0            0
        740.000      750.000      123.170     0.000000     0.000000      60.3000
        5.54000     0.000000      6.00000      82.0000      50.0000      5.00000
       0.000000     0.000000     0.000000     0.000000     0.000000     0.000000
        9200.00     0.000000     0.000000     0.000000     0.000000     0.000000
       0.000000     0.000000     0.000000     0.000000     0.000000     0.000000
       0.000000     0.000000     0.000000     0.000000     0.000000      15315.0
       0.000000     0.000000     0.000000     0.000000     0.000000     0.000000
       0.000000     0.000000     0.000000     0.000000     0.000000     0.000000
       0.000000     0.000000     0.000000     0.000000     0.000000
           0                                                                                                                                                                                                                                                                                                                                                                                                                                                                                                                     
          34 /BMOL-1000-2"-P1610016-61440-01/B2                                                                                                                                                                                                                                                                                                                                                                                                                                                                                  
             -1           -1
              0            0            0            0            0            0
              0            0            0            0            0           27
              0            0            0
        750.000      639.000      80.0000     0.000000     0.000000      60.3000
        5.54000     0.000000      6.00000      82.0000      50.0000      5.00000
       0.000000     0.000000     0.000000     0.000000     0.000000     0.000000
        9200.00     0.000000     0.000000     0.000000     0.000000     0.000000
       0.000000     0.000000     0.000000     0.000000     0.000000     0.000000
       0.000000     0.000000     0.000000     0.000000     0.000000      15315.0
       0.000000     0.000000     0.000000     0.000000     0.000000     0.000000
       0.000000     0.000000     0.000000     0.000000     0.000000     0.000000
       0.000000     0.000000     0.000000     0.000000     0.000000
           0                                                                                                                                                                                                                                                                                                                                                                                                                                                                                                                     
          34 /BMOL-1000-2"-P1610016-61440-01/B2                                                                                                                                                                                                                                                                                                                                                                                                                                                                                  
             -1           -1
              0           24            0           24            0            0
              0            0            0            0            0            0
              0            0            0
        770.000      780.000     0.000000      701.190     0.000000      60.3000
        5.54000     0.000000      6.00000      82.0000      50.0000      5.00000
       0.000000     0.000000     0.000000     0.000000     0.000000     0.000000
        9200.00     0.000000     0.000000     0.000000     0.000000     0.000000
       0.000000     0.000000     0.000000     0.000000     0.000000     0.000000
       0.000000     0.000000     0.000000     0.000000     0.000000      15315.0
       0.000000     0.000000     0.000000     0.000000     0.000000     0.000000
       0.000000     0.000000     0.000000     0.000000     0.000000     0.000000
       0.000000     0.000000     0.000000     0.000000     0.000000
           0                                                                                                                                                                                                                                                                                                                                                                                                                                                                                                                     
          34 /BMOL-1000-2"-P1610016-61440-01/B1                                                                                                                                                                                                                                                                                                                                                                                                                                                                                  
             -1           -1
              7            0            0           25            0            0
              0            0            0            0            0            0
              0            0            0
        780.000      790.000     0.000000     0.000000     -385.000      60.3000
        5.54000     0.000000      6.00000      82.0000      50.0000      5.00000
       0.000000     0.000000     0.000000     0.000000     0.000000     0.000000
        9200.00     0.000000     0.000000     0.000000     0.000000     0.000000
       0.000000     0.000000     0.000000     0.000000     0.000000     0.000000
       0.000000     0.000000     0.000000     0.000000     0.000000      15315.0
       0.000000     0.000000     0.000000     0.000000     0.000000     0.000000
       0.000000     0.000000     0.000000     0.000000     0.000000     0.000000
       0.000000     0.000000     0.000000     0.000000     0.000000
           0                                                                                                                                                                                                                                                                                                                                                                                                                                                                                                                     
          34 /BMOL-1000-2"-P1610016-61440-01/B1                                                                                                                                                                                                                                                                                                                                                                                                                                                                                  
             -1           -1
              8            0            0            0            0            0
              0            0            0            0            0            0
              0            0            0
        790.000      800.000      248.830     0.000000     0.000000      60.3000
        5.54000     0.000000      6.00000      82.0000      50.0000      5.00000
       0.000000     0.000000     0.000000     0.000000     0.000000     0.000000
        9200.00     0.000000     0.000000     0.000000     0.000000     0.000000
       0.000000     0.000000     0.000000     0.000000     0.000000     0.000000
       0.000000     0.000000     0.000000     0.000000     0.000000      15315.0
       0.000000     0.000000     0.000000     0.000000     0.000000     0.000000
       0.000000     0.000000     0.000000     0.000000     0.000000     0.000000
       0.000000     0.000000     0.000000     0.000000     0.000000
           0                                                                                                                                                                                                                                                                                                                                                                                                                                                                                                                     
          34 /BMOL-1000-2"-P1610016-61440-01/B1                                                                                                                                                                                                                                                                                                                                                                                                                                                                                  
             -1           -1
              0            0            0           26            0            0
              0            0            0            0            0           28
              0            0            0
        800.000      810.000      1914.39     0.000000     0.000000      60.3000
        5.54000     0.000000      6.00000      82.0000      50.0000      5.00000
       0.000000     0.000000     0.000000     0.000000     0.000000     0.000000
        9200.00     0.000000     0.000000     0.000000     0.000000     0.000000
       0.000000     0.000000     0.000000     0.000000     0.000000     0.000000
       0.000000     0.000000     0.000000     0.000000     0.000000      15315.0
       0.000000     0.000000     0.000000     0.000000     0.000000     0.000000
       0.000000     0.000000     0.000000     0.000000     0.000000     0.000000
       0.000000     0.000000     0.000000     0.000000     0.000000
           0                                                                                                                                                                                                                                                                                                                                                                                                                                                                                                                     
          34 /BMOL-1000-2"-P1610016-61440-01/B1                                                                                                                                                                                                                                                                                                                                                                                                                                                                                  
             -1           -1
              0            0            0           27            0            0
              0            0            0            0            0           29
              0            0            0
        810.000      670.000      712.000     0.000000     0.000000      60.3000
        5.54000     0.000000      6.00000      82.0000      50.0000      5.00000
       0.000000     0.000000     0.000000     0.000000     0.000000     0.000000
        9200.00     0.000000     0.000000     0.000000     0.000000     0.000000
       0.000000     0.000000     0.000000     0.000000     0.000000     0.000000
       0.000000     0.000000     0.000000     0.000000     0.000000      15315.0
       0.000000     0.000000     0.000000     0.000000     0.000000     0.000000
       0.000000     0.000000     0.000000     0.000000     0.000000     0.000000
       0.000000     0.000000     0.000000     0.000000     0.000000
           0                                                                                                                                                                                                                                                                                                                                                                                                                                                                                                                     
          34 /BMOL-1000-2"-P1610016-61440-01/B1                                                                                                                                                                                                                                                                                                                                                                                                                                                                                  
             -1           -1
              0            0            0            0            0            0
              0            0            0            0            0           30
              0            0            0
        680.000      830.000     0.000000     0.000000      385.000      60.3000
        5.54000     0.000000      6.00000      82.0000      46.0000      5.00000
       0.000000     0.000000     0.000000     0.000000     0.000000     0.000000
        9200.00     0.000000     0.000000     0.000000     0.000000     0.000000
       0.000000     0.000000     0.000000     0.000000     0.000000     0.000000
       0.000000     0.000000     0.000000     0.000000     0.000000      15315.0
       0.000000     0.000000     0.000000     0.000000     0.000000     0.000000
       0.000000     0.000000     0.000000     0.000000     0.000000     0.000000
       0.000000     0.000000     0.000000     0.000000     0.000000
           0                                                                                                                                                                                                                                                                                                                                                                                                                                                                                                                     
          34 /BMOL-1000-2"-P1610015-61440-01/B1                                                                                                                                                                                                                                                                                                                                                                                                                                                                                  
             -1           -1
              9            0            0            0            0            0
              0            0            0            0            0           31
              0            0            0
        830.000      840.000     0.000000     -480.950     0.000000      60.3000
        5.54000     0.000000      6.00000      82.0000      46.0000      5.00000
       0.000000     0.000000     0.000000     0.000000     0.000000     0.000000
        9200.00     0.000000     0.000000     0.000000     0.000000     0.000000
       0.000000     0.000000     0.000000     0.000000     0.000000     0.000000
       0.000000     0.000000     0.000000     0.000000     0.000000      15315.0
       0.000000     0.000000     0.000000     0.000000     0.000000     0.000000
       0.000000     0.000000     0.000000     0.000000     0.000000     0.000000
       0.000000     0.000000     0.000000     0.000000     0.000000
           0                                                                                                                                                                                                                                                                                                                                                                                                                                                                                                                     
          34 /BMOL-1000-2"-P1610015-61440-01/B1                                                                                                                                                                                                                                                                                                                                                                                                                                                                                  
             -1           -1
              0            0            0            0            0            0
              0            0            0            0            0            0
              0            0            0
        840.000      847.000     0.000000     -80.0000     0.000000      60.3000
        5.54000     0.000000      6.00000      82.0000      46.0000      5.00000
       0.000000     0.000000     0.000000     0.000000     0.000000     0.000000
        9200.00     0.000000     0.000000     0.000000     0.000000     0.000000
       0.000000     0.000000     0.000000     0.000000     0.000000     0.000000
       0.000000     0.000000     0.000000     0.000000     0.000000      15315.0
       0.000000     0.000000     0.000000     0.000000     0.000000     0.000000
       0.000000     0.000000     0.000000     0.000000     0.000000     0.000000
       0.000000     0.000000     0.000000     0.000000     0.000000
           0                                                                                                                                                                                                                                                                                                                                                                                                                                                                                                                     
          34 /BMOL-1000-2"-P1610015-61440-01/B1                                                                                                                                                                                                                                                                                                                                                                                                                                                                                  
             -1           -1
              0           25            0            0            0            0
              0            0            0            0            0            0
              0            0            0
        847.000      850.000     0.000000     -295.200     0.000000      60.3000
        5.54000     0.000000      6.00000      82.0000      46.0000      5.00000
       0.000000     0.000000     0.000000     0.000000     0.000000     0.000000
        9200.00     0.000000     0.000000     0.000000     0.000000     0.000000
       0.000000     0.000000     0.000000     0.000000     0.000000     0.000000
       0.000000     0.000000     0.000000     0.000000     0.000000      15315.0
       0.000000     0.000000     0.000000     0.000000     0.000000     0.000000
       0.000000     0.000000     0.000000     0.000000     0.000000     0.000000
       0.000000     0.000000     0.000000     0.000000     0.000000
           0                                                                                                                                                                                                                                                                                                                                                                                                                                                                                                                     
          34 /BMOL-1000-2"-P1610015-61440-01/B1                                                                                                                                                                                                                                                                                                                                                                                                                                                                                  
             -1           -1
              0           26            0           28            0            0
              0            0            0            0            0            0
              0            0            0
        210.000      860.000     -1.92000      191.590     0.000000      60.3000
        6.30000     0.000000     0.000000      80.0000      58.8000      5.00000
       0.000000     0.000000     0.000000     0.000000     0.000000     0.000000
        9200.00     0.000000     0.000000     0.000000     0.000000     0.000000
       0.000000     0.000000     0.000000     0.000000     0.000000     0.000000
       0.000000 7.611000E-04     0.000000     0.000000     0.000000      15315.0
       0.000000     0.000000     0.000000     0.000000     0.000000     0.000000
       0.000000     0.000000     0.000000     0.000000     0.000000     0.000000
       0.000000     0.000000     0.000000     0.000000     0.000000
           0                                                                                                                                                                                                                                                                                                                                                                                                                                                                                                                     
          41 /BMOL-1000-PL-6"-O1610002(R-161001)-01/B7                                                                                                                                                                                                                                                                                                                                                                                                                                                                           
             -1           -1
              0            0            0            0            0            0
              0            0            0            0            0            0
              0            0            0
        860.000      870.000    -0.800000      80.0000     0.000000      60.3000
        6.30000     0.000000     0.000000      80.0000      58.8000      5.00000
       0.000000     0.000000     0.000000     0.000000     0.000000     0.000000
        9200.00     0.000000     0.000000     0.000000     0.000000     0.000000
       0.000000     0.000000     0.000000     0.000000     0.000000     0.000000
       0.000000 7.611000E-04     0.000000     0.000000     0.000000      15315.0
       0.000000     0.000000     0.000000     0.000000     0.000000     0.000000
       0.000000     0.000000     0.000000     0.000000     0.000000     0.000000
       0.000000     0.000000     0.000000     0.000000     0.000000
           0                                                                                                                                                                                                                                                                                                                                                                                                                                                                                                                     
          41 /BMOL-1000-PL-6"-O1610002(R-161001)-01/B7                                                                                                                                                                                                                                                                                                                                                                                                                                                                           
             -1           -1
              0           27            0           29            0            0
              0            0            0            0            0            0
              0            0            0
        888.000      890.000     0.000000      83.2000     0.000000      60.3000
        5.54000     0.000000      6.00000      82.0000      46.0000      5.00000
       0.000000     0.000000     0.000000     0.000000     0.000000     0.000000
        9200.00     0.000000     0.000000     0.000000     0.000000     0.000000
       0.000000     0.000000     0.000000     0.000000     0.000000     0.000000
       0.000000     0.000000     0.000000     0.000000     0.000000      15315.0
       0.000000     0.000000     0.000000     0.000000     0.000000     0.000000
       0.000000     0.000000     0.000000     0.000000     0.000000     0.000000
       0.000000     0.000000     0.000000     0.000000     0.000000
           0                                                                                                                                                                                                                                                                                                                                                                                                                                                                                                                     
          34 /BMOL-1000-2"-P1610039-61440-01/B1                                                                                                                                                                                                                                                                                                                                                                                                                                                                                  
             -1           -1
              0           28            0           30            0            0
              0            0            0            0            0            0
              0            0            0
        890.000      900.000     0.000000      76.0000     0.000000      60.3000
        5.54000     0.000000      6.00000      82.0000      46.0000      5.00000
       0.000000     0.000000     0.000000     0.000000     0.000000     0.000000
        9200.00     0.000000     0.000000     0.000000     0.000000     0.000000
       0.000000     0.000000     0.000000     0.000000     0.000000     0.000000
       0.000000     0.000000     0.000000     0.000000     0.000000      15315.0
       0.000000     0.000000     0.000000     0.000000     0.000000     0.000000
       0.000000     0.000000     0.000000     0.000000     0.000000     0.000000
       0.000000     0.000000     0.000000     0.000000     0.000000
           0                                                                                                                                                                                                                                                                                                                                                                                                                                                                                                                     
          34 /BMOL-1000-2"-P1610039-61440-01/B1                                                                                                                                                                                                                                                                                                                                                                                                                                                                                  
             -1           -1
              0            0            0            0            0            0
              0            0            0            0            0            0
              2            0            0
        900.000      907.000     0.000000      69.0000     0.000000      33.4000
        5.54000     0.000000      6.00000      82.0000      46.0000      5.00000
       0.000000     0.000000     0.000000     0.000000     0.000000     0.000000
        9200.00     0.000000     0.000000     0.000000     0.000000     0.000000
       0.000000     0.000000     0.000000     0.000000     0.000000     0.000000
       0.000000     0.000000     0.000000     0.000000     0.000000      15315.0
       0.000000     0.000000     0.000000     0.000000     0.000000     0.000000
       0.000000     0.000000     0.000000     0.000000     0.000000     0.000000
       0.000000     0.000000     0.000000     0.000000     0.000000
           0                                                                                                                                                                                                                                                                                                                                                                                                                                                                                                                     
          34 /BMOL-1000-2"-P1610039-61440-01/B1                                                                                                                                                                                                                                                                                                                                                                                                                                                                                  
             -1           -1
              0           29            0            0            0            0
              0            0            0            0            0            0
              0            0            0
        907.000      910.000     0.000000      184.200      132.000      33.4000
        5.54000     0.000000      6.00000      82.0000      46.0000      5.00000
       0.000000     0.000000     0.000000     0.000000     0.000000     0.000000
        9200.00     0.000000     0.000000     0.000000     0.000000     0.000000
       0.000000     0.000000     0.000000     0.000000     0.000000     0.000000
       0.000000     0.000000     0.000000     0.000000     0.000000      15315.0
       0.000000     0.000000     0.000000     0.000000     0.000000     0.000000
       0.000000     0.000000     0.000000     0.000000     0.000000     0.000000
       0.000000     0.000000     0.000000     0.000000     0.000000
           0                                                                                                                                                                                                                                                                                                                                                                                                                                                                                                                     
          34 /BMOL-1000-2"-P1610039-61440-01/B1                                                                                                                                                                                                                                                                                                                                                                                                                                                                                  
             -1           -1
              0           30            0            0            0            0
              0            0            0            0            0            0
              0            0            0
        910.000      920.000     0.000000     0.000000      59.0000      33.4000
        4.55000     0.000000      3.00000      82.0000      46.0000      5.00000
       0.000000     0.000000     0.000000     0.000000     0.000000     0.000000
        700.000     0.000000     0.000000     0.000000     0.000000     0.000000
       0.000000     0.000000     0.000000     0.000000     0.000000     0.000000
       0.000000     0.000000     0.000000     0.000000     0.000000      2940.00
       0.000000     0.000000     0.000000     0.000000     0.000000     0.000000
       0.000000     0.000000     0.000000     0.000000     0.000000     0.000000
       0.000000     0.000000     0.000000     0.000000     0.000000
           0                                                                                                                                                                                                                                                                                                                                                                                                                                                                                                                     
          34 /BMOL-1000-2"-B1610042-11440-01/B1                                                                                                                                                                                                                                                                                                                                                                                                                                                                                  
             -1           -1
              0           31            0            0            0            0
              0            0            0            0            0            0
              0            0            0
        920.000      930.000     0.000000     -13.4500      76.0000      33.4000
        4.55000     0.000000      3.00000      82.0000      46.0000      5.00000
       0.000000     0.000000     0.000000     0.000000     0.000000     0.000000
        700.000     0.000000     0.000000     0.000000     0.000000     0.000000
       0.000000     0.000000     0.000000     0.000000     0.000000     0.000000
       0.000000     0.000000     0.000000     0.000000     0.000000      2940.00
       0.000000     0.000000     0.000000     0.000000     0.000000     0.000000
       0.000000     0.000000     0.000000     0.000000     0.000000     0.000000
       0.000000     0.000000     0.000000     0.000000     0.000000
           0                                                                                                                                                                                                                                                                                                                                                                                                                                                                                                                     
          34 /BMOL-1000-2"-B1610042-11440-01/B1                                                                                                                                                                                                                                                                                                                                                                                                                                                                                  
             -1           -1
              0            0            0            0            0            0
              0            0            0            0            0            0
              3            0            0
        930.000      940.000     0.000000     -2.06000      413.730      60.3000
        4.55000     0.000000      3.00000      82.0000      46.0000      5.00000
       0.000000     0.000000     0.000000     0.000000     0.000000     0.000000
        700.000     0.000000     0.000000     0.000000     0.000000     0.000000
       0.000000     0.000000     0.000000     0.000000     0.000000     0.000000
       0.000000     0.000000     0.000000     0.000000     0.000000      2940.00
       0.000000     0.000000     0.000000     0.000000     0.000000     0.000000
       0.000000     0.000000     0.000000     0.000000     0.000000     0.000000
       0.000000     0.000000     0.000000     0.000000     0.000000
           0                                                                                                                                                                                                                                                                                                                                                                                                                                                                                                                     
          34 /BMOL-1000-2"-B1610042-11440-01/B1                                                                                                                                                                                                                                                                                                                                                                                                                                                                                  
             -1           -1
              0            0            0           31            0            0
              0            0            0            0            0           32
              0            0            0
        940.000      960.000     0.000000     -1.54000      307.770      60.3000
        4.55000     0.000000      3.00000      82.0000      46.0000      5.00000
       0.000000     0.000000     0.000000     0.000000     0.000000     0.000000
        700.000     0.000000     0.000000     0.000000     0.000000     0.000000
       0.000000     0.000000     0.000000     0.000000     0.000000     0.000000
       0.000000     0.000000     0.000000     0.000000     0.000000      2940.00
       0.000000     0.000000     0.000000     0.000000     0.000000     0.000000
       0.000000     0.000000     0.000000     0.000000     0.000000     0.000000
       0.000000     0.000000     0.000000     0.000000     0.000000
           0                                                                                                                                                                                                                                                                                                                                                                                                                                                                                                                     
          34 /BMOL-1000-2"-B1610042-11440-01/B1                                                                                                                                                                                                                                                                                                                                                                                                                                                                                  
             -1           -1
             10            0            0            0            0            0
              0            0            0            0            0           33
              0            0            0
        960.000      970.000     0.000000     -75.6200     0.000000      60.3000
        4.55000     0.000000      3.00000      82.0000      46.0000      5.00000
       0.000000     0.000000     0.000000     0.000000     0.000000     0.000000
        700.000     0.000000     0.000000     0.000000     0.000000     0.000000
       0.000000     0.000000     0.000000     0.000000     0.000000     0.000000
       0.000000     0.000000     0.000000     0.000000     0.000000      2940.00
       0.000000     0.000000     0.000000     0.000000     0.000000     0.000000
       0.000000     0.000000     0.000000     0.000000     0.000000     0.000000
       0.000000     0.000000     0.000000     0.000000     0.000000
           0                                                                                                                                                                                                                                                                                                                                                                                                                                                                                                                     
          34 /BMOL-1000-2"-B1610042-11440-01/B1                                                                                                                                                                                                                                                                                                                                                                                                                                                                                  
             -1           -1
              0            0            0            0            0            0
              0            0            0            0            0           34
              0            0            0
        970.000      976.000     0.000000     -64.0000     0.000000      60.3000
        4.55000     0.000000      3.00000      82.0000      46.0000      5.00000
       0.000000     0.000000     0.000000     0.000000     0.000000     0.000000
        700.000     0.000000     0.000000     0.000000     0.000000     0.000000
       0.000000     0.000000     0.000000     0.000000     0.000000     0.000000
       0.000000     0.000000     0.000000     0.000000     0.000000      2940.00
       0.000000     0.000000     0.000000     0.000000     0.000000     0.000000
       0.000000     0.000000     0.000000     0.000000     0.000000     0.000000
       0.000000     0.000000     0.000000     0.000000     0.000000
           0                                                                                                                                                                                                                                                                                                                                                                                                                                                                                                                     
          34 /BMOL-1000-2"-B1610042-11440-01/B1                                                                                                                                                                                                                                                                                                                                                                                                                                                                                  
             -1           -1
              0           32            0            0            0            0
              0            0            0            0            0           35
              0            0            0
        976.000      978.000     0.000000     -181.000     0.000000      60.3000
        4.55000     0.000000      3.00000      82.0000      46.0000      5.00000
       0.000000     0.000000     0.000000     0.000000     0.000000     0.000000
        700.000     0.000000     0.000000     0.000000     0.000000     0.000000
       0.000000     0.000000     0.000000     0.000000     0.000000     0.000000
       0.000000     0.000000     0.000000     0.000000     0.000000      2940.00
       0.000000     0.000000     0.000000     0.000000     0.000000     0.000000
       0.000000     0.000000     0.000000     0.000000     0.000000     0.000000
       0.000000     0.000000     0.000000     0.000000     0.000000
           0                                                                                                                                                                                                                                                                                                                                                                                                                                                                                                                     
          34 /BMOL-1000-2"-B1610042-11440-01/B1                                                                                                                                                                                                                                                                                                                                                                                                                                                                                  
             -1           -1
              0           33            0            0            0            0
              0            0            0            0            0            0
              0            0            0
        978.000      980.000     0.000000     -67.0000     0.000000      60.3000
        4.55000     0.000000      3.00000      82.0000      46.0000      5.00000
       0.000000     0.000000     0.000000     0.000000     0.000000     0.000000
        700.000     0.000000     0.000000     0.000000     0.000000     0.000000
       0.000000     0.000000     0.000000     0.000000     0.000000     0.000000
       0.000000     0.000000     0.000000     0.000000     0.000000      2940.00
       0.000000     0.000000     0.000000     0.000000     0.000000     0.000000
       0.000000     0.000000     0.000000     0.000000     0.000000     0.000000
       0.000000     0.000000     0.000000     0.000000     0.000000
           0                                                                                                                                                                                                                                                                                                                                                                                                                                                                                                                     
          34 /BMOL-1000-2"-B1610042-11440-01/B1                                                                                                                                                                                                                                                                                                                                                                                                                                                                                  
             -1           -1
              0           34            0            0            0            0
              0            0            0            0            0           36
              0            0            0
        980.000      990.000 2.000000E-02     -818.890     0.000000      60.3000
        4.55000     0.000000      3.00000      82.0000      46.0000      5.00000
       0.000000     0.000000     0.000000     0.000000     0.000000     0.000000
        700.000     0.000000     0.000000     0.000000     0.000000     0.000000
       0.000000     0.000000     0.000000     0.000000     0.000000     0.000000
       0.000000     0.000000     0.000000     0.000000     0.000000      2940.00
       0.000000     0.000000     0.000000     0.000000     0.000000     0.000000
       0.000000     0.000000     0.000000     0.000000     0.000000     0.000000
       0.000000     0.000000     0.000000     0.000000     0.000000
           0                                                                                                                                                                                                                                                                                                                                                                                                                                                                                                                     
          34 /BMOL-1000-2"-B1610042-11440-01/B1                                                                                                                                                                                                                                                                                                                                                                                                                                                                                  
             -1           -1
             11            0            0            0            0            0
              0            0            0            0            0           37
              0            0            0
        990.000      1000.00     0.000000     -1.55000     -308.870      60.3000
        4.55000     0.000000      3.00000      82.0000      46.0000      5.00000
       0.000000     0.000000     0.000000     0.000000     0.000000     0.000000
        700.000     0.000000     0.000000     0.000000     0.000000     0.000000
       0.000000     0.000000     0.000000     0.000000     0.000000     0.000000
       0.000000     0.000000     0.000000     0.000000     0.000000      2940.00
       0.000000     0.000000     0.000000     0.000000     0.000000     0.000000
       0.000000     0.000000     0.000000     0.000000     0.000000     0.000000
       0.000000     0.000000     0.000000     0.000000     0.000000
           0                                                                                                                                                                                                                                                                                                                                                                                                                                                                                                                     
          34 /BMOL-1000-2"-B1610042-11440-01/B1                                                                                                                                                                                                                                                                                                                                                                                                                                                                                  
             -1           -1
              0            0            0           32            0            0
              0            0            0            0            0           38
              0            0            0
        1000.00      1010.00     0.000000     -5.32000     -1064.63      60.3000
        4.55000     0.000000      3.00000      82.0000      46.0000      5.00000
       0.000000     0.000000     0.000000     0.000000     0.000000     0.000000
        700.000     0.000000     0.000000     0.000000     0.000000     0.000000
       0.000000     0.000000     0.000000     0.000000     0.000000     0.000000
       0.000000     0.000000     0.000000     0.000000     0.000000      2940.00
       0.000000     0.000000     0.000000     0.000000     0.000000     0.000000
       0.000000     0.000000     0.000000     0.000000     0.000000     0.000000
       0.000000     0.000000     0.000000     0.000000     0.000000
           0                                                                                                                                                                                                                                                                                                                                                                                                                                                                                                                     
          34 /BMOL-1000-2"-B1610042-11440-01/B1                                                                                                                                                                                                                                                                                                                                                                                                                                                                                  
             -1           -1
             12            0            0            0            0            0
              0            0            0            0            0           39
              0            0            0
        1010.00      1020.00      898.640     -4.50000     0.000000      60.3000
        4.55000     0.000000      3.00000      82.0000      46.0000      5.00000
       0.000000     0.000000     0.000000     0.000000     0.000000     0.000000
        700.000     0.000000     0.000000     0.000000     0.000000     0.000000
       0.000000     0.000000     0.000000     0.000000     0.000000     0.000000
       0.000000     0.000000     0.000000     0.000000     0.000000      2940.00
       0.000000     0.000000     0.000000     0.000000     0.000000     0.000000
       0.000000     0.000000     0.000000     0.000000     0.000000     0.000000
       0.000000     0.000000     0.000000     0.000000     0.000000
           0                                                                                                                                                                                                                                                                                                                                                                                                                                                                                                                     
          34 /BMOL-1000-2"-B1610042-11440-01/B1                                                                                                                                                                                                                                                                                                                                                                                                                                                                                  
             -1           -1
              0            0            0           33            0            0
              0            0            0            0            0           40
              0            0            0
        1020.00      1030.00      1915.20     -9.57000     0.000000      60.3000
        4.55000     0.000000      3.00000      82.0000      46.0000      5.00000
       0.000000     0.000000     0.000000     0.000000     0.000000     0.000000
        700.000     0.000000     0.000000     0.000000     0.000000     0.000000
       0.000000     0.000000     0.000000     0.000000     0.000000     0.000000
       0.000000     0.000000     0.000000     0.000000     0.000000      2940.00
       0.000000     0.000000     0.000000     0.000000     0.000000     0.000000
       0.000000     0.000000     0.000000     0.000000     0.000000     0.000000
       0.000000     0.000000     0.000000     0.000000     0.000000
           0                                                                                                                                                                                                                                                                                                                                                                                                                                                                                                                     
          34 /BMOL-1000-2"-B1610042-11440-01/B1                                                                                                                                                                                                                                                                                                                                                                                                                                                                                  
             -1           -1
              0            0            0           34            0            0
              0            0            0            0            0           41
              0            0            0
        1030.00      1050.00      3532.31     -17.6700     0.000000      60.3000
        4.55000     0.000000      3.00000      82.0000      46.0000      5.00000
       0.000000     0.000000     0.000000     0.000000     0.000000     0.000000
        700.000     0.000000     0.000000     0.000000     0.000000     0.000000
       0.000000     0.000000     0.000000     0.000000     0.000000     0.000000
       0.000000     0.000000     0.000000     0.000000     0.000000      2940.00
       0.000000     0.000000     0.000000     0.000000     0.000000     0.000000
       0.000000     0.000000     0.000000     0.000000     0.000000     0.000000
       0.000000     0.000000     0.000000     0.000000     0.000000
           0                                                                                                                                                                                                                                                                                                                                                                                                                                                                                                                     
          34 /BMOL-1000-2"-B1610042-11440-01/B1                                                                                                                                                                                                                                                                                                                                                                                                                                                                                  
             -1           -1
              0            0            0           35            0            0
              0            0            0            0            0           42
              0            0            0
        1050.00      1060.00      1470.08     -7.35000     0.000000      60.3000
        4.55000     0.000000      3.00000      82.0000      46.0000      5.00000
       0.000000     0.000000     0.000000     0.000000     0.000000     0.000000
        700.000     0.000000     0.000000     0.000000     0.000000     0.000000
       0.000000     0.000000     0.000000     0.000000     0.000000     0.000000
       0.000000     0.000000     0.000000     0.000000     0.000000      2940.00
       0.000000     0.000000     0.000000     0.000000     0.000000     0.000000
       0.000000     0.000000     0.000000     0.000000     0.000000     0.000000
       0.000000     0.000000     0.000000     0.000000     0.000000
           0                                                                                                                                                                                                                                                                                                                                                                                                                                                                                                                     
          34 /BMOL-1000-2"-B1610042-11440-01/B1                                                                                                                                                                                                                                                                                                                                                                                                                                                                                  
             -1           -1
              0            0            0           36            0            0
              0            0            0            0            0           43
              0            0            0
        1060.00      1080.00      1077.27     -5.38000     0.000000      60.3000
        4.55000     0.000000      3.00000      82.0000      46.0000      5.00000
       0.000000     0.000000     0.000000     0.000000     0.000000     0.000000
        700.000     0.000000     0.000000     0.000000     0.000000     0.000000
       0.000000     0.000000     0.000000     0.000000     0.000000     0.000000
       0.000000     0.000000     0.000000     0.000000     0.000000      2940.00
       0.000000     0.000000     0.000000     0.000000     0.000000     0.000000
       0.000000     0.000000     0.000000     0.000000     0.000000     0.000000
       0.000000     0.000000     0.000000     0.000000     0.000000
           0                                                                                                                                                                                                                                                                                                                                                                                                                                                                                                                     
          34 /BMOL-1000-2"-B1610042-11440-01/B1                                                                                                                                                                                                                                                                                                                                                                                                                                                                                  
             -1           -1
             13            0            0            0            0            0
              0            0            0            0            0           44
              0            0            0
        1080.00      1090.00     0.000000    -0.880000     -265.000      60.3000
        4.55000     0.000000      3.00000      82.0000      46.0000      5.00000
       0.000000     0.000000     0.000000     0.000000     0.000000     0.000000
        700.000     0.000000     0.000000     0.000000     0.000000     0.000000
       0.000000     0.000000     0.000000     0.000000     0.000000     0.000000
       0.000000     0.000000     0.000000     0.000000     0.000000      2940.00
       0.000000     0.000000     0.000000     0.000000     0.000000     0.000000
       0.000000     0.000000     0.000000     0.000000     0.000000     0.000000
       0.000000     0.000000     0.000000     0.000000     0.000000
           0                                                                                                                                                                                                                                                                                                                                                                                                                                                                                                                     
          34 /BMOL-1000-2"-B1610042-11440-01/B1                                                                                                                                                                                                                                                                                                                                                                                                                                                                                  
             -1           -1
              0            0            0            0            0            0
              0            0            0            0            0            0
              0            0            0
        240.000      1100.00      1.91000     -191.590     0.000000      60.3000
        6.30000     0.000000     0.000000      80.0000      58.8000      5.00000
       0.000000     0.000000     0.000000     0.000000     0.000000     0.000000
        9200.00     0.000000     0.000000     0.000000     0.000000     0.000000
       0.000000     0.000000     0.000000     0.000000     0.000000     0.000000
       0.000000 7.611000E-04     0.000000     0.000000     0.000000      15315.0
       0.000000     0.000000     0.000000     0.000000     0.000000     0.000000
       0.000000     0.000000     0.000000     0.000000     0.000000     0.000000
       0.000000     0.000000     0.000000     0.000000     0.000000
           0                                                                                                                                                                                                                                                                                                                                                                                                                                                                                                                     
          42 /BMOL-1000-PL-6"-O1610002(R-161001)-01/B10                                                                                                                                                                                                                                                                                                                                                                                                                                                                          
             -1           -1
              0            0            0           37            0            0
              0            0            0            0            0            0
              0            0            0
        1100.00      1110.00     0.800000     -79.9900     0.000000      60.3000
        6.30000     0.000000     0.000000      80.0000      58.8000      5.00000
       0.000000     0.000000     0.000000     0.000000     0.000000     0.000000
        9200.00     0.000000     0.000000     0.000000     0.000000     0.000000
       0.000000     0.000000     0.000000     0.000000     0.000000     0.000000
       0.000000 7.611000E-04     0.000000     0.000000     0.000000      15315.0
       0.000000     0.000000     0.000000     0.000000     0.000000     0.000000
       0.000000     0.000000     0.000000     0.000000     0.000000     0.000000
       0.000000     0.000000     0.000000     0.000000     0.000000
           0                                                                                                                                                                                                                                                                                                                                                                                                                                                                                                                     
          42 /BMOL-1000-PL-6"-O1610002(R-161001)-01/B10                                                                                                                                                                                                                                                                                                                                                                                                                                                                          
             -1           -1
              0           35            0           38            0            0
              0            0            0            0            0            0
              0            0            0
        1130.00      1140.00     0.000000     -159.970-1.000000E-02      60.3000
        5.54000     0.000000      6.00000      82.0000     0.000000      5.00000
       0.000000     0.000000     0.000000     0.000000     0.000000     0.000000
        9200.00     0.000000     0.000000     0.000000     0.000000     0.000000
       0.000000     0.000000     0.000000     0.000000     0.000000     0.000000
       0.000000     0.000000     0.000000     0.000000     0.000000      15315.0
       0.000000     0.000000     0.000000     0.000000     0.000000     0.000000
       0.000000     0.000000     0.000000     0.000000     0.000000     0.000000
       0.000000     0.000000     0.000000     0.000000     0.000000
           0                                                                                                                                                                                                                                                                                                                                                                                                                                                                                                                     
          34 /BMOL-1000-2"-D1610007-61440-01/B1                                                                                                                                                                                                                                                                                                                                                                                                                                                                                  
             -1           -1
             14            0            0           39            0            0
              0            0            0            0            0            0
              0            0            0
        1140.00      1150.00     0.000000     -2.85000     -649.990      60.3000
        5.54000     0.000000      6.00000      82.0000     0.000000      5.00000
       0.000000     0.000000     0.000000     0.000000     0.000000     0.000000
        9200.00     0.000000     0.000000     0.000000     0.000000     0.000000
       0.000000     0.000000     0.000000     0.000000     0.000000     0.000000
       0.000000     0.000000     0.000000     0.000000     0.000000      15315.0
       0.000000     0.000000     0.000000     0.000000     0.000000     0.000000
       0.000000     0.000000     0.000000     0.000000     0.000000     0.000000
       0.000000     0.000000     0.000000     0.000000     0.000000
           0                                                                                                                                                                                                                                                                                                                                                                                                                                                                                                                     
          34 /BMOL-1000-2"-D1610007-61440-01/B1                                                                                                                                                                                                                                                                                                                                                                                                                                                                                  
             -1           -1
             15            0            0            0            0            0
              0            0            0            0            0            0
              0            0            0
        1150.00      1160.00      76.0000    -0.380000     0.000000      60.3000
        5.54000     0.000000      6.00000      82.0000     0.000000      5.00000
       0.000000     0.000000     0.000000     0.000000     0.000000     0.000000
        9200.00     0.000000     0.000000     0.000000     0.000000     0.000000
       0.000000     0.000000     0.000000     0.000000     0.000000     0.000000
       0.000000     0.000000     0.000000     0.000000     0.000000      15315.0
       0.000000     0.000000     0.000000     0.000000     0.000000     0.000000
       0.000000     0.000000     0.000000     0.000000     0.000000     0.000000
       0.000000     0.000000     0.000000     0.000000     0.000000
           0                                                                                                                                                                                                                                                                                                                                                                                                                                                                                                                     
          34 /BMOL-1000-2"-D1610007-61440-01/B1                                                                                                                                                                                                                                                                                                                                                                                                                                                                                  
             -1           -1
              0            0            0            0            0            0
              0            0            0            0            0            0
              0            0            0
        1160.00      1166.00      80.0000    -0.400000     0.000000      60.3000
        5.54000     0.000000      6.00000      82.0000     0.000000      5.00000
       0.000000     0.000000     0.000000     0.000000     0.000000     0.000000
        9200.00     0.000000     0.000000     0.000000     0.000000     0.000000
       0.000000     0.000000     0.000000     0.000000     0.000000     0.000000
       0.000000     0.000000     0.000000     0.000000     0.000000      15315.0
       0.000000     0.000000     0.000000     0.000000     0.000000     0.000000
       0.000000     0.000000     0.000000     0.000000     0.000000     0.000000
       0.000000     0.000000     0.000000     0.000000     0.000000
           0                                                                                                                                                                                                                                                                                                                                                                                                                                                                                                                     
          34 /BMOL-1000-2"-D1610007-61440-01/B1                                                                                                                                                                                                                                                                                                                                                                                                                                                                                  
             -1           -1
              0           36            0            0            0            0
              0            0            0            0            0            0
              0            0            0
        1166.00      1168.00      295.200     -1.47000     0.000000      60.3000
        5.54000     0.000000      6.00000      82.0000     0.000000      5.00000
       0.000000     0.000000     0.000000     0.000000     0.000000     0.000000
        9200.00     0.000000     0.000000     0.000000     0.000000     0.000000
       0.000000     0.000000     0.000000     0.000000     0.000000     0.000000
       0.000000     0.000000     0.000000     0.000000     0.000000      15315.0
       0.000000     0.000000     0.000000     0.000000     0.000000     0.000000
       0.000000     0.000000     0.000000     0.000000     0.000000     0.000000
       0.000000     0.000000     0.000000     0.000000     0.000000
           0                                                                                                                                                                                                                                                                                                                                                                                                                                                                                                                     
          34 /BMOL-1000-2"-D1610007-61440-01/B1                                                                                                                                                                                                                                                                                                                                                                                                                                                                                  
             -1           -1
              0           37            0            0            0            0
              0            0            0            0            0            0
              0            0            0
        1168.00      1170.00      83.2000    -0.420000     0.000000      60.3000
        5.54000     0.000000      6.00000      82.0000     0.000000      5.00000
       0.000000     0.000000     0.000000     0.000000     0.000000     0.000000
        9200.00     0.000000     0.000000     0.000000     0.000000     0.000000
       0.000000     0.000000     0.000000     0.000000     0.000000     0.000000
       0.000000     0.000000     0.000000     0.000000     0.000000      15315.0
       0.000000     0.000000     0.000000     0.000000     0.000000     0.000000
       0.000000     0.000000     0.000000     0.000000     0.000000     0.000000
       0.000000     0.000000     0.000000     0.000000     0.000000
           0                                                                                                                                                                                                                                                                                                                                                                                                                                                                                                                     
          34 /BMOL-1000-2"-D1610007-61440-01/B1                                                                                                                                                                                                                                                                                                                                                                                                                                                                                  
             -1           -1
              0           38            0            0            0            0
              0            0            0            0            0           45
              0            0            0
        1170.00      1180.00      299.860     -1.50000     0.000000      60.3000
        5.54000     0.000000      6.00000      82.0000     0.000000      5.00000
       0.000000     0.000000     0.000000     0.000000     0.000000     0.000000
        9200.00     0.000000     0.000000     0.000000     0.000000     0.000000
       0.000000     0.000000     0.000000     0.000000     0.000000     0.000000
       0.000000     0.000000     0.000000     0.000000     0.000000      15315.0
       0.000000     0.000000     0.000000     0.000000     0.000000     0.000000
       0.000000     0.000000     0.000000     0.000000     0.000000     0.000000
       0.000000     0.000000     0.000000     0.000000     0.000000
           0                                                                                                                                                                                                                                                                                                                                                                                                                                                                                                                     
          34 /BMOL-1000-2"-D1610007-61440-01/B1                                                                                                                                                                                                                                                                                                                                                                                                                                                                                  
             -1           -1
              0            0            0           40            0            0
              0            0            0            0            0           46
              0            0            0
        1180.00      1190.00      1989.57     -9.95000     0.000000      60.3000
        5.54000     0.000000      6.00000      82.0000     0.000000      5.00000
       0.000000     0.000000     0.000000     0.000000     0.000000     0.000000
        9200.00     0.000000     0.000000     0.000000     0.000000     0.000000
       0.000000     0.000000     0.000000     0.000000     0.000000     0.000000
       0.000000     0.000000     0.000000     0.000000     0.000000      15315.0
       0.000000     0.000000     0.000000     0.000000     0.000000     0.000000
       0.000000     0.000000     0.000000     0.000000     0.000000     0.000000
       0.000000     0.000000     0.000000     0.000000     0.000000
           0                                                                                                                                                                                                                                                                                                                                                                                                                                                                                                                     
          34 /BMOL-1000-2"-D1610007-61440-01/B1                                                                                                                                                                                                                                                                                                                                                                                                                                                                                  
             -1           -1
              0            0            0           41            0            0
              0            0            0            0            0           47
              0            0            0
        1190.00      1210.00      1915.02     -9.57000     0.000000      60.3000
        5.54000     0.000000      6.00000      82.0000     0.000000      5.00000
       0.000000     0.000000     0.000000     0.000000     0.000000     0.000000
        9200.00     0.000000     0.000000     0.000000     0.000000     0.000000
       0.000000     0.000000     0.000000     0.000000     0.000000     0.000000
       0.000000     0.000000     0.000000     0.000000     0.000000      15315.0
       0.000000     0.000000     0.000000     0.000000     0.000000     0.000000
       0.000000     0.000000     0.000000     0.000000     0.000000     0.000000
       0.000000     0.000000     0.000000     0.000000     0.000000
           0                                                                                                                                                                                                                                                                                                                                                                                                                                                                                                                     
          34 /BMOL-1000-2"-D1610007-61440-01/B1                                                                                                                                                                                                                                                                                                                                                                                                                                                                                  
             -1           -1
              0            0            0           42            0            0
              0            0            0            0            0           48
              0            0            0
        1210.00      1220.00      1635.45     -8.18000     0.000000      60.3000
        5.54000     0.000000      6.00000      82.0000     0.000000      5.00000
       0.000000     0.000000     0.000000     0.000000     0.000000     0.000000
        9200.00     0.000000     0.000000     0.000000     0.000000     0.000000
       0.000000     0.000000     0.000000     0.000000     0.000000     0.000000
       0.000000     0.000000     0.000000     0.000000     0.000000      15315.0
       0.000000     0.000000     0.000000     0.000000     0.000000     0.000000
       0.000000     0.000000     0.000000     0.000000     0.000000     0.000000
       0.000000     0.000000     0.000000     0.000000     0.000000
           0                                                                                                                                                                                                                                                                                                                                                                                                                                                                                                                     
          34 /BMOL-1000-2"-D1610007-61440-01/B1                                                                                                                                                                                                                                                                                                                                                                                                                                                                                  
             -1           -1
              0            0            0            0            0            0
              0            0            0            0           17           49
              0            0            0
        1220.00      1230.00      1896.96     -9.49000     0.000000      60.3000
        5.54000     0.000000      6.00000      82.0000     0.000000      5.00000
       0.000000     0.000000     0.000000     0.000000     0.000000     0.000000
        9200.00     0.000000     0.000000     0.000000     0.000000     0.000000
       0.000000     0.000000     0.000000     0.000000     0.000000     0.000000
       0.000000     0.000000     0.000000     0.000000     0.000000      15315.0
       0.000000     0.000000     0.000000     0.000000     0.000000     0.000000
       0.000000     0.000000     0.000000     0.000000     0.000000     0.000000
       0.000000     0.000000     0.000000     0.000000     0.000000
           0                                                                                                                                                                                                                                                                                                                                                                                                                                                                                                                     
          34 /BMOL-1000-2"-D1610007-61440-01/B1                                                                                                                                                                                                                                                                                                                                                                                                                                                                                  
             -1           -1
              0            0            0           43            0            0
              0            0            0            0            0           50
              0            0            0
        1230.00      1250.00      371.320     -1.85000     0.000000      60.3000
        5.54000     0.000000      6.00000      82.0000     0.000000      5.00000
       0.000000     0.000000     0.000000     0.000000     0.000000     0.000000
        9200.00     0.000000     0.000000     0.000000     0.000000     0.000000
       0.000000     0.000000     0.000000     0.000000     0.000000     0.000000
       0.000000     0.000000     0.000000     0.000000     0.000000      15315.0
       0.000000     0.000000     0.000000     0.000000     0.000000     0.000000
       0.000000     0.000000     0.000000     0.000000     0.000000     0.000000
       0.000000     0.000000     0.000000     0.000000     0.000000
           0                                                                                                                                                                                                                                                                                                                                                                                                                                                                                                                     
          34 /BMOL-1000-2"-D1610007-61440-01/B1                                                                                                                                                                                                                                                                                                                                                                                                                                                                                  
             -1           -1
              0            0            0            0            0            0
              0            0            0            0           18           51
              0            0            0
        1250.00      1260.00      390.060     -1.95000     0.000000      60.3000
        5.54000     0.000000      6.00000      82.0000     0.000000      5.00000
       0.000000     0.000000     0.000000     0.000000     0.000000     0.000000
        9200.00     0.000000     0.000000     0.000000     0.000000     0.000000
       0.000000     0.000000     0.000000     0.000000     0.000000     0.000000
       0.000000     0.000000     0.000000     0.000000     0.000000      15315.0
       0.000000     0.000000     0.000000     0.000000     0.000000     0.000000
       0.000000     0.000000     0.000000     0.000000     0.000000     0.000000
       0.000000     0.000000     0.000000     0.000000     0.000000
           0                                                                                                                                                                                                                                                                                                                                                                                                                                                                                                                     
          34 /BMOL-1000-2"-D1610007-61440-01/B1                                                                                                                                                                                                                                                                                                                                                                                                                                                                                  
             -1           -1
              0            0            0            0            0            0
              0            0            0            0            0            0
              0            0            0
        1260.00      1267.00      80.0000    -0.400000     0.000000      60.3000
        5.54000     0.000000      6.00000      82.0000     0.000000      5.00000
       0.000000     0.000000     0.000000     0.000000     0.000000     0.000000
        9200.00     0.000000     0.000000     0.000000     0.000000     0.000000
       0.000000     0.000000     0.000000     0.000000     0.000000     0.000000
       0.000000     0.000000     0.000000     0.000000     0.000000      15315.0
       0.000000     0.000000     0.000000     0.000000     0.000000     0.000000
       0.000000     0.000000     0.000000     0.000000     0.000000     0.000000
       0.000000     0.000000     0.000000     0.000000     0.000000
           0                                                                                                                                                                                                                                                                                                                                                                                                                                                                                                                     
          34 /BMOL-1000-2"-D1610007-61440-01/B1                                                                                                                                                                                                                                                                                                                                                                                                                                                                                  
             -1           -1
              0           39            0            0            0            0
              0            0            0            0            0            0
              0            0            0
        1267.00      1269.00      295.190     -1.48000     0.000000      60.3000
        5.54000     0.000000      6.00000      82.0000     0.000000      5.00000
       0.000000     0.000000     0.000000     0.000000     0.000000     0.000000
        9200.00     0.000000     0.000000     0.000000     0.000000     0.000000
       0.000000     0.000000     0.000000     0.000000     0.000000     0.000000
       0.000000     0.000000     0.000000     0.000000     0.000000      15315.0
       0.000000     0.000000     0.000000     0.000000     0.000000     0.000000
       0.000000     0.000000     0.000000     0.000000     0.000000     0.000000
       0.000000     0.000000     0.000000     0.000000     0.000000
           0                                                                                                                                                                                                                                                                                                                                                                                                                                                                                                                     
          34 /BMOL-1000-2"-D1610007-61440-01/B1                                                                                                                                                                                                                                                                                                                                                                                                                                                                                  
             -1           -1
              0           40            0           44            0            0
              0            0            0            0            0            0
              0            0            0
        1270.00      1280.00      80.0000    -0.400000     0.000000      60.3000
        5.54000     0.000000      6.00000      82.0000     0.000000      5.00000
       0.000000     0.000000     0.000000     0.000000     0.000000     0.000000
        9200.00     0.000000     0.000000     0.000000     0.000000     0.000000
       0.000000     0.000000     0.000000     0.000000     0.000000     0.000000
       0.000000     0.000000     0.000000     0.000000     0.000000      15315.0
       0.000000     0.000000     0.000000     0.000000     0.000000     0.000000
       0.000000     0.000000     0.000000     0.000000     0.000000     0.000000
       0.000000     0.000000     0.000000     0.000000     0.000000
           0                                                                                                                                                                                                                                                                                                                                                                                                                                                                                                                     
          34 /BMOL-1000-2"-D1610007-61440-01/B2                                                                                                                                                                                                                                                                                                                                                                                                                                                                                  
             -1           -1
              0           41            0           45            0            0
              0            0            0            0            0            0
              0            0            0
        1280.00      1290.00      237.320     -1.19000     0.000000      60.3000
        5.54000     0.000000      6.00000      82.0000     0.000000      5.00000
       0.000000     0.000000     0.000000     0.000000     0.000000     0.000000
        9200.00     0.000000     0.000000     0.000000     0.000000     0.000000
       0.000000     0.000000     0.000000     0.000000     0.000000     0.000000
       0.000000     0.000000     0.000000     0.000000     0.000000      15315.0
       0.000000     0.000000     0.000000     0.000000     0.000000     0.000000
       0.000000     0.000000     0.000000     0.000000     0.000000     0.000000
       0.000000     0.000000     0.000000     0.000000     0.000000
           0                                                                                                                                                                                                                                                                                                                                                                                                                                                                                                                     
          34 /BMOL-1000-2"-D1610007-61440-01/B2                                                                                                                                                                                                                                                                                                                                                                                                                                                                                  
             -1           -1
              0            0            0           46            0            0
              0            0            0            0            0           52
              0            0            0
        1290.00      1300.00      190.680    -0.950000     0.000000      60.3000
        5.54000     0.000000      6.00000      82.0000     0.000000      5.00000
       0.000000     0.000000     0.000000     0.000000     0.000000     0.000000
        9200.00     0.000000     0.000000     0.000000     0.000000     0.000000
       0.000000     0.000000     0.000000     0.000000     0.000000     0.000000
       0.000000     0.000000     0.000000     0.000000     0.000000      15315.0
       0.000000     0.000000     0.000000     0.000000     0.000000     0.000000
       0.000000     0.000000     0.000000     0.000000     0.000000     0.000000
       0.000000     0.000000     0.000000     0.000000     0.000000
           0                                                                                                                                                                                                                                                                                                                                                                                                                                                                                                                     
          34 /BMOL-1000-2"-D1610007-61440-01/B2                                                                                                                                                                                                                                                                                                                                                                                                                                                                                  
             -1           -1
              0            0            0            0            0            0
              0            0            0            0            0           53
              0            0            0
        1300.00      1306.00      80.0000    -0.400000     0.000000      60.3000
        5.54000     0.000000      6.00000      82.0000     0.000000      5.00000
       0.000000     0.000000     0.000000     0.000000     0.000000     0.000000
        9200.00     0.000000     0.000000     0.000000     0.000000     0.000000
       0.000000     0.000000     0.000000     0.000000     0.000000     0.000000
       0.000000     0.000000     0.000000     0.000000     0.000000      15315.0
       0.000000     0.000000     0.000000     0.000000     0.000000     0.000000
       0.000000     0.000000     0.000000     0.000000     0.000000     0.000000
       0.000000     0.000000     0.000000     0.000000     0.000000
           0                                                                                                                                                                                                                                                                                                                                                                                                                                                                                                                     
          34 /BMOL-1000-2"-D1610007-61440-01/B2                                                                                                                                                                                                                                                                                                                                                                                                                                                                                  
             -1           -1
              0           42            0            0            0            0
              0            0            0            0            0            0
              0            0            0
        1306.00      1308.00      295.190     -1.48000     0.000000      60.3000
        5.54000     0.000000      6.00000      82.0000     0.000000      5.00000
       0.000000     0.000000     0.000000     0.000000     0.000000     0.000000
        9200.00     0.000000     0.000000     0.000000     0.000000     0.000000
       0.000000     0.000000     0.000000     0.000000     0.000000     0.000000
       0.000000     0.000000     0.000000     0.000000     0.000000      15315.0
       0.000000     0.000000     0.000000     0.000000     0.000000     0.000000
       0.000000     0.000000     0.000000     0.000000     0.000000     0.000000
       0.000000     0.000000     0.000000     0.000000     0.000000
           0                                                                                                                                                                                                                                                                                                                                                                                                                                                                                                                     
          34 /BMOL-1000-2"-D1610007-61440-01/B2                                                                                                                                                                                                                                                                                                                                                                                                                                                                                  
             -1           -1
              0           43            0            0            0            0
              0            0            0            0            0            0
              0            0            0
        1308.00      1310.00      83.2000    -0.410000     0.000000      60.3000
        5.54000     0.000000      6.00000      82.0000     0.000000      5.00000
       0.000000     0.000000     0.000000     0.000000     0.000000     0.000000
        9200.00     0.000000     0.000000     0.000000     0.000000     0.000000
       0.000000     0.000000     0.000000     0.000000     0.000000     0.000000
       0.000000     0.000000     0.000000     0.000000     0.000000      15315.0
       0.000000     0.000000     0.000000     0.000000     0.000000     0.000000
       0.000000     0.000000     0.000000     0.000000     0.000000     0.000000
       0.000000     0.000000     0.000000     0.000000     0.000000
           0                                                                                                                                                                                                                                                                                                                                                                                                                                                                                                                     
          34 /BMOL-1000-2"-D1610007-61440-01/B2                                                                                                                                                                                                                                                                                                                                                                                                                                                                                  
             -1           -1
              0           44            0            0            0            0
              0            0            0            0            0           54
              0            0            0
        1310.00      1320.00      102.000    -0.510000     0.000000      60.3000
        5.54000     0.000000      6.00000      82.0000     0.000000      5.00000
       0.000000     0.000000     0.000000     0.000000     0.000000     0.000000
        9200.00     0.000000     0.000000     0.000000     0.000000     0.000000
       0.000000     0.000000     0.000000     0.000000     0.000000     0.000000
       0.000000     0.000000     0.000000     0.000000     0.000000      15315.0
       0.000000     0.000000     0.000000     0.000000     0.000000     0.000000
       0.000000     0.000000     0.000000     0.000000     0.000000     0.000000
       0.000000     0.000000     0.000000     0.000000     0.000000
           0                                                                                                                                                                                                                                                                                                                                                                                                                                                                                                                     
          34 /BMOL-1000-2"-D1610007-61440-01/B2                                                                                                                                                                                                                                                                                                                                                                                                                                                                                  
             -1           -1
              0            0            0            0            0            0
              0            0            0            0            0           55
              4            0            0
        1320.00      1329.00      109.000    -0.550000     0.000000      114.300
        5.54000     0.000000      6.00000      82.0000     0.000000      5.00000
       0.000000     0.000000     0.000000     0.000000     0.000000     0.000000
        9200.00     0.000000     0.000000     0.000000     0.000000     0.000000
       0.000000     0.000000     0.000000     0.000000     0.000000     0.000000
       0.000000     0.000000     0.000000     0.000000     0.000000      15315.0
       0.000000     0.000000     0.000000     0.000000     0.000000     0.000000
       0.000000     0.000000     0.000000     0.000000     0.000000     0.000000
       0.000000     0.000000     0.000000     0.000000     0.000000
           0                                                                                                                                                                                                                                                                                                                                                                                                                                                                                                                     
          34 /BMOL-1000-2"-D1610007-61440-01/B2                                                                                                                                                                                                                                                                                                                                                                                                                                                                                  
             -1           -1
              0           45            0           47            0            0
              0            0            0            0            0            0
              0            0            0
        1330.00      1340.00      109.000    -0.550000     0.000000      114.300
        6.02000     0.000000      3.00000      82.0000     0.000000      5.00000
       0.000000     0.000000     0.000000     0.000000     0.000000     0.000000
        700.000     0.000000     0.000000     0.000000     0.000000     0.000000
       0.000000     0.000000     0.000000     0.000000     0.000000     0.000000
       0.000000     0.000000     0.000000     0.000000     0.000000      2940.00
       0.000000     0.000000     0.000000     0.000000     0.000000     0.000000
       0.000000     0.000000     0.000000     0.000000     0.000000     0.000000
       0.000000     0.000000     0.000000     0.000000     0.000000
           0                                                                                                                                                                                                                                                                                                                                                                                                                                                                                                                     
          34 /BMOL-1000-4"-D1610009-11440-01/B2                                                                                                                                                                                                                                                                                                                                                                                                                                                                                  
             -1           -1
              0           46            0           48            0            0
              0            0            0            0            0            0
              0            0            0
        1340.00      1090.00      105.000    -0.520000     0.000000      114.300
        6.02000     0.000000      3.00000      82.0000     0.000000      5.00000
       0.000000     0.000000     0.000000     0.000000     0.000000     0.000000
        700.000     0.000000     0.000000     0.000000     0.000000     0.000000
       0.000000     0.000000     0.000000     0.000000     0.000000     0.000000
       0.000000     0.000000     0.000000     0.000000     0.000000      2940.00
       0.000000     0.000000     0.000000     0.000000     0.000000     0.000000
       0.000000     0.000000     0.000000     0.000000     0.000000     0.000000
       0.000000     0.000000     0.000000     0.000000     0.000000
           0                                                                                                                                                                                                                                                                                                                                                                                                                                                                                                                     
          34 /BMOL-1000-4"-D1610009-11440-01/B1                                                                                                                                                                                                                                                                                                                                                                                                                                                                                  
             -1           -1
              0            0            0            0            0            0
              0            0            0            0           19            0
              0            0            0
        1090.00      1350.00      306.760     -1.54000     0.000000      114.300
        6.02000     0.000000      3.00000      82.0000     0.000000      5.00000
       0.000000     0.000000     0.000000     0.000000     0.000000     0.000000
        700.000     0.000000     0.000000     0.000000     0.000000     0.000000
       0.000000     0.000000     0.000000     0.000000     0.000000     0.000000
       0.000000     0.000000     0.000000     0.000000     0.000000      2940.00
       0.000000     0.000000     0.000000     0.000000     0.000000     0.000000
       0.000000     0.000000     0.000000     0.000000     0.000000     0.000000
       0.000000     0.000000     0.000000     0.000000     0.000000
           0                                                                                                                                                                                                                                                                                                                                                                                                                                                                                                                     
          34 /BMOL-1000-4"-D1610009-11440-01/B1                                                                                                                                                                                                                                                                                                                                                                                                                                                                                  
             -1           -1
              0            0            0           49            0            0
              0            0            0            0            0           56
              0            0            0
        1350.00      1370.00      3245.77     -16.2300     0.110000      114.300
        6.02000     0.000000      3.00000      82.0000     0.000000      5.00000
       0.000000     0.000000     0.000000     0.000000     0.000000     0.000000
        700.000     0.000000     0.000000     0.000000     0.000000     0.000000
       0.000000     0.000000     0.000000     0.000000     0.000000     0.000000
       0.000000     0.000000     0.000000     0.000000     0.000000      2940.00
       0.000000     0.000000     0.000000     0.000000     0.000000     0.000000
       0.000000     0.000000     0.000000     0.000000     0.000000     0.000000
       0.000000     0.000000     0.000000     0.000000     0.000000
           0                                                                                                                                                                                                                                                                                                                                                                                                                                                                                                                     
          34 /BMOL-1000-4"-D1610009-11440-01/B1                                                                                                                                                                                                                                                                                                                                                                                                                                                                                  
             -1           -1
              0            0            0           50            0            0
              0            0            0            0            0           57
              0            0            0
        1370.00      1380.00      1000.07     -5.00000     0.000000      114.300
        6.02000     0.000000      3.00000      82.0000     0.000000      5.00000
       0.000000     0.000000     0.000000     0.000000     0.000000     0.000000
        700.000     0.000000     0.000000     0.000000     0.000000     0.000000
       0.000000     0.000000     0.000000     0.000000     0.000000     0.000000
       0.000000     0.000000     0.000000     0.000000     0.000000      2940.00
       0.000000     0.000000     0.000000     0.000000     0.000000     0.000000
       0.000000     0.000000     0.000000     0.000000     0.000000     0.000000
       0.000000     0.000000     0.000000     0.000000     0.000000
           0                                                                                                                                                                                                                                                                                                                                                                                                                                                                                                                     
          34 /BMOL-1000-4"-D1610009-11440-01/B1                                                                                                                                                                                                                                                                                                                                                                                                                                                                                  
             -1           -1
             16            0            0            0            0            0
              0            0            0            0            0           58
              0            0            0
        1380.00      1390.00     0.000000     -7.50000     -1499.98      114.300
        6.02000     0.000000      3.00000      82.0000     0.000000      5.00000
       0.000000     0.000000     0.000000     0.000000     0.000000     0.000000
        700.000     0.000000     0.000000     0.000000     0.000000     0.000000
       0.000000     0.000000     0.000000     0.000000     0.000000     0.000000
       0.000000     0.000000     0.000000     0.000000     0.000000      2940.00
       0.000000     0.000000     0.000000     0.000000     0.000000     0.000000
       0.000000     0.000000     0.000000     0.000000     0.000000     0.000000
       0.000000     0.000000     0.000000     0.000000     0.000000
           0                                                                                                                                                                                                                                                                                                                                                                                                                                                                                                                     
          34 /BMOL-1000-4"-D1610009-11440-01/B1                                                                                                                                                                                                                                                                                                                                                                                                                                                                                  
             -1           -1
              0            0            0           51            0            0
              0            0            0            0            0           59
              0            0            0
        1390.00      1400.00     0.000000     -7.50000     -1500.09      114.300
        6.02000     0.000000      3.00000      82.0000     0.000000      5.00000
       0.000000     0.000000     0.000000     0.000000     0.000000     0.000000
        700.000     0.000000     0.000000     0.000000     0.000000     0.000000
       0.000000     0.000000     0.000000     0.000000     0.000000     0.000000
       0.000000     0.000000     0.000000     0.000000     0.000000      2940.00
       0.000000     0.000000     0.000000     0.000000     0.000000     0.000000
       0.000000     0.000000     0.000000     0.000000     0.000000     0.000000
       0.000000     0.000000     0.000000     0.000000     0.000000
           0                                                                                                                                                                                                                                                                                                                                                                                                                                                                                                                     
          34 /BMOL-1000-4"-D1610009-11440-01/B1                                                                                                                                                                                                                                                                                                                                                                                                                                                                                  
             -1           -1
             17            0            0            0            0            0
              0            0            0            0            0           60
              0            0            0
        1400.00      1410.00      979.250     -4.90000     0.000000      114.300
        6.02000     0.000000      3.00000      82.0000     0.000000      5.00000
       0.000000     0.000000     0.000000     0.000000     0.000000     0.000000
        700.000     0.000000     0.000000     0.000000     0.000000     0.000000
       0.000000     0.000000     0.000000     0.000000     0.000000     0.000000
       0.000000     0.000000     0.000000     0.000000     0.000000      2940.00
       0.000000     0.000000     0.000000     0.000000     0.000000     0.000000
       0.000000     0.000000     0.000000     0.000000     0.000000     0.000000
       0.000000     0.000000     0.000000     0.000000     0.000000
           0                                                                                                                                                                                                                                                                                                                                                                                                                                                                                                                     
          34 /BMOL-1000-4"-D1610009-11440-01/B1                                                                                                                                                                                                                                                                                                                                                                                                                                                                                  
             -1           -1
              0            0            0           52            0            0
              0            0            0            0            0           61
              0            0            0
        1410.00      1440.00      5502.15     -27.5100     0.000000      114.300
        6.02000     0.000000      3.00000      82.0000     0.000000      5.00000
       0.000000     0.000000     0.000000     0.000000     0.000000     0.000000
        700.000     0.000000     0.000000     0.000000     0.000000     0.000000
       0.000000     0.000000     0.000000     0.000000     0.000000     0.000000
       0.000000     0.000000     0.000000     0.000000     0.000000      2940.00
       0.000000     0.000000     0.000000     0.000000     0.000000     0.000000
       0.000000     0.000000     0.000000     0.000000     0.000000     0.000000
       0.000000     0.000000     0.000000     0.000000     0.000000
           0                                                                                                                                                                                                                                                                                                                                                                                                                                                                                                                     
          34 /BMOL-1000-4"-D1610009-11440-01/B1                                                                                                                                                                                                                                                                                                                                                                                                                                                                                  
             -1           -1
              0            0            0           53            0            0
              0            0            0            0            0           62
              0            0            0
        1440.00      1460.00      5249.69     -26.2500     0.000000      114.300
        6.02000     0.000000      3.00000      82.0000     0.000000      5.00000
       0.000000     0.000000     0.000000     0.000000     0.000000     0.000000
        700.000     0.000000     0.000000     0.000000     0.000000     0.000000
       0.000000     0.000000     0.000000     0.000000     0.000000     0.000000
       0.000000     0.000000     0.000000     0.000000     0.000000      2940.00
       0.000000     0.000000     0.000000     0.000000     0.000000     0.000000
       0.000000     0.000000     0.000000     0.000000     0.000000     0.000000
       0.000000     0.000000     0.000000     0.000000     0.000000
           0                                                                                                                                                                                                                                                                                                                                                                                                                                                                                                                     
          34 /BMOL-1000-4"-D1610009-11440-01/B1                                                                                                                                                                                                                                                                                                                                                                                                                                                                                  
             -1           -1
              0            0            0           54            0            0
              0            0            0            0            0           63
              0            0            0
        1460.00      1470.00      1572.92     -7.86000     0.000000      114.300
        6.02000     0.000000      3.00000      82.0000     0.000000      5.00000
       0.000000     0.000000     0.000000     0.000000     0.000000     0.000000
        700.000     0.000000     0.000000     0.000000     0.000000     0.000000
       0.000000     0.000000     0.000000     0.000000     0.000000     0.000000
       0.000000     0.000000     0.000000     0.000000     0.000000      2940.00
       0.000000     0.000000     0.000000     0.000000     0.000000     0.000000
       0.000000     0.000000     0.000000     0.000000     0.000000     0.000000
       0.000000     0.000000     0.000000     0.000000     0.000000
           0                                                                                                                                                                                                                                                                                                                                                                                                                                                                                                                     
          34 /BMOL-1000-4"-D1610009-11440-01/B1                                                                                                                                                                                                                                                                                                                                                                                                                                                                                  
             -1           -1
             18            0            0            0            0            0
              0            0            0            0            0           64
              0            0            0
        1470.00      1480.00     0.000000     -4.01000     -800.540      114.300
        6.02000     0.000000      3.00000      82.0000     0.000000      5.00000
       0.000000     0.000000     0.000000     0.000000     0.000000     0.000000
        700.000     0.000000     0.000000     0.000000     0.000000     0.000000
       0.000000     0.000000     0.000000     0.000000     0.000000     0.000000
       0.000000     0.000000     0.000000     0.000000     0.000000      2940.00
       0.000000     0.000000     0.000000     0.000000     0.000000     0.000000
       0.000000     0.000000     0.000000     0.000000     0.000000     0.000000
       0.000000     0.000000     0.000000     0.000000     0.000000
           0                                                                                                                                                                                                                                                                                                                                                                                                                                                                                                                     
          34 /BMOL-1000-4"-D1610009-11440-01/B1                                                                                                                                                                                                                                                                                                                                                                                                                                                                                  
             -1           -1
              0            0            0            0            0            0
              0            0            0            0            0           65
              0            0            0
        1480.00      1490.00     0.000000     -15.2500     -3050.06      114.300
        6.02000     0.000000      3.00000      82.0000     0.000000      5.00000
       0.000000     0.000000     0.000000     0.000000     0.000000     0.000000
        700.000     0.000000     0.000000     0.000000     0.000000     0.000000
       0.000000     0.000000     0.000000     0.000000     0.000000     0.000000
       0.000000     0.000000     0.000000     0.000000     0.000000      2940.00
       0.000000     0.000000     0.000000     0.000000     0.000000     0.000000
       0.000000     0.000000     0.000000     0.000000     0.000000     0.000000
       0.000000     0.000000     0.000000     0.000000     0.000000
           0                                                                                                                                                                                                                                                                                                                                                                                                                                                                                                                     
          34 /BMOL-1000-4"-D1610009-11440-01/B1                                                                                                                                                                                                                                                                                                                                                                                                                                                                                  
             -1           -1
              0            0            0           55            0            0
              0            0            0            0            0           66
              0            0            0
        1490.00      1520.00     0.000000     -2.37000     -474.500      114.300
        6.02000     0.000000      3.00000      82.0000     0.000000      5.00000
       0.000000     0.000000     0.000000     0.000000     0.000000     0.000000
        700.000     0.000000     0.000000     0.000000     0.000000     0.000000
       0.000000     0.000000     0.000000     0.000000     0.000000     0.000000
       0.000000     0.000000     0.000000     0.000000     0.000000      2940.00
       0.000000     0.000000     0.000000     0.000000     0.000000     0.000000
       0.000000     0.000000     0.000000     0.000000     0.000000     0.000000
       0.000000     0.000000     0.000000     0.000000     0.000000
           0                                                                                                                                                                                                                                                                                                                                                                                                                                                                                                                     
          34 /BMOL-1000-4"-D1610009-11440-01/B1                                                                                                                                                                                                                                                                                                                                                                                                                                                                                  
             -1           -1
              0            0            0            0            0            0
              0            0            0            0            0           67
              0            0            0
        1520.00      1528.00     0.000000    -0.390000     -77.0000      114.300
        6.02000     0.000000      3.00000      82.0000     0.000000      5.00000
       0.000000     0.000000     0.000000     0.000000     0.000000     0.000000
        700.000     0.000000     0.000000     0.000000     0.000000     0.000000
       0.000000     0.000000     0.000000     0.000000     0.000000     0.000000
       0.000000     0.000000     0.000000     0.000000     0.000000      2940.00
       0.000000     0.000000     0.000000     0.000000     0.000000     0.000000
       0.000000     0.000000     0.000000     0.000000     0.000000     0.000000
       0.000000     0.000000     0.000000     0.000000     0.000000
           0                                                                                                                                                                                                                                                                                                                                                                                                                                                                                                                     
          34 /BMOL-1000-4"-D1610009-11440-01/B1                                                                                                                                                                                                                                                                                                                                                                                                                                                                                  
             -1           -1
              0           47            0            0            0            0
              0            0            0            0            0            0
              0            0            0
        1528.00      1530.00     0.000000    -0.400000     -80.0000      114.300
        6.02000     0.000000      3.00000      82.0000     0.000000      5.00000
       0.000000     0.000000     0.000000     0.000000     0.000000     0.000000
        700.000     0.000000     0.000000     0.000000     0.000000     0.000000
       0.000000     0.000000     0.000000     0.000000     0.000000     0.000000
       0.000000     0.000000     0.000000     0.000000     0.000000      2940.00
       0.000000     0.000000     0.000000     0.000000     0.000000     0.000000
       0.000000     0.000000     0.000000     0.000000     0.000000     0.000000
       0.000000     0.000000     0.000000     0.000000     0.000000
           0                                                                                                                                                                                                                                                                                                                                                                                                                                                                                                                     
          34 /BMOL-1000-4"-D1610009-11440-01/B1                                                                                                                                                                                                                                                                                                                                                                                                                                                                                  
             -1           -1
              0           48            0            0            0            0
              0            0            0            0            0            0
              0            0            0
        1530.00      1540.00     0.000000     -3.11000     -621.580      114.300
        6.02000     0.000000      3.00000      82.0000     0.000000      5.00000
       0.000000     0.000000     0.000000     0.000000     0.000000     0.000000
        700.000     0.000000     0.000000     0.000000     0.000000     0.000000
       0.000000     0.000000     0.000000     0.000000     0.000000     0.000000
       0.000000     0.000000     0.000000     0.000000     0.000000      2940.00
       0.000000     0.000000     0.000000     0.000000     0.000000     0.000000
       0.000000     0.000000     0.000000     0.000000     0.000000     0.000000
       0.000000     0.000000     0.000000     0.000000     0.000000
           0                                                                                                                                                                                                                                                                                                                                                                                                                                                                                                                     
          34 /BMOL-1000-4"-D1610009-11440-01/B1                                                                                                                                                                                                                                                                                                                                                                                                                                                                                  
             -1           -1
             19            0            0            0            0            0
              0            0            0            0            0            0
              0            0            0
        1540.00      1550.00     0.000000     -383.580     0.000000      114.300
        6.02000     0.000000      3.00000      82.0000     0.000000      5.00000
       0.000000     0.000000     0.000000     0.000000     0.000000     0.000000
        700.000     0.000000     0.000000     0.000000     0.000000     0.000000
       0.000000     0.000000     0.000000     0.000000     0.000000     0.000000
       0.000000     0.000000     0.000000     0.000000     0.000000      2940.00
       0.000000     0.000000     0.000000     0.000000     0.000000     0.000000
       0.000000     0.000000     0.000000     0.000000     0.000000     0.000000
       0.000000     0.000000     0.000000     0.000000     0.000000
           0                                                                                                                                                                                                                                                                                                                                                                                                                                                                                                                     
          34 /BMOL-1000-4"-D1610009-11440-01/B1                                                                                                                                                                                                                                                                                                                                                                                                                                                                                  
             -1           -1
              0            0            0            0            0            0
              0            0            0            0            0            0
              0            0            0
        1550.00      1560.00     0.000000     -362.500     0.000000      114.300
        6.02000     0.000000      3.00000      82.0000     0.000000      5.00000
       0.000000     0.000000     0.000000     0.000000     0.000000     0.000000
        700.000     0.000000     0.000000     0.000000     0.000000     0.000000
       0.000000     0.000000     0.000000     0.000000     0.000000     0.000000
       0.000000     0.000000     0.000000     0.000000     0.000000      2940.00
       0.000000     0.000000     0.000000     0.000000     0.000000     0.000000
       0.000000     0.000000     0.000000     0.000000     0.000000     0.000000
       0.000000     0.000000     0.000000     0.000000     0.000000
           0                                                                                                                                                                                                                                                                                                                                                                                                                                                                                                                     
          34 /BMOL-1000-4"-D1610009-11440-01/B1                                                                                                                                                                                                                                                                                                                                                                                                                                                                                  
             -1           -1
              0            0            0           56            0            0
              0            0            0            0            0            0
              0            0            0
        230.000      1580.00     -1.92000      191.590     0.000000      60.3000
        6.30000     0.000000     0.000000      80.0000      58.8000      5.00000
       0.000000     0.000000     0.000000     0.000000     0.000000     0.000000
        9200.00     0.000000     0.000000     0.000000     0.000000     0.000000
       0.000000     0.000000     0.000000     0.000000     0.000000     0.000000
       0.000000 7.611000E-04     0.000000     0.000000     0.000000      15315.0
       0.000000     0.000000     0.000000     0.000000     0.000000     0.000000
       0.000000     0.000000     0.000000     0.000000     0.000000     0.000000
       0.000000     0.000000     0.000000     0.000000     0.000000
           0                                                                                                                                                                                                                                                                                                                                                                                                                                                                                                                     
          41 /BMOL-1000-PL-6"-O1610002(R-161001)-01/B9                                                                                                                                                                                                                                                                                                                                                                                                                                                                           
             -1           -1
              0            0            0            0            0            0
              0            0            0            0            0            0
              0            0            0
        1580.00      1590.00    -0.800000      80.0000     0.000000      60.3000
        6.30000     0.000000     0.000000      80.0000      58.8000      5.00000
       0.000000     0.000000     0.000000     0.000000     0.000000     0.000000
        9200.00     0.000000     0.000000     0.000000     0.000000     0.000000
       0.000000     0.000000     0.000000     0.000000     0.000000     0.000000
       0.000000 7.611000E-04     0.000000     0.000000     0.000000      15315.0
       0.000000     0.000000     0.000000     0.000000     0.000000     0.000000
       0.000000     0.000000     0.000000     0.000000     0.000000     0.000000
       0.000000     0.000000     0.000000     0.000000     0.000000
           0                                                                                                                                                                                                                                                                                                                                                                                                                                                                                                                     
          41 /BMOL-1000-PL-6"-O1610002(R-161001)-01/B9                                                                                                                                                                                                                                                                                                                                                                                                                                                                           
             -1           -1
              0           49            0           57            0            0
              0            0            0            0            0            0
              0            0            0
        1608.00      1610.00     0.000000      83.2000     0.000000      60.3000
        5.54000     0.000000      6.00000      82.0000      46.0000      5.00000
       0.000000     0.000000     0.000000     0.000000     0.000000     0.000000
        9200.00     0.000000     0.000000     0.000000     0.000000     0.000000
       0.000000     0.000000     0.000000     0.000000     0.000000     0.000000
       0.000000     0.000000     0.000000     0.000000     0.000000      15315.0
       0.000000     0.000000     0.000000     0.000000     0.000000     0.000000
       0.000000     0.000000     0.000000     0.000000     0.000000     0.000000
       0.000000     0.000000     0.000000     0.000000     0.000000
           0                                                                                                                                                                                                                                                                                                                                                                                                                                                                                                                     
          34 /BMOL-1000-2"-B1610018-61440-01/B1                                                                                                                                                                                                                                                                                                                                                                                                                                                                                  
             -1           -1
              0           50            0           58            0            0
              0            0            0            0            0           68
              0            0            0
        1610.00      1620.00     0.000000      176.730     0.000000      60.3000
        5.54000     0.000000      6.00000      82.0000      46.0000      5.00000
       0.000000     0.000000     0.000000     0.000000     0.000000     0.000000
        9200.00     0.000000     0.000000     0.000000     0.000000     0.000000
       0.000000     0.000000     0.000000     0.000000     0.000000     0.000000
       0.000000     0.000000     0.000000     0.000000     0.000000      15315.0
       0.000000     0.000000     0.000000     0.000000     0.000000     0.000000
       0.000000     0.000000     0.000000     0.000000     0.000000     0.000000
       0.000000     0.000000     0.000000     0.000000     0.000000
           0                                                                                                                                                                                                                                                                                                                                                                                                                                                                                                                     
          34 /BMOL-1000-2"-B1610018-61440-01/B1                                                                                                                                                                                                                                                                                                                                                                                                                                                                                  
             -1           -1
             20            0            0            0            0            0
              0            0            0            0            0           69
              0            0            0
        1620.00      1630.00     0.000000     0.000000     -650.000      60.3000
        5.54000     0.000000      6.00000      82.0000      46.0000      5.00000
       0.000000     0.000000     0.000000     0.000000     0.000000     0.000000
        9200.00     0.000000     0.000000     0.000000     0.000000     0.000000
       0.000000     0.000000     0.000000     0.000000     0.000000     0.000000
       0.000000     0.000000     0.000000     0.000000     0.000000      15315.0
       0.000000     0.000000     0.000000     0.000000     0.000000     0.000000
       0.000000     0.000000     0.000000     0.000000     0.000000     0.000000
       0.000000     0.000000     0.000000     0.000000     0.000000
           0                                                                                                                                                                                                                                                                                                                                                                                                                                                                                                                     
          34 /BMOL-1000-2"-B1610018-61440-01/B1                                                                                                                                                                                                                                                                                                                                                                                                                                                                                  
             -1           -1
             21            0            0            0            0            0
              0            0            0            0            0            0
              0            0            0
        1630.00      1640.00      833.380     0.000000     0.000000      60.3000
        5.54000     0.000000      6.00000      82.0000      46.0000      5.00000
       0.000000     0.000000     0.000000     0.000000     0.000000     0.000000
        9200.00     0.000000     0.000000     0.000000     0.000000     0.000000
       0.000000     0.000000     0.000000     0.000000     0.000000     0.000000
       0.000000     0.000000     0.000000     0.000000     0.000000      15315.0
       0.000000     0.000000     0.000000     0.000000     0.000000     0.000000
       0.000000     0.000000     0.000000     0.000000     0.000000     0.000000
       0.000000     0.000000     0.000000     0.000000     0.000000
           0                                                                                                                                                                                                                                                                                                                                                                                                                                                                                                                     
          34 /BMOL-1000-2"-B1610018-61440-01/B1                                                                                                                                                                                                                                                                                                                                                                                                                                                                                  
             -1           -1
              0            0            0           59            0            0
              0            0            0            0            0           70
              0            0            0
        1640.00      1660.00      3680.84     0.000000     0.000000      60.3000
        5.54000     0.000000      6.00000      82.0000      46.0000      5.00000
       0.000000     0.000000     0.000000     0.000000     0.000000     0.000000
        9200.00     0.000000     0.000000     0.000000     0.000000     0.000000
       0.000000     0.000000     0.000000     0.000000     0.000000     0.000000
       0.000000     0.000000     0.000000     0.000000     0.000000      15315.0
       0.000000     0.000000     0.000000     0.000000     0.000000     0.000000
       0.000000     0.000000     0.000000     0.000000     0.000000     0.000000
       0.000000     0.000000     0.000000     0.000000     0.000000
           0                                                                                                                                                                                                                                                                                                                                                                                                                                                                                                                     
          34 /BMOL-1000-2"-B1610018-61440-01/B1                                                                                                                                                                                                                                                                                                                                                                                                                                                                                  
             -1           -1
              0            0            0            0            0            0
              0            0            0            0            0           71
              0            0            0
        160.000      1670.00     -1.40000      140.240     0.000000      60.3000
        6.30000     0.000000     0.000000      80.0000      58.8000      5.00000
       0.000000     0.000000     0.000000     0.000000     0.000000     0.000000
        9200.00     0.000000     0.000000     0.000000     0.000000     0.000000
       0.000000     0.000000     0.000000     0.000000     0.000000     0.000000
       0.000000 7.611000E-04     0.000000     0.000000     0.000000      15315.0
       0.000000     0.000000     0.000000     0.000000     0.000000     0.000000
       0.000000     0.000000     0.000000     0.000000     0.000000     0.000000
       0.000000     0.000000     0.000000     0.000000     0.000000
           0                                                                                                                                                                                                                                                                                                                                                                                                                                                                                                                     
          41 /BMOL-1000-PL-6"-O1610002(R-161001)-01/B5                                                                                                                                                                                                                                                                                                                                                                                                                                                                           
             -1           -1
              0            0            0            0            0            0
              0            0            0            0            0            0
              0            0            0
        1670.00      1680.00    -0.800000      80.0000     0.000000      60.3000
        6.30000     0.000000     0.000000      80.0000      58.8000      5.00000
       0.000000     0.000000     0.000000     0.000000     0.000000     0.000000
        9200.00     0.000000     0.000000     0.000000     0.000000     0.000000
       0.000000     0.000000     0.000000     0.000000     0.000000     0.000000
       0.000000 7.611000E-04     0.000000     0.000000     0.000000      15315.0
       0.000000     0.000000     0.000000     0.000000     0.000000     0.000000
       0.000000     0.000000     0.000000     0.000000     0.000000     0.000000
       0.000000     0.000000     0.000000     0.000000     0.000000
           0                                                                                                                                                                                                                                                                                                                                                                                                                                                                                                                     
          41 /BMOL-1000-PL-6"-O1610002(R-161001)-01/B5                                                                                                                                                                                                                                                                                                                                                                                                                                                                           
             -1           -1
              0           51            0           60            0            0
              0            0            0            0            0            0
              0            0            0
        1696.00      1698.00     0.000000      295.200     0.000000      60.3000
        5.54000     0.000000      6.00000      82.0000      46.0000      5.00000
       0.000000     0.000000     0.000000     0.000000     0.000000     0.000000
        9200.00     0.000000     0.000000     0.000000     0.000000     0.000000
       0.000000     0.000000     0.000000     0.000000     0.000000     0.000000
       0.000000     0.000000     0.000000     0.000000     0.000000      15315.0
       0.000000     0.000000     0.000000     0.000000     0.000000     0.000000
       0.000000     0.000000     0.000000     0.000000     0.000000     0.000000
       0.000000     0.000000     0.000000     0.000000     0.000000
           0                                                                                                                                                                                                                                                                                                                                                                                                                                                                                                                     
          34 /BMOL-1000-2"-B1610015-61440-01/B1                                                                                                                                                                                                                                                                                                                                                                                                                                                                                  
             -1           -1
              0           52            0           61            0            0
              0            0            0            0            0            0
              0            0            0
        1698.00      1700.00     0.000000      83.2000     0.000000      60.3000
        5.54000     0.000000      6.00000      82.0000      46.0000      5.00000
       0.000000     0.000000     0.000000     0.000000     0.000000     0.000000
        9200.00     0.000000     0.000000     0.000000     0.000000     0.000000
       0.000000     0.000000     0.000000     0.000000     0.000000     0.000000
       0.000000     0.000000     0.000000     0.000000     0.000000      15315.0
       0.000000     0.000000     0.000000     0.000000     0.000000     0.000000
       0.000000     0.000000     0.000000     0.000000     0.000000     0.000000
       0.000000     0.000000     0.000000     0.000000     0.000000
           0                                                                                                                                                                                                                                                                                                                                                                                                                                                                                                                     
          34 /BMOL-1000-2"-B1610015-61440-01/B1                                                                                                                                                                                                                                                                                                                                                                                                                                                                                  
             -1           -1
              0           53            0            0            0            0
              0            0            0            0            0           72
              0            0            0
        1700.00      1710.00     0.000000      235.940     0.000000      60.3000
        5.54000     0.000000      6.00000      82.0000      46.0000      5.00000
       0.000000     0.000000     0.000000     0.000000     0.000000     0.000000
        9200.00     0.000000     0.000000     0.000000     0.000000     0.000000
       0.000000     0.000000     0.000000     0.000000     0.000000     0.000000
       0.000000     0.000000     0.000000     0.000000     0.000000      15315.0
       0.000000     0.000000     0.000000     0.000000     0.000000     0.000000
       0.000000     0.000000     0.000000     0.000000     0.000000     0.000000
       0.000000     0.000000     0.000000     0.000000     0.000000
           0                                                                                                                                                                                                                                                                                                                                                                                                                                                                                                                     
          34 /BMOL-1000-2"-B1610015-61440-01/B1                                                                                                                                                                                                                                                                                                                                                                                                                                                                                  
             -1           -1
             22            0            0            0            0            0
              0            0            0            0            0           73
              0            0            0
        1710.00      1720.00     0.000000     0.000000     -586.000      60.3000
        5.54000     0.000000      6.00000      82.0000      46.0000      5.00000
       0.000000     0.000000     0.000000     0.000000     0.000000     0.000000
        9200.00     0.000000     0.000000     0.000000     0.000000     0.000000
       0.000000     0.000000     0.000000     0.000000     0.000000     0.000000
       0.000000     0.000000     0.000000     0.000000     0.000000      15315.0
       0.000000     0.000000     0.000000     0.000000     0.000000     0.000000
       0.000000     0.000000     0.000000     0.000000     0.000000     0.000000
       0.000000     0.000000     0.000000     0.000000     0.000000
           0                                                                                                                                                                                                                                                                                                                                                                                                                                                                                                                     
          34 /BMOL-1000-2"-B1610015-61440-01/B1                                                                                                                                                                                                                                                                                                                                                                                                                                                                                  
             -1           -1
              0            0            0            0            0            0
              0            0            0            0            0           74
              0            0            0
        1720.00      1660.00     0.000000     0.000000     -64.0000      60.3000
        5.54000     0.000000      6.00000      82.0000      46.0000      5.00000
       0.000000     0.000000     0.000000     0.000000     0.000000     0.000000
        9200.00     0.000000     0.000000     0.000000     0.000000     0.000000
       0.000000     0.000000     0.000000     0.000000     0.000000     0.000000
       0.000000     0.000000     0.000000     0.000000     0.000000      15315.0
       0.000000     0.000000     0.000000     0.000000     0.000000     0.000000
       0.000000     0.000000     0.000000     0.000000     0.000000     0.000000
       0.000000     0.000000     0.000000     0.000000     0.000000
           0                                                                                                                                                                                                                                                                                                                                                                                                                                                                                                                     
          34 /BMOL-1000-4"-B1610015-61440-01/B3                                                                                                                                                                                                                                                                                                                                                                                                                                                                                  
             -1           -1
              0            0            0            0            0            0
              0            0            0            0           20            0
              0            0            0
        1660.00      1730.00      224.000     0.000000     0.000000      60.3000
        5.54000     0.000000      6.00000      82.0000      46.0000      5.00000
       0.000000     0.000000     0.000000     0.000000     0.000000     0.000000
        9200.00     0.000000     0.000000     0.000000     0.000000     0.000000
       0.000000     0.000000     0.000000     0.000000     0.000000     0.000000
       0.000000     0.000000     0.000000     0.000000     0.000000      15315.0
       0.000000     0.000000     0.000000     0.000000     0.000000     0.000000
       0.000000     0.000000     0.000000     0.000000     0.000000     0.000000
       0.000000     0.000000     0.000000     0.000000     0.000000
           0                                                                                                                                                                                                                                                                                                                                                                                                                                                                                                                     
          34 /BMOL-1000-4"-B1610015-61440-01/B3                                                                                                                                                                                                                                                                                                                                                                                                                                                                                  
             -1           -1
              0            0            0           62            0            0
              0            0            0            0            0           75
              0            0            0
        1730.00      1750.00      3532.40     0.000000     0.000000      60.3000
        5.54000     0.000000      6.00000      82.0000      46.0000      5.00000
       0.000000     0.000000     0.000000     0.000000     0.000000     0.000000
        9200.00     0.000000     0.000000     0.000000     0.000000     0.000000
       0.000000     0.000000     0.000000     0.000000     0.000000     0.000000
       0.000000     0.000000     0.000000     0.000000     0.000000      15315.0
       0.000000     0.000000     0.000000     0.000000     0.000000     0.000000
       0.000000     0.000000     0.000000     0.000000     0.000000     0.000000
       0.000000     0.000000     0.000000     0.000000     0.000000
           0                                                                                                                                                                                                                                                                                                                                                                                                                                                                                                                     
          34 /BMOL-1000-4"-B1610015-61440-01/B3                                                                                                                                                                                                                                                                                                                                                                                                                                                                                  
             -1           -1
              0            0            0           63            0            0
              0            0            0            0            0           76
              0            0            0
        1770.00      1780.00      3500.00     0.000000     0.000000      60.3000
        5.54000     0.000000      6.00000      82.0000      46.0000      5.00000
       0.000000     0.000000     0.000000     0.000000     0.000000     0.000000
        9200.00     0.000000     0.000000     0.000000     0.000000     0.000000
       0.000000     0.000000     0.000000     0.000000     0.000000     0.000000
       0.000000     0.000000     0.000000     0.000000     0.000000      15315.0
       0.000000     0.000000     0.000000     0.000000     0.000000     0.000000
       0.000000     0.000000     0.000000     0.000000     0.000000     0.000000
       0.000000     0.000000     0.000000     0.000000     0.000000
           0                                                                                                                                                                                                                                                                                                                                                                                                                                                                                                                     
          34 /BMOL-1000-4"-B1610015-61440-01/B1                                                                                                                                                                                                                                                                                                                                                                                                                                                                                  
             -1           -1
              0            0            0           64            0            0
              0            0            0            0            0           77
              0            0            0
        1780.00      1790.00      408.600     0.000000     0.000000      60.3000
        5.54000     0.000000      6.00000      82.0000      46.0000      5.00000
       0.000000     0.000000     0.000000     0.000000     0.000000     0.000000
        9200.00     0.000000     0.000000     0.000000     0.000000     0.000000
       0.000000     0.000000     0.000000     0.000000     0.000000     0.000000
       0.000000     0.000000     0.000000     0.000000     0.000000      15315.0
       0.000000     0.000000     0.000000     0.000000     0.000000     0.000000
       0.000000     0.000000     0.000000     0.000000     0.000000     0.000000
       0.000000     0.000000     0.000000     0.000000     0.000000
           0                                                                                                                                                                                                                                                                                                                                                                                                                                                                                                                     
          34 /BMOL-1000-4"-B1610015-61440-01/B1                                                                                                                                                                                                                                                                                                                                                                                                                                                                                  
             -1           -1
              0            0            0            0            0            0
              0            0            0            0            0           78
              0            0            0
        1790.00      1800.00      102.000      27.0000     0.000000      60.3000
        5.54000     0.000000      6.00000      82.0000      46.0000      5.00000
       0.000000     0.000000     0.000000     0.000000     0.000000     0.000000
        9200.00     0.000000     0.000000     0.000000     0.000000     0.000000
       0.000000     0.000000     0.000000     0.000000     0.000000     0.000000
       0.000000     0.000000     0.000000     0.000000     0.000000      15315.0
       0.000000     0.000000     0.000000     0.000000     0.000000     0.000000
       0.000000     0.000000     0.000000     0.000000     0.000000     0.000000
       0.000000     0.000000     0.000000     0.000000     0.000000
           0                                                                                                                                                                                                                                                                                                                                                                                                                                                                                                                     
          34 /BMOL-1000-4"-B1610015-61440-01/B1                                                                                                                                                                                                                                                                                                                                                                                                                                                                                  
             -1           -1
              0            0            0            0            0            0
              0            0            0            0            0            0
              5            0            0
        1800.00      1803.00      109.000     0.000000     0.000000      114.300
        5.54000     0.000000      6.00000      82.0000      46.0000      5.00000
       0.000000     0.000000     0.000000     0.000000     0.000000     0.000000
        9200.00     0.000000     0.000000     0.000000     0.000000     0.000000
       0.000000     0.000000     0.000000     0.000000     0.000000     0.000000
       0.000000     0.000000     0.000000     0.000000     0.000000      15315.0
       0.000000     0.000000     0.000000     0.000000     0.000000     0.000000
       0.000000     0.000000     0.000000     0.000000     0.000000     0.000000
       0.000000     0.000000     0.000000     0.000000     0.000000
           0                                                                                                                                                                                                                                                                                                                                                                                                                                                                                                                     
          34 /BMOL-1000-4"-B1610015-61440-01/B1                                                                                                                                                                                                                                                                                                                                                                                                                                                                                  
             -1           -1
              0           54            0            0            0            0
              0            0            0            0            0            0
              0            0            0
        1803.00      1805.00      20.2000     0.000000     0.000000      114.300
        5.54000     0.000000      6.00000      82.0000      46.0000      5.00000
       0.000000     0.000000     0.000000     0.000000     0.000000     0.000000
        9200.00     0.000000     0.000000     0.000000     0.000000     0.000000
       0.000000     0.000000     0.000000     0.000000     0.000000     0.000000
       0.000000     0.000000     0.000000     0.000000     0.000000      15315.0
       0.000000     0.000000     0.000000     0.000000     0.000000     0.000000
       0.000000     0.000000     0.000000     0.000000     0.000000     0.000000
       0.000000     0.000000     0.000000     0.000000     0.000000
           0                                                                                                                                                                                                                                                                                                                                                                                                                                                                                                                     
          34 /BMOL-1000-4"-B1610015-61440-01/B1                                                                                                                                                                                                                                                                                                                                                                                                                                                                                  
             -1           -1
              0           55            0            0            0            0
              0            0            0            0            0            0
              0            0            0
        1805.00      1807.00      112.200     0.000000     0.000000      114.300
        5.54000     0.000000      6.00000      82.0000      46.0000      5.00000
       0.000000     0.000000     0.000000     0.000000     0.000000     0.000000
        9200.00     0.000000     0.000000     0.000000     0.000000     0.000000
       0.000000     0.000000     0.000000     0.000000     0.000000     0.000000
       0.000000     0.000000     0.000000     0.000000     0.000000      15315.0
       0.000000     0.000000     0.000000     0.000000     0.000000     0.000000
       0.000000     0.000000     0.000000     0.000000     0.000000     0.000000
       0.000000     0.000000     0.000000     0.000000     0.000000
           0                                                                                                                                                                                                                                                                                                                                                                                                                                                                                                                     
          34 /BMOL-1000-4"-B1610015-61440-01/B1                                                                                                                                                                                                                                                                                                                                                                                                                                                                                  
             -1           -1
              0           56            0            0            0            0
              0            0            0            0            0            0
              0            0            0
        1807.00      1808.00      200.000     -1.00000     0.000000      114.300
        5.54000     0.000000      6.00000      82.0000      46.0000      5.00000
       0.000000     0.000000     0.000000     0.000000     0.000000     0.000000
        9200.00     0.000000     0.000000     0.000000     0.000000     0.000000
       0.000000     0.000000     0.000000     0.000000     0.000000     0.000000
       0.000000     0.000000     0.000000     0.000000     0.000000      15315.0
       0.000000     0.000000     0.000000     0.000000     0.000000     0.000000
       0.000000     0.000000     0.000000     0.000000     0.000000     0.000000
       0.000000     0.000000     0.000000     0.000000     0.000000
           0                                                                                                                                                                                                                                                                                                                                                                                                                                                                                                                     
          34 /BMOL-1000-4"-B1610015-61440-01/B1                                                                                                                                                                                                                                                                                                                                                                                                                                                                                  
             -1           -1
              0           57            0            0            0            0
              0            0            0            0            0            0
              0            0            0
        1808.00      1809.00      109.000    -0.550000     0.000000      114.300
        5.54000     0.000000      6.00000      82.0000      46.0000      5.00000
       0.000000     0.000000     0.000000     0.000000     0.000000     0.000000
        9200.00     0.000000     0.000000     0.000000     0.000000     0.000000
       0.000000     0.000000     0.000000     0.000000     0.000000     0.000000
       0.000000     0.000000     0.000000     0.000000     0.000000      15315.0
       0.000000     0.000000     0.000000     0.000000     0.000000     0.000000
       0.000000     0.000000     0.000000     0.000000     0.000000     0.000000
       0.000000     0.000000     0.000000     0.000000     0.000000
           0                                                                                                                                                                                                                                                                                                                                                                                                                                                                                                                     
          34 /BMOL-1000-4"-B1610015-61440-01/B1                                                                                                                                                                                                                                                                                                                                                                                                                                                                                  
             -1           -1
              0           58            0            0            0            0
              0            0            0            0            0            0
              0            0            0
        1809.00      1810.00      131.090    -0.650000     0.000000      114.300
        5.54000     0.000000      6.00000      82.0000      46.0000      5.00000
       0.000000     0.000000     0.000000     0.000000     0.000000     0.000000
        9200.00     0.000000     0.000000     0.000000     0.000000     0.000000
       0.000000     0.000000     0.000000     0.000000     0.000000     0.000000
       0.000000     0.000000     0.000000     0.000000     0.000000      15315.0
       0.000000     0.000000     0.000000     0.000000     0.000000     0.000000
       0.000000     0.000000     0.000000     0.000000     0.000000     0.000000
       0.000000     0.000000     0.000000     0.000000     0.000000
           0                                                                                                                                                                                                                                                                                                                                                                                                                                                                                                                     
          34 /BMOL-1000-4"-B1610015-61440-01/B1                                                                                                                                                                                                                                                                                                                                                                                                                                                                                  
             -1           -1
              0           59            0            0            0            0
              0            0            0            0            0            0
              0            0            0
        1810.00      1820.00      253.000     -1.27000     0.000000      114.300
        5.54000     0.000000      6.00000      82.0000      46.0000      5.00000
       0.000000     0.000000     0.000000     0.000000     0.000000     0.000000
        9200.00     0.000000     0.000000     0.000000     0.000000     0.000000
       0.000000     0.000000     0.000000     0.000000     0.000000     0.000000
       0.000000     0.000000     0.000000     0.000000     0.000000      15315.0
       0.000000     0.000000     0.000000     0.000000     0.000000     0.000000
       0.000000     0.000000     0.000000     0.000000     0.000000     0.000000
       0.000000     0.000000     0.000000     0.000000     0.000000
           0                                                                                                                                                                                                                                                                                                                                                                                                                                                                                                                     
          34 /BMOL-1000-4"-B1610015-61440-01/B1                                                                                                                                                                                                                                                                                                                                                                                                                                                                                  
             -1           -1
              0            0            0           65            0            0
              0            0            0            0            0           79
              0            0            0
        1820.00      1850.00      247.000     -1.23000     0.000000      114.300
        5.54000     0.000000      6.00000      82.0000      46.0000      5.00000
       0.000000     0.000000     0.000000     0.000000     0.000000     0.000000
        9200.00     0.000000     0.000000     0.000000     0.000000     0.000000
       0.000000     0.000000     0.000000     0.000000     0.000000     0.000000
       0.000000     0.000000     0.000000     0.000000     0.000000      15315.0
       0.000000     0.000000     0.000000     0.000000     0.000000     0.000000
       0.000000     0.000000     0.000000     0.000000     0.000000     0.000000
       0.000000     0.000000     0.000000     0.000000     0.000000
           0                                                                                                                                                                                                                                                                                                                                                                                                                                                                                                                     
          34 /BMOL-1000-4"-B1610015-61440-01/B1                                                                                                                                                                                                                                                                                                                                                                                                                                                                                  
             -1           -1
              0            0            0            0            0            0
              0            0            0            0            0           80
              0            0            0
        1850.00      1857.00      109.000    -0.550000     0.000000      114.300
        5.54000     0.000000      6.00000      82.0000      46.0000      5.00000
       0.000000     0.000000     0.000000     0.000000     0.000000     0.000000
        9200.00     0.000000     0.000000     0.000000     0.000000     0.000000
       0.000000     0.000000     0.000000     0.000000     0.000000     0.000000
       0.000000     0.000000     0.000000     0.000000     0.000000      15315.0
       0.000000     0.000000     0.000000     0.000000     0.000000     0.000000
       0.000000     0.000000     0.000000     0.000000     0.000000     0.000000
       0.000000     0.000000     0.000000     0.000000     0.000000
           0                                                                                                                                                                                                                                                                                                                                                                                                                                                                                                                     
          34 /BMOL-1000-4"-B1610015-61440-01/B1                                                                                                                                                                                                                                                                                                                                                                                                                                                                                  
             -1           -1
              0           60            0            0            0            0
              0            0            0            0            0           81
              0            0            0
        1857.00      1859.00      435.190     -2.17000     0.000000      114.300
        5.54000     0.000000      6.00000      82.0000      46.0000      5.00000
       0.000000     0.000000     0.000000     0.000000     0.000000     0.000000
        9200.00     0.000000     0.000000     0.000000     0.000000     0.000000
       0.000000     0.000000     0.000000     0.000000     0.000000     0.000000
       0.000000     0.000000     0.000000     0.000000     0.000000      15315.0
       0.000000     0.000000     0.000000     0.000000     0.000000     0.000000
       0.000000     0.000000     0.000000     0.000000     0.000000     0.000000
       0.000000     0.000000     0.000000     0.000000     0.000000
           0                                                                                                                                                                                                                                                                                                                                                                                                                                                                                                                     
          34 /BMOL-1000-4"-B1610015-61440-01/B1                                                                                                                                                                                                                                                                                                                                                                                                                                                                                  
             -1           -1
              0           61            0           66            0            0
              0            0            0            0            0            0
              0            0            0
        1860.00      1870.00      109.000    -0.540000     0.000000      114.300
        6.02000     0.000000      1.00000      82.0000      46.0000      5.00000
       0.000000     0.000000     0.000000     0.000000     0.000000     0.000000
        700.000     0.000000     0.000000     0.000000     0.000000     0.000000
       0.000000     0.000000     0.000000     0.000000     0.000000     0.000000
       0.000000     0.000000     0.000000     0.000000     0.000000      2940.00
       0.000000     0.000000     0.000000     0.000000     0.000000     0.000000
       0.000000     0.000000     0.000000     0.000000     0.000000     0.000000
       0.000000     0.000000     0.000000     0.000000     0.000000
           0                                                                                                                                                                                                                                                                                                                                                                                                                                                                                                                     
          34 /BMOL-1000-4"-B1610017-11422-01/B1                                                                                                                                                                                                                                                                                                                                                                                                                                                                                  
             -1           -1
              0           62            0           67            0            0
              0            0            0            0            0            0
              0            0            0
        1870.00      1880.00      252.010     -1.26000     0.000000      114.300
        6.02000     0.000000      1.00000      82.0000      46.0000      5.00000
       0.000000     0.000000     0.000000     0.000000     0.000000     0.000000
        700.000     0.000000     0.000000     0.000000     0.000000     0.000000
       0.000000     0.000000     0.000000     0.000000     0.000000     0.000000
       0.000000     0.000000     0.000000     0.000000     0.000000      2940.00
       0.000000     0.000000     0.000000     0.000000     0.000000     0.000000
       0.000000     0.000000     0.000000     0.000000     0.000000     0.000000
       0.000000     0.000000     0.000000     0.000000     0.000000
           0                                                                                                                                                                                                                                                                                                                                                                                                                                                                                                                     
          34 /BMOL-1000-4"-B1610017-11422-01/B2                                                                                                                                                                                                                                                                                                                                                                                                                                                                                  
             -1           -1
              0            0            0           68            0            0
              0            0            0            0            0           82
              0            0            0
        1880.00      1890.00      1000.00     -5.00000     0.000000      114.300
        6.02000     0.000000      1.00000      82.0000      46.0000      5.00000
       0.000000     0.000000     0.000000     0.000000     0.000000     0.000000
        700.000     0.000000     0.000000     0.000000     0.000000     0.000000
       0.000000     0.000000     0.000000     0.000000     0.000000     0.000000
       0.000000     0.000000     0.000000     0.000000     0.000000      2940.00
       0.000000     0.000000     0.000000     0.000000     0.000000     0.000000
       0.000000     0.000000     0.000000     0.000000     0.000000     0.000000
       0.000000     0.000000     0.000000     0.000000     0.000000
           0                                                                                                                                                                                                                                                                                                                                                                                                                                                                                                                     
          34 /BMOL-1000-4"-B1610017-11422-01/B2                                                                                                                                                                                                                                                                                                                                                                                                                                                                                  
             -1           -1
             23            0            0            0            0            0
              0            0            0            0            0           83
              0            0            0
        1890.00      1900.00     0.000000     -7.54000     -1507.05      114.300
        6.02000     0.000000      1.00000      82.0000      46.0000      5.00000
       0.000000     0.000000     0.000000     0.000000     0.000000     0.000000
        700.000     0.000000     0.000000     0.000000     0.000000     0.000000
       0.000000     0.000000     0.000000     0.000000     0.000000     0.000000
       0.000000     0.000000     0.000000     0.000000     0.000000      2940.00
       0.000000     0.000000     0.000000     0.000000     0.000000     0.000000
       0.000000     0.000000     0.000000     0.000000     0.000000     0.000000
       0.000000     0.000000     0.000000     0.000000     0.000000
           0                                                                                                                                                                                                                                                                                                                                                                                                                                                                                                                     
          34 /BMOL-1000-4"-B1610017-11422-01/B2                                                                                                                                                                                                                                                                                                                                                                                                                                                                                  
             -1           -1
              0            0            0           69            0            0
              0            0            0            0            0           84
              0            0            0
        1900.00      1910.00     0.000000     -9.21000     -1842.91      114.300
        6.02000     0.000000      1.00000      82.0000      46.0000      5.00000
       0.000000     0.000000     0.000000     0.000000     0.000000     0.000000
        700.000     0.000000     0.000000     0.000000     0.000000     0.000000
       0.000000     0.000000     0.000000     0.000000     0.000000     0.000000
       0.000000     0.000000     0.000000     0.000000     0.000000      2940.00
       0.000000     0.000000     0.000000     0.000000     0.000000     0.000000
       0.000000     0.000000     0.000000     0.000000     0.000000     0.000000
       0.000000     0.000000     0.000000     0.000000     0.000000
           0                                                                                                                                                                                                                                                                                                                                                                                                                                                                                                                     
          34 /BMOL-1000-4"-B1610017-11422-01/B2                                                                                                                                                                                                                                                                                                                                                                                                                                                                                  
             -1           -1
             24            0            0            0            0            0
              0            0            0            0            0           85
              0            0            0
        1910.00      1920.00     0.000000     -1433.03 1.000000E-02      114.300
        6.02000     0.000000      1.00000      82.0000      46.0000      5.00000
       0.000000     0.000000     0.000000     0.000000     0.000000     0.000000
        700.000     0.000000     0.000000     0.000000     0.000000     0.000000
       0.000000     0.000000     0.000000     0.000000     0.000000     0.000000
       0.000000     0.000000     0.000000     0.000000     0.000000      2940.00
       0.000000     0.000000     0.000000     0.000000     0.000000     0.000000
       0.000000     0.000000     0.000000     0.000000     0.000000     0.000000
       0.000000     0.000000     0.000000     0.000000     0.000000
           0                                                                                                                                                                                                                                                                                                                                                                                                                                                                                                                     
          34 /BMOL-1000-4"-B1610017-11422-01/B2                                                                                                                                                                                                                                                                                                                                                                                                                                                                                  
             -1           -1
             25            0            0            0            0            0
              0            0            0            0            0            0
              0            0            0
        1920.00      1930.00      979.240     -4.90000     0.000000      114.300
        6.02000     0.000000      1.00000      82.0000      46.0000      5.00000
       0.000000     0.000000     0.000000     0.000000     0.000000     0.000000
        700.000     0.000000     0.000000     0.000000     0.000000     0.000000
       0.000000     0.000000     0.000000     0.000000     0.000000     0.000000
       0.000000     0.000000     0.000000     0.000000     0.000000      2940.00
       0.000000     0.000000     0.000000     0.000000     0.000000     0.000000
       0.000000     0.000000     0.000000     0.000000     0.000000     0.000000
       0.000000     0.000000     0.000000     0.000000     0.000000
           0                                                                                                                                                                                                                                                                                                                                                                                                                                                                                                                     
          34 /BMOL-1000-4"-B1610017-11422-01/B2                                                                                                                                                                                                                                                                                                                                                                                                                                                                                  
             -1           -1
              0            0            0           70            0            0
              0            0            0            0            0           86
              0            0            0
        1930.00      1960.00      5502.15     -27.5100     0.000000      114.300
        6.02000     0.000000      1.00000      82.0000      46.0000      5.00000
       0.000000     0.000000     0.000000     0.000000     0.000000     0.000000
        700.000     0.000000     0.000000     0.000000     0.000000     0.000000
       0.000000     0.000000     0.000000     0.000000     0.000000     0.000000
       0.000000     0.000000     0.000000     0.000000     0.000000      2940.00
       0.000000     0.000000     0.000000     0.000000     0.000000     0.000000
       0.000000     0.000000     0.000000     0.000000     0.000000     0.000000
       0.000000     0.000000     0.000000     0.000000     0.000000
           0                                                                                                                                                                                                                                                                                                                                                                                                                                                                                                                     
          34 /BMOL-1000-4"-B1610017-11422-01/B2                                                                                                                                                                                                                                                                                                                                                                                                                                                                                  
             -1           -1
              0            0            0           71            0            0
              0            0            0            0            0           87
              0            0            0
        1960.00      1980.00      5249.69     -26.2500     0.000000      114.300
        6.02000     0.000000      1.00000      82.0000      46.0000      5.00000
       0.000000     0.000000     0.000000     0.000000     0.000000     0.000000
        700.000     0.000000     0.000000     0.000000     0.000000     0.000000
       0.000000     0.000000     0.000000     0.000000     0.000000     0.000000
       0.000000     0.000000     0.000000     0.000000     0.000000      2940.00
       0.000000     0.000000     0.000000     0.000000     0.000000     0.000000
       0.000000     0.000000     0.000000     0.000000     0.000000     0.000000
       0.000000     0.000000     0.000000     0.000000     0.000000
           0                                                                                                                                                                                                                                                                                                                                                                                                                                                                                                                     
          34 /BMOL-1000-4"-B1610017-11422-01/B2                                                                                                                                                                                                                                                                                                                                                                                                                                                                                  
             -1           -1
              0            0            0           72            0            0
              0            0            0            0            0           88
              0            0            0
        1980.00      1990.00      1222.94     -6.12000     0.000000      114.300
        6.02000     0.000000      1.00000      82.0000      46.0000      5.00000
       0.000000     0.000000     0.000000     0.000000     0.000000     0.000000
        700.000     0.000000     0.000000     0.000000     0.000000     0.000000
       0.000000     0.000000     0.000000     0.000000     0.000000     0.000000
       0.000000     0.000000     0.000000     0.000000     0.000000      2940.00
       0.000000     0.000000     0.000000     0.000000     0.000000     0.000000
       0.000000     0.000000     0.000000     0.000000     0.000000     0.000000
       0.000000     0.000000     0.000000     0.000000     0.000000
           0                                                                                                                                                                                                                                                                                                                                                                                                                                                                                                                     
          34 /BMOL-1000-4"-B1610017-11422-01/B2                                                                                                                                                                                                                                                                                                                                                                                                                                                                                  
             -1           -1
             26            0            0            0            0            0
              0            0            0            0            0           89
              0            0            0
        1990.00      2000.00     0.000000     -2.25000     -450.550      114.300
        6.02000     0.000000      1.00000      82.0000      46.0000      5.00000
       0.000000     0.000000     0.000000     0.000000     0.000000     0.000000
        700.000     0.000000     0.000000     0.000000     0.000000     0.000000
       0.000000     0.000000     0.000000     0.000000     0.000000     0.000000
       0.000000     0.000000     0.000000     0.000000     0.000000      2940.00
       0.000000     0.000000     0.000000     0.000000     0.000000     0.000000
       0.000000     0.000000     0.000000     0.000000     0.000000     0.000000
       0.000000     0.000000     0.000000     0.000000     0.000000
           0                                                                                                                                                                                                                                                                                                                                                                                                                                                                                                                     
          34 /BMOL-1000-4"-B1610017-11422-01/B2                                                                                                                                                                                                                                                                                                                                                                                                                                                                                  
             -1           -1
              0            0            0            0            0            0
              0            0            0            0            0           90
              0            0            0
        2000.00      2010.00     0.000000     -15.2500     -3050.06      114.300
        6.02000     0.000000      1.00000      82.0000      46.0000      5.00000
       0.000000     0.000000     0.000000     0.000000     0.000000     0.000000
        700.000     0.000000     0.000000     0.000000     0.000000     0.000000
       0.000000     0.000000     0.000000     0.000000     0.000000     0.000000
       0.000000     0.000000     0.000000     0.000000     0.000000      2940.00
       0.000000     0.000000     0.000000     0.000000     0.000000     0.000000
       0.000000     0.000000     0.000000     0.000000     0.000000     0.000000
       0.000000     0.000000     0.000000     0.000000     0.000000
           0                                                                                                                                                                                                                                                                                                                                                                                                                                                                                                                     
          34 /BMOL-1000-4"-B1610017-11422-01/B2                                                                                                                                                                                                                                                                                                                                                                                                                                                                                  
             -1           -1
              0            0            0           73            0            0
              0            0            0            0            0           91
              0            0            0
        2010.00      2040.00     0.000000     -2.37000     -474.500      114.300
        6.02000     0.000000      1.00000      82.0000      46.0000      5.00000
       0.000000     0.000000     0.000000     0.000000     0.000000     0.000000
        700.000     0.000000     0.000000     0.000000     0.000000     0.000000
       0.000000     0.000000     0.000000     0.000000     0.000000     0.000000
       0.000000     0.000000     0.000000     0.000000     0.000000      2940.00
       0.000000     0.000000     0.000000     0.000000     0.000000     0.000000
       0.000000     0.000000     0.000000     0.000000     0.000000     0.000000
       0.000000     0.000000     0.000000     0.000000     0.000000
           0                                                                                                                                                                                                                                                                                                                                                                                                                                                                                                                     
          34 /BMOL-1000-4"-B1610017-11422-01/B2                                                                                                                                                                                                                                                                                                                                                                                                                                                                                  
             -1           -1
              0            0            0            0            0            0
              0            0            0            0            0           92
              0            0            0
        2040.00      2048.00     0.000000    -0.390000     -77.0000      114.300
        6.02000     0.000000      1.00000      82.0000      46.0000      5.00000
       0.000000     0.000000     0.000000     0.000000     0.000000     0.000000
        700.000     0.000000     0.000000     0.000000     0.000000     0.000000
       0.000000     0.000000     0.000000     0.000000     0.000000     0.000000
       0.000000     0.000000     0.000000     0.000000     0.000000      2940.00
       0.000000     0.000000     0.000000     0.000000     0.000000     0.000000
       0.000000     0.000000     0.000000     0.000000     0.000000     0.000000
       0.000000     0.000000     0.000000     0.000000     0.000000
           0                                                                                                                                                                                                                                                                                                                                                                                                                                                                                                                     
          34 /BMOL-1000-4"-B1610017-11422-01/B2                                                                                                                                                                                                                                                                                                                                                                                                                                                                                  
             -1           -1
              0           63            0            0            0            0
              0            0            0            0            0            0
              0            0            0
        2048.00      2050.00     0.000000    -0.400000     -80.0000      114.300
        6.02000     0.000000      1.00000      82.0000      46.0000      5.00000
       0.000000     0.000000     0.000000     0.000000     0.000000     0.000000
        700.000     0.000000     0.000000     0.000000     0.000000     0.000000
       0.000000     0.000000     0.000000     0.000000     0.000000     0.000000
       0.000000     0.000000     0.000000     0.000000     0.000000      2940.00
       0.000000     0.000000     0.000000     0.000000     0.000000     0.000000
       0.000000     0.000000     0.000000     0.000000     0.000000     0.000000
       0.000000     0.000000     0.000000     0.000000     0.000000
           0                                                                                                                                                                                                                                                                                                                                                                                                                                                                                                                     
          34 /BMOL-1000-4"-B1610017-11422-01/B2                                                                                                                                                                                                                                                                                                                                                                                                                                                                                  
             -1           -1
              0           64            0            0            0            0
              0            0            0            0            0            0
              0            0            0
        2050.00      2060.00     0.000000     -3.11000     -621.580      114.300
        6.02000     0.000000      1.00000      82.0000      46.0000      5.00000
       0.000000     0.000000     0.000000     0.000000     0.000000     0.000000
        700.000     0.000000     0.000000     0.000000     0.000000     0.000000
       0.000000     0.000000     0.000000     0.000000     0.000000     0.000000
       0.000000     0.000000     0.000000     0.000000     0.000000      2940.00
       0.000000     0.000000     0.000000     0.000000     0.000000     0.000000
       0.000000     0.000000     0.000000     0.000000     0.000000     0.000000
       0.000000     0.000000     0.000000     0.000000     0.000000
           0                                                                                                                                                                                                                                                                                                                                                                                                                                                                                                                     
          34 /BMOL-1000-4"-B1610017-11422-01/B2                                                                                                                                                                                                                                                                                                                                                                                                                                                                                  
             -1           -1
             27            0            0            0            0            0
              0            0            0            0            0            0
              0            0            0
        2060.00      2070.00     0.000000     -387.080     0.000000      114.300
        6.02000     0.000000      1.00000      82.0000      46.0000      5.00000
       0.000000     0.000000     0.000000     0.000000     0.000000     0.000000
        700.000     0.000000     0.000000     0.000000     0.000000     0.000000
       0.000000     0.000000     0.000000     0.000000     0.000000     0.000000
       0.000000     0.000000     0.000000     0.000000     0.000000      2940.00
       0.000000     0.000000     0.000000     0.000000     0.000000     0.000000
       0.000000     0.000000     0.000000     0.000000     0.000000     0.000000
       0.000000     0.000000     0.000000     0.000000     0.000000
           0                                                                                                                                                                                                                                                                                                                                                                                                                                                                                                                     
          34 /BMOL-1000-4"-B1610017-11422-01/B2                                                                                                                                                                                                                                                                                                                                                                                                                                                                                  
             -1           -1
              0            0            0            0            0            0
              0            0            0            0            0            0
              0            0            0
        2070.00      2080.00     0.000000     -362.500     0.000000      114.300
        6.02000     0.000000      1.00000      82.0000      46.0000      5.00000
       0.000000     0.000000     0.000000     0.000000     0.000000     0.000000
        700.000     0.000000     0.000000     0.000000     0.000000     0.000000
       0.000000     0.000000     0.000000     0.000000     0.000000     0.000000
       0.000000     0.000000     0.000000     0.000000     0.000000      2940.00
       0.000000     0.000000     0.000000     0.000000     0.000000     0.000000
       0.000000     0.000000     0.000000     0.000000     0.000000     0.000000
       0.000000     0.000000     0.000000     0.000000     0.000000
           0                                                                                                                                                                                                                                                                                                                                                                                                                                                                                                                     
          34 /BMOL-1000-4"-B1610017-11422-01/B2                                                                                                                                                                                                                                                                                                                                                                                                                                                                                  
             -1           -1
              0            0            0           74            0            0
              0            0            0            0            0            0
              0            0            0
#$ AUX_DATA
#$ NODENAME
                            PS-162019.1              
  PS-162019.1                                        
                            PS-162020.2              
  PS-162020.2               16-VBL-20055             
  16-VBL-20055                                       
                            16-VBL-20054             
  16-VBL-20054                                       
                            PS-162011.4              
  PS-162011.4                                        
                            PS-162013.2              
  PS-162013.2                                        
                            PS-162014.1              
  PS-162014.1               PS-162015.1              
  PS-162015.1               PS-162016.1              
  PS-162016.1                                        
                            PS-162017.1              
  PS-162017.1               16-VBL-20048             
  16-VBL-20048                                       
  45-VBL-20060                                       
                            45-VBL-20060             
  45-VBL-20060                                       
                            =67131086/454            
  =67131086/454                                      
                            PS-162020.1              
  PS-162020.1                                        
                            PS-162010.2              
  PS-162010.2                                        
                            PS-162003.1              
  PS-162003.1               PS-162004.10             
  PS-162004.10              R-161001/N7              
  R-161001/N                                         
                            PS-162002.2              
  PS-162002.2                                        
                            16-VBL-20079             
  16-VBL-20079                                       
                            16-VBL-20079             
  16-VBL-20079                                       
                            PS-162002.5              
  PS-162002.5                                        
                            PS-162003.2              
  PS-162003.2               PS-162004.5              
  PS-162004.5               PS-162005.5              
  PS-162005.5               PS-162006.3              
  PS-162006.3                                        
                            =67131086/250            
  =67131086/250             PS-162001.4              
  PS-162001.4               PS-162003.3              
  PS-162003.3               PS-162004.4              
  PS-162004.4                                        
                            PS-162005.6              
  PS-162005.6                                        
                            PS-162006.4              
  PS-162006.4                                        
                            =67131086/272            
  =67131086/272                                      
                            SL-162501.2              
  SL-162501.2               PS-162028.1              
  PS-162028.1                                        
                            PS-162029.1              
  PS-162029.1                                        
                            SL-162502.1              
  SL-162502.1               SL-162503.1              
  SL-162503.1               SL-162504.4              
  SL-162504.4                                        
                            SL-162507.2              
  SL-162507.2               SL-162508.4              
  SL-162508.4                                        
                            =67131086/168            
  =67131086/168                                      
                            PS-162001.3              
  PS-162001.3               R-161001/N9              
                            =67131086/135            
  =67131086/135                                      
                            R-161001/N4              
                            PS-162004.3              
  PS-162004.3               PS-162005.4              
                            PS-162007.2              
  PS-162007.2                                        
                            PS-162008.2              
  PS-162008.2               16-VBL-20041             
  16-VBL-20041                                       
                            PS-162009.2              
  PS-162009.2                                        
                            PS-162029.2              
  PS-162029.2                                        
                            SL-162502.2              
  SL-162502.2               SL-162503.2              
  SL-162503.2               SL-162504.1              
  SL-162504.1                                        
                            SL-162507.1              
  SL-162507.1               SL-162508.3              
  SL-162508.3                                        
#$ BEND
        229.000     0.000000     -2.02020      349.000     0.000000     0.000000
       0.000000     0.000000     0.000000     0.000000     0.000000     0.000000
       0.000000     0.000000
        229.000     0.000000     -2.02020      369.000     0.000000     0.000000
       0.000000     0.000000     0.000000     0.000000     0.000000     0.000000
       0.000000     0.000000
        229.000     0.000000     -2.02020      379.000     0.000000     0.000000
       0.000000     0.000000     0.000000     0.000000     0.000000     0.000000
       0.000000     0.000000
        686.000      1.00000     -2.02020      529.000     0.000000     0.000000
       0.000000     0.000000     0.000000     0.000000     0.000000     0.000000
       0.000000     0.000000
        76.0000     0.000000     -2.02020      689.000     0.000000     0.000000
       0.000000     0.000000     0.000000     0.000000     0.000000     0.000000
       0.000000     0.000000
        76.0000     0.000000     -2.02020      719.000     0.000000     0.000000
       0.000000     0.000000     0.000000     0.000000     0.000000     0.000000
       0.000000     0.000000
        76.0000     0.000000     -2.02020      779.000     0.000000     0.000000
       0.000000     0.000000     0.000000     0.000000     0.000000     0.000000
       0.000000     0.000000
        76.0000     0.000000     -2.02020      789.000     0.000000     0.000000
       0.000000     0.000000     0.000000     0.000000     0.000000     0.000000
       0.000000     0.000000
        76.0000     0.000000     -2.02020      829.000     0.000000     0.000000
       0.000000     0.000000     0.000000     0.000000     0.000000     0.000000
       0.000000     0.000000
        76.0000      1.00000     -2.02020      959.000     0.000000     0.000000
       0.000000     0.000000     0.000000     0.000000     0.000000     0.000000
       0.000000     0.000000
        76.0000     0.000000     -2.02020      989.000     0.000000     0.000000
       0.000000     0.000000     0.000000     0.000000     0.000000     0.000000
       0.000000     0.000000
        76.0000     0.000000     -2.02020      1009.00     0.000000     0.000000
       0.000000     0.000000     0.000000     0.000000     0.000000     0.000000
       0.000000     0.000000
        76.0000     0.000000     -2.02020      1079.00     0.000000     0.000000
       0.000000     0.000000     0.000000     0.000000     0.000000     0.000000
       0.000000     0.000000
        76.0000     0.000000     -2.02020      1139.00     0.000000     0.000000
       0.000000     0.000000     0.000000     0.000000     0.000000     0.000000
       0.000000     0.000000
        76.0000      1.00000     -2.02020      1149.00     0.000000     0.000000
       0.000000     0.000000     0.000000     0.000000     0.000000     0.000000
       0.000000     0.000000
        152.000     0.000000     -2.02020      1379.00     0.000000     0.000000
       0.000000     0.000000     0.000000     0.000000     0.000000     0.000000
       0.000000     0.000000
        152.000     0.000000     -2.02020      1399.00     0.000000     0.000000
       0.000000     0.000000     0.000000     0.000000     0.000000     0.000000
       0.000000     0.000000
        152.000     0.000000     -2.02020      1469.00     0.000000     0.000000
       0.000000     0.000000     0.000000     0.000000     0.000000     0.000000
       0.000000     0.000000
        152.000     0.000000     -2.02020      1539.00     0.000000     0.000000
       0.000000     0.000000     0.000000     0.000000     0.000000     0.000000
       0.000000     0.000000
        76.0000     0.000000     -2.02020      1619.00     0.000000     0.000000
       0.000000     0.000000     0.000000     0.000000     0.000000     0.000000
       0.000000     0.000000
        76.0000     0.000000     -2.02020      1629.00     0.000000     0.000000
       0.000000     0.000000     0.000000     0.000000     0.000000     0.000000
       0.000000     0.000000
        76.0000     0.000000     -2.02020      1709.00     0.000000     0.000000
       0.000000     0.000000     0.000000     0.000000     0.000000     0.000000
       0.000000     0.000000
        152.000     0.000000     -2.02020      1889.00     0.000000     0.000000
       0.000000     0.000000     0.000000     0.000000     0.000000     0.000000
       0.000000     0.000000
        152.000     0.000000     -2.02020      1909.00     0.000000     0.000000
       0.000000     0.000000     0.000000     0.000000     0.000000     0.000000
       0.000000     0.000000
        152.000     0.000000     -2.02020      1919.00     0.000000     0.000000
       0.000000     0.000000     0.000000     0.000000     0.000000     0.000000
       0.000000     0.000000
        152.000     0.000000     -2.02020      1989.00     0.000000     0.000000
       0.000000     0.000000     0.000000     0.000000     0.000000     0.000000
       0.000000     0.000000
        152.000     0.000000     -2.02020      2059.00     0.000000     0.000000
       0.000000     0.000000     0.000000     0.000000     0.000000     0.000000
       0.000000     0.000000
#$ RIGID
        430.000     0.000000
        3420.00     0.000000
        700.000     0.000000
        700.000     0.000000
       0.000000     0.000000
        430.000     0.000000
        3420.00     0.000000
        430.000     0.000000
        430.000     0.000000
        430.000     0.000000
        430.000     0.000000
        1930.00     0.000000
        430.000     0.000000
        21020.0     0.000000
        2590.00     0.000000
        2590.00     0.000000
        2590.00     0.000000
        2590.00     0.000000
        70.0000     0.000000
        590.000     0.000000
        70.0000     0.000000
        70.0000     0.000000
        70.0000     0.000000
        70.0000     0.000000
        70.0000     0.000000
        330.000     0.000000
        100.000     0.000000
        70.0000     0.000000
        30.0000     0.000000
        217.800     0.000000
        10.0000     0.000000
        40.0000     0.000000
        350.000     0.000000
        32.0000     0.000000
        700.000     0.000000
        70.0000     0.000000
        330.000     0.000000
        70.0000     0.000000
        70.0000     0.000000
        329.990     0.000000
        70.0000     0.000000
        70.0000     0.000000
        329.990     0.000000
        70.0000     0.000000
        220.000     0.000000
        113.250     0.000000
        80.0000     0.000000
        80.0000     0.000000
        100.000     0.000000
        70.0000     0.000000
        100.000     0.000000
        330.000     0.000000
        70.0000     0.000000
        220.000     0.000000
        63.7500     0.000000
        220.000     0.000000
        220.000     0.000000
        220.000     0.000000
        219.980     0.000000
        220.000     0.000000
        1429.98     0.000000
        113.250     0.000000
        80.0000     0.000000
        80.0000     0.000000
#$ EXPJT
#$ RESTRANT
        10.0000      1.00000 9.419520E+19     0.000000     0.000000     0.000000
       0.000000     0.000000     0.000000
           0                                                                                                     
           0                                                                                                     
       0.000000     0.000000 1.751270E+12     0.000000     0.000000     0.000000
       0.000000     0.000000     0.000000
           0                                                                                                     
           0                                                                                                     
       0.000000     0.000000 1.751270E+12     0.000000     0.000000     0.000000
       0.000000     0.000000     0.000000
           0                                                                                                     
           0                                                                                                     
       0.000000     0.000000 1.751270E+12     0.000000     0.000000     0.000000
       0.000000     0.000000     0.000000
           0                                                                                                     
           0                                                                                                     
       0.000000     0.000000 1.751270E+12     0.000000     0.000000     0.000000
       0.000000     0.000000     0.000000
           0                                                                                                     
           0                                                                                                     
       0.000000     0.000000 1.751270E+12     0.000000     0.000000     0.000000
       0.000000     0.000000     0.000000
           0                                                                                                     
           0                                                                                                     
        60.0000      14.0000 1.751270E+12     0.000000     0.300000     0.000000
       0.000000     1.000000     0.000000
           0                                                                                                     
           0                                                                                                     
       0.000000     0.000000 1.751270E+12     0.000000     0.000000     0.000000
       0.000000     0.000000     0.000000
           0                                                                                                     
           0                                                                                                     
       0.000000     0.000000 1.751270E+12     0.000000     0.000000     0.000000
       0.000000     0.000000     0.000000
           0                                                                                                     
           0                                                                                                     
       0.000000     0.000000 1.751270E+12     0.000000     0.000000     0.000000
       0.000000     0.000000     0.000000
           0                                                                                                     
           0                                                                                                     
       0.000000     0.000000 1.751270E+12     0.000000     0.000000     0.000000
       0.000000     0.000000     0.000000
           0                                                                                                     
           0                                                                                                     
       0.000000     0.000000 1.751270E+12     0.000000     0.000000     0.000000
       0.000000     0.000000     0.000000
           0                                                                                                     
           0                                                                                                     
        80.0000      14.0000 1.751270E+12     0.000000     0.300000     0.000000
       0.000000     1.000000     0.000000
           0                                                                                                     
           0                                                                                                     
        80.0000      8.00000 1.751270E+12     0.000000     0.000000     0.000000
       0.000000     0.000000      1.00000
           0                                                                                                     
           0                                                                                                     
       0.000000     0.000000 1.751270E+12     0.000000     0.000000     0.000000
       0.000000     0.000000     0.000000
           0                                                                                                     
           0                                                                                                     
       0.000000     0.000000 1.751270E+12     0.000000     0.000000     0.000000
       0.000000     0.000000     0.000000
           0                                                                                                     
           0                                                                                                     
       0.000000     0.000000 1.751270E+12     0.000000     0.000000     0.000000
       0.000000     0.000000     0.000000
           0                                                                                                     
           0                                                                                                     
       0.000000     0.000000 1.751270E+12     0.000000     0.000000     0.000000
       0.000000     0.000000     0.000000
           0                                                                                                     
           0                                                                                                     
        109.000      1.00000 9.419520E+19     0.000000     0.000000     0.000000
       0.000000     0.000000     0.000000
           0                                                                                                     
           0                                                                                                     
       0.000000     0.000000 1.751270E+12     0.000000     0.000000     0.000000
       0.000000     0.000000     0.000000
           0                                                                                                     
           0                                                                                                     
       0.000000     0.000000 1.751270E+12     0.000000     0.000000     0.000000
       0.000000     0.000000     0.000000
           0                                                                                                     
           0                                                                                                     
       0.000000     0.000000 1.751270E+12     0.000000     0.000000     0.000000
       0.000000     0.000000     0.000000
           0                                                                                                     
           0                                                                                                     
       0.000000     0.000000 1.751270E+12     0.000000     0.000000     0.000000
       0.000000     0.000000     0.000000
           0                                                                                                     
           0                                                                                                     
       0.000000     0.000000 1.751270E+12     0.000000     0.000000     0.000000
       0.000000     0.000000     0.000000
           0                                                                                                     
           0                                                                                                     
        110.000      1.00000 9.419520E+19     0.000000     0.000000     0.000000
       0.000000     0.000000     0.000000
           0                                                                                                     
           0                                                                                                     
       0.000000     0.000000 1.751270E+12     0.000000     0.000000     0.000000
       0.000000     0.000000     0.000000
           0                                                                                                     
           0                                                                                                     
       0.000000     0.000000 1.751270E+12     0.000000     0.000000     0.000000
       0.000000     0.000000     0.000000
           0                                                                                                     
           0                                                                                                     
       0.000000     0.000000 1.751270E+12     0.000000     0.000000     0.000000
       0.000000     0.000000     0.000000
           0                                                                                                     
           0                                                                                                     
       0.000000     0.000000 1.751270E+12     0.000000     0.000000     0.000000
       0.000000     0.000000     0.000000
           0                                                                                                     
           0                                                                                                     
       0.000000     0.000000 1.751270E+12     0.000000     0.000000     0.000000
       0.000000     0.000000     0.000000
           0                                                                                                     
           0                                                                                                     
        260.000      1.00000 9.419520E+19     0.000000     0.000000     0.000000
       0.000000     0.000000     0.000000
           0                                                                                                     
           0                                                                                                     
       0.000000     0.000000 1.751270E+12     0.000000     0.000000     0.000000
       0.000000     0.000000     0.000000
           0                                                                                                     
           0                                                                                                     
       0.000000     0.000000 1.751270E+12     0.000000     0.000000     0.000000
       0.000000     0.000000     0.000000
           0                                                                                                     
           0                                                                                                     
       0.000000     0.000000 1.751270E+12     0.000000     0.000000     0.000000
       0.000000     0.000000     0.000000
           0                                                                                                     
           0                                                                                                     
       0.000000     0.000000 1.751270E+12     0.000000     0.000000     0.000000
       0.000000     0.000000     0.000000
           0                                                                                                     
           0                                                                                                     
       0.000000     0.000000 1.751270E+12     0.000000     0.000000     0.000000
       0.000000     0.000000     0.000000
           0                                                                                                     
           0                                                                                                     
        330.000      14.0000 1.751270E+12     0.000000     0.300000     0.000000
       0.000000     1.000000     0.000000
           0                                                                                                     
           0                                                                                                     
        330.000      9.00000 1.751270E+12    10.000000     0.000000     0.000000
       0.000000     0.000000      1.00000
           0                                                                                                     
           0                                                                                                     
       0.000000     0.000000 1.751270E+12     0.000000     0.000000     0.000000
       0.000000     0.000000     0.000000
           0                                                                                                     
           0                                                                                                     
       0.000000     0.000000 1.751270E+12     0.000000     0.000000     0.000000
       0.000000     0.000000     0.000000
           0                                                                                                     
           0                                                                                                     
       0.000000     0.000000 1.751270E+12     0.000000     0.000000     0.000000
       0.000000     0.000000     0.000000
           0                                                                                                     
           0                                                                                                     
       0.000000     0.000000 1.751270E+12     0.000000     0.000000     0.000000
       0.000000     0.000000     0.000000
           0                                                                                                     
           0                                                                                                     
        360.000      14.0000 1.751270E+12     0.000000     0.300000     0.000000
       0.000000     1.000000     0.000000
           0                                                                                                     
           0                                                                                                     
       0.000000     0.000000 1.751270E+12     0.000000     0.000000     0.000000
       0.000000     0.000000     0.000000
           0                                                                                                     
           0                                                                                                     
       0.000000     0.000000 1.751270E+12     0.000000     0.000000     0.000000
       0.000000     0.000000     0.000000
           0                                                                                                     
           0                                                                                                     
       0.000000     0.000000 1.751270E+12     0.000000     0.000000     0.000000
       0.000000     0.000000     0.000000
           0                                                                                                     
           0                                                                                                     
       0.000000     0.000000 1.751270E+12     0.000000     0.000000     0.000000
       0.000000     0.000000     0.000000
           0                                                                                                     
           0                                                                                                     
       0.000000     0.000000 1.751270E+12     0.000000     0.000000     0.000000
       0.000000     0.000000     0.000000
           0                                                                                                     
           0                                                                                                     
        390.000      14.0000 1.751270E+12     0.000000     0.300000     0.000000
       0.000000     1.000000     0.000000
           0                                                                                                     
           0                                                                                                     
       0.000000     0.000000 1.751270E+12     0.000000     0.000000     0.000000
       0.000000     0.000000     0.000000
           0                                                                                                     
           0                                                                                                     
       0.000000     0.000000 1.751270E+12     0.000000     0.000000     0.000000
       0.000000     0.000000     0.000000
           0                                                                                                     
           0                                                                                                     
       0.000000     0.000000 1.751270E+12     0.000000     0.000000     0.000000
       0.000000     0.000000     0.000000
           0                                                                                                     
           0                                                                                                     
       0.000000     0.000000 1.751270E+12     0.000000     0.000000     0.000000
       0.000000     0.000000     0.000000
           0                                                                                                     
           0                                                                                                     
       0.000000     0.000000 1.751270E+12     0.000000     0.000000     0.000000
       0.000000     0.000000     0.000000
           0                                                                                                     
           0                                                                                                     
        400.000      14.0000 1.751270E+12     0.000000     0.300000     0.000000
       0.000000     1.000000     0.000000
           0                                                                                                     
           0                                                                                                     
        400.000      8.00000 1.751270E+12     0.000000     0.000000     0.000000
       0.000000     0.000000      1.00000
           0                                                                                                     
           0                                                                                                     
       0.000000     0.000000 1.751270E+12     0.000000     0.000000     0.000000
       0.000000     0.000000     0.000000
           0                                                                                                     
           0                                                                                                     
       0.000000     0.000000 1.751270E+12     0.000000     0.000000     0.000000
       0.000000     0.000000     0.000000
           0                                                                                                     
           0                                                                                                     
       0.000000     0.000000 1.751270E+12     0.000000     0.000000     0.000000
       0.000000     0.000000     0.000000
           0                                                                                                     
           0                                                                                                     
       0.000000     0.000000 1.751270E+12     0.000000     0.000000     0.000000
       0.000000     0.000000     0.000000
           0                                                                                                     
           0                                                                                                     
        420.000      14.0000 1.751270E+12     0.000000     0.300000     0.000000
       0.000000     1.000000     0.000000
           0                                                                                                     
           0                                                                                                     
       0.000000     0.000000 1.751270E+12     0.000000     0.000000     0.000000
       0.000000     0.000000     0.000000
           0                                                                                                     
           0                                                                                                     
       0.000000     0.000000 1.751270E+12     0.000000     0.000000     0.000000
       0.000000     0.000000     0.000000
           0                                                                                                     
           0                                                                                                     
       0.000000     0.000000 1.751270E+12     0.000000     0.000000     0.000000
       0.000000     0.000000     0.000000
           0                                                                                                     
           0                                                                                                     
       0.000000     0.000000 1.751270E+12     0.000000     0.000000     0.000000
       0.000000     0.000000     0.000000
           0                                                                                                     
           0                                                                                                     
       0.000000     0.000000 1.751270E+12     0.000000     0.000000     0.000000
       0.000000     0.000000     0.000000
           0                                                                                                     
           0                                                                                                     
        450.000      14.0000 1.751270E+12     0.000000     0.300000     0.000000
       0.000000     1.000000     0.000000
           0                                                                                                     
           0                                                                                                     
       0.000000     0.000000 1.751270E+12     0.000000     0.000000     0.000000
       0.000000     0.000000     0.000000
           0                                                                                                     
           0                                                                                                     
       0.000000     0.000000 1.751270E+12     0.000000     0.000000     0.000000
       0.000000     0.000000     0.000000
           0                                                                                                     
           0                                                                                                     
       0.000000     0.000000 1.751270E+12     0.000000     0.000000     0.000000
       0.000000     0.000000     0.000000
           0                                                                                                     
           0                                                                                                     
       0.000000     0.000000 1.751270E+12     0.000000     0.000000     0.000000
       0.000000     0.000000     0.000000
           0                                                                                                     
           0                                                                                                     
       0.000000     0.000000 1.751270E+12     0.000000     0.000000     0.000000
       0.000000     0.000000     0.000000
           0                                                                                                     
           0                                                                                                     
        479.000      1.00000 9.419520E+19     0.000000     0.000000     0.000000
       0.000000     0.000000     0.000000
           0                                                                                                     
           0                                                                                                     
       0.000000     0.000000 1.751270E+12     0.000000     0.000000     0.000000
       0.000000     0.000000     0.000000
           0                                                                                                     
           0                                                                                                     
       0.000000     0.000000 1.751270E+12     0.000000     0.000000     0.000000
       0.000000     0.000000     0.000000
           0                                                                                                     
           0                                                                                                     
       0.000000     0.000000 1.751270E+12     0.000000     0.000000     0.000000
       0.000000     0.000000     0.000000
           0                                                                                                     
           0                                                                                                     
       0.000000     0.000000 1.751270E+12     0.000000     0.000000     0.000000
       0.000000     0.000000     0.000000
           0                                                                                                     
           0                                                                                                     
       0.000000     0.000000 1.751270E+12     0.000000     0.000000     0.000000
       0.000000     0.000000     0.000000
           0                                                                                                     
           0                                                                                                     
        480.000      1.00000 9.419520E+19     0.000000     0.000000     0.000000
       0.000000     0.000000     0.000000
           0                                                                                                     
           0                                                                                                     
       0.000000     0.000000 1.751270E+12     0.000000     0.000000     0.000000
       0.000000     0.000000     0.000000
           0                                                                                                     
           0                                                                                                     
       0.000000     0.000000 1.751270E+12     0.000000     0.000000     0.000000
       0.000000     0.000000     0.000000
           0                                                                                                     
           0                                                                                                     
       0.000000     0.000000 1.751270E+12     0.000000     0.000000     0.000000
       0.000000     0.000000     0.000000
           0                                                                                                     
           0                                                                                                     
       0.000000     0.000000 1.751270E+12     0.000000     0.000000     0.000000
       0.000000     0.000000     0.000000
           0                                                                                                     
           0                                                                                                     
       0.000000     0.000000 1.751270E+12     0.000000     0.000000     0.000000
       0.000000     0.000000     0.000000
           0                                                                                                     
           0                                                                                                     
        510.000      1.00000 9.419520E+19     0.000000     0.000000     0.000000
       0.000000     0.000000     0.000000
           0                                                                                                     
           0                                                                                                     
       0.000000     0.000000 1.751270E+12     0.000000     0.000000     0.000000
       0.000000     0.000000     0.000000
           0                                                                                                     
           0                                                                                                     
       0.000000     0.000000 1.751270E+12     0.000000     0.000000     0.000000
       0.000000     0.000000     0.000000
           0                                                                                                     
           0                                                                                                     
       0.000000     0.000000 1.751270E+12     0.000000     0.000000     0.000000
       0.000000     0.000000     0.000000
           0                                                                                                     
           0                                                                                                     
       0.000000     0.000000 1.751270E+12     0.000000     0.000000     0.000000
       0.000000     0.000000     0.000000
           0                                                                                                     
           0                                                                                                     
       0.000000     0.000000 1.751270E+12     0.000000     0.000000     0.000000
       0.000000     0.000000     0.000000
           0                                                                                                     
           0                                                                                                     
        549.000      1.00000 9.419520E+19     0.000000     0.000000     0.000000
       0.000000     0.000000     0.000000
           0                                                                                                     
           0                                                                                                     
       0.000000     0.000000 1.751270E+12     0.000000     0.000000     0.000000
       0.000000     0.000000     0.000000
           0                                                                                                     
           0                                                                                                     
       0.000000     0.000000 1.751270E+12     0.000000     0.000000     0.000000
       0.000000     0.000000     0.000000
           0                                                                                                     
           0                                                                                                     
       0.000000     0.000000 1.751270E+12     0.000000     0.000000     0.000000
       0.000000     0.000000     0.000000
           0                                                                                                     
           0                                                                                                     
       0.000000     0.000000 1.751270E+12     0.000000     0.000000     0.000000
       0.000000     0.000000     0.000000
           0                                                                                                     
           0                                                                                                     
       0.000000     0.000000 1.751270E+12     0.000000     0.000000     0.000000
       0.000000     0.000000     0.000000
           0                                                                                                     
           0                                                                                                     
        560.000      1.00000 9.419520E+19     0.000000     0.000000     0.000000
       0.000000     0.000000     0.000000
           0                                                                                                     
           0                                                                                                     
       0.000000     0.000000 1.751270E+12     0.000000     0.000000     0.000000
       0.000000     0.000000     0.000000
           0                                                                                                     
           0                                                                                                     
       0.000000     0.000000 1.751270E+12     0.000000     0.000000     0.000000
       0.000000     0.000000     0.000000
           0                                                                                                     
           0                                                                                                     
       0.000000     0.000000 1.751270E+12     0.000000     0.000000     0.000000
       0.000000     0.000000     0.000000
           0                                                                                                     
           0                                                                                                     
       0.000000     0.000000 1.751270E+12     0.000000     0.000000     0.000000
       0.000000     0.000000     0.000000
           0                                                                                                     
           0                                                                                                     
       0.000000     0.000000 1.751270E+12     0.000000     0.000000     0.000000
       0.000000     0.000000     0.000000
           0                                                                                                     
           0                                                                                                     
        509.000      1.00000 9.419520E+19     0.000000     0.000000     0.000000
       0.000000     0.000000     0.000000
           0                                                                                                     
           0                                                                                                     
       0.000000     0.000000 1.751270E+12     0.000000     0.000000     0.000000
       0.000000     0.000000     0.000000
           0                                                                                                     
           0                                                                                                     
       0.000000     0.000000 1.751270E+12     0.000000     0.000000     0.000000
       0.000000     0.000000     0.000000
           0                                                                                                     
           0                                                                                                     
       0.000000     0.000000 1.751270E+12     0.000000     0.000000     0.000000
       0.000000     0.000000     0.000000
           0                                                                                                     
           0                                                                                                     
       0.000000     0.000000 1.751270E+12     0.000000     0.000000     0.000000
       0.000000     0.000000     0.000000
           0                                                                                                     
           0                                                                                                     
       0.000000     0.000000 1.751270E+12     0.000000     0.000000     0.000000
       0.000000     0.000000     0.000000
           0                                                                                                     
           0                                                                                                     
        620.000      1.00000 9.419520E+19     0.000000     0.000000     0.000000
       0.000000     0.000000     0.000000
           0                                                                                                     
           0                                                                                                     
       0.000000     0.000000 1.751270E+12     0.000000     0.000000     0.000000
       0.000000     0.000000     0.000000
           0                                                                                                     
           0                                                                                                     
       0.000000     0.000000 1.751270E+12     0.000000     0.000000     0.000000
       0.000000     0.000000     0.000000
           0                                                                                                     
           0                                                                                                     
       0.000000     0.000000 1.751270E+12     0.000000     0.000000     0.000000
       0.000000     0.000000     0.000000
           0                                                                                                     
           0                                                                                                     
       0.000000     0.000000 1.751270E+12     0.000000     0.000000     0.000000
       0.000000     0.000000     0.000000
           0                                                                                                     
           0                                                                                                     
       0.000000     0.000000 1.751270E+12     0.000000     0.000000     0.000000
       0.000000     0.000000     0.000000
           0                                                                                                     
           0                                                                                                     
        640.000      1.00000 9.419520E+19     0.000000     0.000000     0.000000
       0.000000     0.000000     0.000000
           0                                                                                                     
           0                                                                                                     
       0.000000     0.000000 1.751270E+12     0.000000     0.000000     0.000000
       0.000000     0.000000     0.000000
           0                                                                                                     
           0                                                                                                     
       0.000000     0.000000 1.751270E+12     0.000000     0.000000     0.000000
       0.000000     0.000000     0.000000
           0                                                                                                     
           0                                                                                                     
       0.000000     0.000000 1.751270E+12     0.000000     0.000000     0.000000
       0.000000     0.000000     0.000000
           0                                                                                                     
           0                                                                                                     
       0.000000     0.000000 1.751270E+12     0.000000     0.000000     0.000000
       0.000000     0.000000     0.000000
           0                                                                                                     
           0                                                                                                     
       0.000000     0.000000 1.751270E+12     0.000000     0.000000     0.000000
       0.000000     0.000000     0.000000
           0                                                                                                     
           0                                                                                                     
        661.000      1.00000 9.419520E+19     0.000000     0.000000     0.000000
       0.000000     0.000000     0.000000
           0                                                                                                     
           0                                                                                                     
       0.000000     0.000000 1.751270E+12     0.000000     0.000000     0.000000
       0.000000     0.000000     0.000000
           0                                                                                                     
           0                                                                                                     
       0.000000     0.000000 1.751270E+12     0.000000     0.000000     0.000000
       0.000000     0.000000     0.000000
           0                                                                                                     
           0                                                                                                     
       0.000000     0.000000 1.751270E+12     0.000000     0.000000     0.000000
       0.000000     0.000000     0.000000
           0                                                                                                     
           0                                                                                                     
       0.000000     0.000000 1.751270E+12     0.000000     0.000000     0.000000
       0.000000     0.000000     0.000000
           0                                                                                                     
           0                                                                                                     
       0.000000     0.000000 1.751270E+12     0.000000     0.000000     0.000000
       0.000000     0.000000     0.000000
           0                                                                                                     
           0                                                                                                     
        700.000      14.0000 1.751270E+12     0.000000     0.300000     0.000000
       0.000000     1.000000     0.000000
           0                                                                                                     
           0                                                                                                     
       0.000000     0.000000 1.751270E+12     0.000000     0.000000     0.000000
       0.000000     0.000000     0.000000
           0                                                                                                     
           0                                                                                                     
       0.000000     0.000000 1.751270E+12     0.000000     0.000000     0.000000
       0.000000     0.000000     0.000000
           0                                                                                                     
           0                                                                                                     
       0.000000     0.000000 1.751270E+12     0.000000     0.000000     0.000000
       0.000000     0.000000     0.000000
           0                                                                                                     
           0                                                                                                     
       0.000000     0.000000 1.751270E+12     0.000000     0.000000     0.000000
       0.000000     0.000000     0.000000
           0                                                                                                     
           0                                                                                                     
       0.000000     0.000000 1.751270E+12     0.000000     0.000000     0.000000
       0.000000     0.000000     0.000000
           0                                                                                                     
           0                                                                                                     
        740.000      14.0000 1.751270E+12     0.000000     0.300000     0.000000
       0.000000     1.000000     0.000000
           0                                                                                                     
           0                                                                                                     
       0.000000     0.000000 1.751270E+12     0.000000     0.000000     0.000000
       0.000000     0.000000     0.000000
           0                                                                                                     
           0                                                                                                     
       0.000000     0.000000 1.751270E+12     0.000000     0.000000     0.000000
       0.000000     0.000000     0.000000
           0                                                                                                     
           0                                                                                                     
       0.000000     0.000000 1.751270E+12     0.000000     0.000000     0.000000
       0.000000     0.000000     0.000000
           0                                                                                                     
           0                                                                                                     
       0.000000     0.000000 1.751270E+12     0.000000     0.000000     0.000000
       0.000000     0.000000     0.000000
           0                                                                                                     
           0                                                                                                     
       0.000000     0.000000 1.751270E+12     0.000000     0.000000     0.000000
       0.000000     0.000000     0.000000
           0                                                                                                     
           0                                                                                                     
        639.000      1.00000 9.419520E+19     0.000000     0.000000     0.000000
       0.000000     0.000000     0.000000
           0                                                                                                     
           0                                                                                                     
       0.000000     0.000000 1.751270E+12     0.000000     0.000000     0.000000
       0.000000     0.000000     0.000000
           0                                                                                                     
           0                                                                                                     
       0.000000     0.000000 1.751270E+12     0.000000     0.000000     0.000000
       0.000000     0.000000     0.000000
           0                                                                                                     
           0                                                                                                     
       0.000000     0.000000 1.751270E+12     0.000000     0.000000     0.000000
       0.000000     0.000000     0.000000
           0                                                                                                     
           0                                                                                                     
       0.000000     0.000000 1.751270E+12     0.000000     0.000000     0.000000
       0.000000     0.000000     0.000000
           0                                                                                                     
           0                                                                                                     
       0.000000     0.000000 1.751270E+12     0.000000     0.000000     0.000000
       0.000000     0.000000     0.000000
           0                                                                                                     
           0                                                                                                     
        770.000      1.00000 9.419520E+19     0.000000     0.000000     0.000000
       0.000000     0.000000     0.000000
           0                                                                                                     
           0                                                                                                     
       0.000000     0.000000 1.751270E+12     0.000000     0.000000     0.000000
       0.000000     0.000000     0.000000
           0                                                                                                     
           0                                                                                                     
       0.000000     0.000000 1.751270E+12     0.000000     0.000000     0.000000
       0.000000     0.000000     0.000000
           0                                                                                                     
           0                                                                                                     
       0.000000     0.000000 1.751270E+12     0.000000     0.000000     0.000000
       0.000000     0.000000     0.000000
           0                                                                                                     
           0                                                                                                     
       0.000000     0.000000 1.751270E+12     0.000000     0.000000     0.000000
       0.000000     0.000000     0.000000
           0                                                                                                     
           0                                                                                                     
       0.000000     0.000000 1.751270E+12     0.000000     0.000000     0.000000
       0.000000     0.000000     0.000000
           0                                                                                                     
           0                                                                                                     
        800.000      14.0000 1.751270E+12     0.000000     0.300000     0.000000
       0.000000     1.000000     0.000000
           0                                                                                                     
           0                                                                                                     
       0.000000     0.000000 1.751270E+12     0.000000     0.000000     0.000000
       0.000000     0.000000     0.000000
           0                                                                                                     
           0                                                                                                     
       0.000000     0.000000 1.751270E+12     0.000000     0.000000     0.000000
       0.000000     0.000000     0.000000
           0                                                                                                     
           0                                                                                                     
       0.000000     0.000000 1.751270E+12     0.000000     0.000000     0.000000
       0.000000     0.000000     0.000000
           0                                                                                                     
           0                                                                                                     
       0.000000     0.000000 1.751270E+12     0.000000     0.000000     0.000000
       0.000000     0.000000     0.000000
           0                                                                                                     
           0                                                                                                     
       0.000000     0.000000 1.751270E+12     0.000000     0.000000     0.000000
       0.000000     0.000000     0.000000
           0                                                                                                     
           0                                                                                                     
        810.000      8.00000 1.751270E+12     0.000000     0.000000     0.000000
       0.000000     0.000000      1.00000
           0                                                                                                     
           0                                                                                                     
        810.000      14.0000 1.751270E+12     0.000000     0.300000     0.000000
       0.000000     1.000000     0.000000
           0                                                                                                     
           0                                                                                                     
       0.000000     0.000000 1.751270E+12     0.000000     0.000000     0.000000
       0.000000     0.000000     0.000000
           0                                                                                                     
           0                                                                                                     
       0.000000     0.000000 1.751270E+12     0.000000     0.000000     0.000000
       0.000000     0.000000     0.000000
           0                                                                                                     
           0                                                                                                     
       0.000000     0.000000 1.751270E+12     0.000000     0.000000     0.000000
       0.000000     0.000000     0.000000
           0                                                                                                     
           0                                                                                                     
       0.000000     0.000000 1.751270E+12     0.000000     0.000000     0.000000
       0.000000     0.000000     0.000000
           0                                                                                                     
           0                                                                                                     
        850.000      1.00000 9.419520E+19     0.000000     0.000000     0.000000
       0.000000     0.000000     0.000000
           0                                                                                                     
           0                                                                                                     
       0.000000     0.000000 1.751270E+12     0.000000     0.000000     0.000000
       0.000000     0.000000     0.000000
           0                                                                                                     
           0                                                                                                     
       0.000000     0.000000 1.751270E+12     0.000000     0.000000     0.000000
       0.000000     0.000000     0.000000
           0                                                                                                     
           0                                                                                                     
       0.000000     0.000000 1.751270E+12     0.000000     0.000000     0.000000
       0.000000     0.000000     0.000000
           0                                                                                                     
           0                                                                                                     
       0.000000     0.000000 1.751270E+12     0.000000     0.000000     0.000000
       0.000000     0.000000     0.000000
           0                                                                                                     
           0                                                                                                     
       0.000000     0.000000 1.751270E+12     0.000000     0.000000     0.000000
       0.000000     0.000000     0.000000
           0                                                                                                     
           0                                                                                                     
        870.000      1.00000 9.419520E+19     0.000000     0.000000     0.000000
       0.000000     0.000000     0.000000
           0                                                                                                     
           0                                                                                                     
       0.000000     0.000000 1.751270E+12     0.000000     0.000000     0.000000
       0.000000     0.000000     0.000000
           0                                                                                                     
           0                                                                                                     
       0.000000     0.000000 1.751270E+12     0.000000     0.000000     0.000000
       0.000000     0.000000     0.000000
           0                                                                                                     
           0                                                                                                     
       0.000000     0.000000 1.751270E+12     0.000000     0.000000     0.000000
       0.000000     0.000000     0.000000
           0                                                                                                     
           0                                                                                                     
       0.000000     0.000000 1.751270E+12     0.000000     0.000000     0.000000
       0.000000     0.000000     0.000000
           0                                                                                                     
           0                                                                                                     
       0.000000     0.000000 1.751270E+12     0.000000     0.000000     0.000000
       0.000000     0.000000     0.000000
           0                                                                                                     
           0                                                                                                     
        888.000      1.00000 9.419520E+19     0.000000     0.000000     0.000000
       0.000000     0.000000     0.000000
           0                                                                                                     
           0                                                                                                     
       0.000000     0.000000 1.751270E+12     0.000000     0.000000     0.000000
       0.000000     0.000000     0.000000
           0                                                                                                     
           0                                                                                                     
       0.000000     0.000000 1.751270E+12     0.000000     0.000000     0.000000
       0.000000     0.000000     0.000000
           0                                                                                                     
           0                                                                                                     
       0.000000     0.000000 1.751270E+12     0.000000     0.000000     0.000000
       0.000000     0.000000     0.000000
           0                                                                                                     
           0                                                                                                     
       0.000000     0.000000 1.751270E+12     0.000000     0.000000     0.000000
       0.000000     0.000000     0.000000
           0                                                                                                     
           0                                                                                                     
       0.000000     0.000000 1.751270E+12     0.000000     0.000000     0.000000
       0.000000     0.000000     0.000000
           0                                                                                                     
           0                                                                                                     
        940.000      14.0000 1.751270E+12     0.000000     0.300000     0.000000
       0.000000     1.000000     0.000000
           0                                                                                                     
           0                                                                                                     
        940.000      9.00000 1.751270E+12     5.000000     0.000000     0.000000
       0.000000     0.000000      1.00000
           0                                                                                                     
           0                                                                                                     
       0.000000     0.000000 1.751270E+12     0.000000     0.000000     0.000000
       0.000000     0.000000     0.000000
           0                                                                                                     
           0                                                                                                     
       0.000000     0.000000 1.751270E+12     0.000000     0.000000     0.000000
       0.000000     0.000000     0.000000
           0                                                                                                     
           0                                                                                                     
       0.000000     0.000000 1.751270E+12     0.000000     0.000000     0.000000
       0.000000     0.000000     0.000000
           0                                                                                                     
           0                                                                                                     
       0.000000     0.000000 1.751270E+12     0.000000     0.000000     0.000000
       0.000000     0.000000     0.000000
           0                                                                                                     
           0                                                                                                     
        1000.00      14.0000 1.751270E+12     0.000000     0.300000     0.000000
       0.000000     1.000000     0.000000
           0                                                                                                     
           0                                                                                                     
       0.000000     0.000000 1.751270E+12     0.000000     0.000000     0.000000
       0.000000     0.000000     0.000000
           0                                                                                                     
           0                                                                                                     
       0.000000     0.000000 1.751270E+12     0.000000     0.000000     0.000000
       0.000000     0.000000     0.000000
           0                                                                                                     
           0                                                                                                     
       0.000000     0.000000 1.751270E+12     0.000000     0.000000     0.000000
       0.000000     0.000000     0.000000
           0                                                                                                     
           0                                                                                                     
       0.000000     0.000000 1.751270E+12     0.000000     0.000000     0.000000
       0.000000     0.000000     0.000000
           0                                                                                                     
           0                                                                                                     
       0.000000     0.000000 1.751270E+12     0.000000     0.000000     0.000000
       0.000000     0.000000     0.000000
           0                                                                                                     
           0                                                                                                     
        1020.00      14.0000 1.751270E+12     0.000000     0.300000     0.000000
       0.000000     1.000000     0.000000
           0                                                                                                     
           0                                                                                                     
       0.000000     0.000000 1.751270E+12     0.000000     0.000000     0.000000
       0.000000     0.000000     0.000000
           0                                                                                                     
           0                                                                                                     
       0.000000     0.000000 1.751270E+12     0.000000     0.000000     0.000000
       0.000000     0.000000     0.000000
           0                                                                                                     
           0                                                                                                     
       0.000000     0.000000 1.751270E+12     0.000000     0.000000     0.000000
       0.000000     0.000000     0.000000
           0                                                                                                     
           0                                                                                                     
       0.000000     0.000000 1.751270E+12     0.000000     0.000000     0.000000
       0.000000     0.000000     0.000000
           0                                                                                                     
           0                                                                                                     
       0.000000     0.000000 1.751270E+12     0.000000     0.000000     0.000000
       0.000000     0.000000     0.000000
           0                                                                                                     
           0                                                                                                     
        1030.00      14.0000 1.751270E+12     0.000000     0.300000     0.000000
       0.000000     1.000000     0.000000
           0                                                                                                     
           0                                                                                                     
        1030.00      8.00000 1.751270E+12     0.000000     0.000000     0.000000
       0.000000     0.000000      1.00000
           0                                                                                                     
           0                                                                                                     
       0.000000     0.000000 1.751270E+12     0.000000     0.000000     0.000000
       0.000000     0.000000     0.000000
           0                                                                                                     
           0                                                                                                     
       0.000000     0.000000 1.751270E+12     0.000000     0.000000     0.000000
       0.000000     0.000000     0.000000
           0                                                                                                     
           0                                                                                                     
       0.000000     0.000000 1.751270E+12     0.000000     0.000000     0.000000
       0.000000     0.000000     0.000000
           0                                                                                                     
           0                                                                                                     
       0.000000     0.000000 1.751270E+12     0.000000     0.000000     0.000000
       0.000000     0.000000     0.000000
           0                                                                                                     
           0                                                                                                     
        1050.00      14.0000 1.751270E+12     0.000000     0.300000     0.000000
       0.000000     1.000000     0.000000
           0                                                                                                     
           0                                                                                                     
       0.000000     0.000000 1.751270E+12     0.000000     0.000000     0.000000
       0.000000     0.000000     0.000000
           0                                                                                                     
           0                                                                                                     
       0.000000     0.000000 1.751270E+12     0.000000     0.000000     0.000000
       0.000000     0.000000     0.000000
           0                                                                                                     
           0                                                                                                     
       0.000000     0.000000 1.751270E+12     0.000000     0.000000     0.000000
       0.000000     0.000000     0.000000
           0                                                                                                     
           0                                                                                                     
       0.000000     0.000000 1.751270E+12     0.000000     0.000000     0.000000
       0.000000     0.000000     0.000000
           0                                                                                                     
           0                                                                                                     
       0.000000     0.000000 1.751270E+12     0.000000     0.000000     0.000000
       0.000000     0.000000     0.000000
           0                                                                                                     
           0                                                                                                     
        1060.00      14.0000 1.751270E+12     0.000000     0.300000     0.000000
       0.000000     1.000000     0.000000
           0                                                                                                     
           0                                                                                                     
        1060.00      8.00000 1.751270E+12     0.000000     0.000000     0.000000
       0.000000     0.000000      1.00000
           0                                                                                                     
           0                                                                                                     
       0.000000     0.000000 1.751270E+12     0.000000     0.000000     0.000000
       0.000000     0.000000     0.000000
           0                                                                                                     
           0                                                                                                     
       0.000000     0.000000 1.751270E+12     0.000000     0.000000     0.000000
       0.000000     0.000000     0.000000
           0                                                                                                     
           0                                                                                                     
       0.000000     0.000000 1.751270E+12     0.000000     0.000000     0.000000
       0.000000     0.000000     0.000000
           0                                                                                                     
           0                                                                                                     
       0.000000     0.000000 1.751270E+12     0.000000     0.000000     0.000000
       0.000000     0.000000     0.000000
           0                                                                                                     
           0                                                                                                     
        240.000      1.00000 9.419520E+19     0.000000     0.000000     0.000000
       0.000000     0.000000     0.000000
           0                                                                                                     
           0                                                                                                     
       0.000000     0.000000 1.751270E+12     0.000000     0.000000     0.000000
       0.000000     0.000000     0.000000
           0                                                                                                     
           0                                                                                                     
       0.000000     0.000000 1.751270E+12     0.000000     0.000000     0.000000
       0.000000     0.000000     0.000000
           0                                                                                                     
           0                                                                                                     
       0.000000     0.000000 1.751270E+12     0.000000     0.000000     0.000000
       0.000000     0.000000     0.000000
           0                                                                                                     
           0                                                                                                     
       0.000000     0.000000 1.751270E+12     0.000000     0.000000     0.000000
       0.000000     0.000000     0.000000
           0                                                                                                     
           0                                                                                                     
       0.000000     0.000000 1.751270E+12     0.000000     0.000000     0.000000
       0.000000     0.000000     0.000000
           0                                                                                                     
           0                                                                                                     
        1110.00      1.00000 9.419520E+19     0.000000     0.000000     0.000000
       0.000000     0.000000     0.000000
           0                                                                                                     
           0                                                                                                     
       0.000000     0.000000 1.751270E+12     0.000000     0.000000     0.000000
       0.000000     0.000000     0.000000
           0                                                                                                     
           0                                                                                                     
       0.000000     0.000000 1.751270E+12     0.000000     0.000000     0.000000
       0.000000     0.000000     0.000000
           0                                                                                                     
           0                                                                                                     
       0.000000     0.000000 1.751270E+12     0.000000     0.000000     0.000000
       0.000000     0.000000     0.000000
           0                                                                                                     
           0                                                                                                     
       0.000000     0.000000 1.751270E+12     0.000000     0.000000     0.000000
       0.000000     0.000000     0.000000
           0                                                                                                     
           0                                                                                                     
       0.000000     0.000000 1.751270E+12     0.000000     0.000000     0.000000
       0.000000     0.000000     0.000000
           0                                                                                                     
           0                                                                                                     
        1130.00      1.00000 9.419520E+19     0.000000     0.000000     0.000000
       0.000000     0.000000     0.000000
           0                                                                                                     
           0                                                                                                     
       0.000000     0.000000 1.751270E+12     0.000000     0.000000     0.000000
       0.000000     0.000000     0.000000
           0                                                                                                     
           0                                                                                                     
       0.000000     0.000000 1.751270E+12     0.000000     0.000000     0.000000
       0.000000     0.000000     0.000000
           0                                                                                                     
           0                                                                                                     
       0.000000     0.000000 1.751270E+12     0.000000     0.000000     0.000000
       0.000000     0.000000     0.000000
           0                                                                                                     
           0                                                                                                     
       0.000000     0.000000 1.751270E+12     0.000000     0.000000     0.000000
       0.000000     0.000000     0.000000
           0                                                                                                     
           0                                                                                                     
       0.000000     0.000000 1.751270E+12     0.000000     0.000000     0.000000
       0.000000     0.000000     0.000000
           0                                                                                                     
           0                                                                                                     
        1180.00      14.0000 1.751270E+12     0.000000     0.300000     0.000000
       0.000000     1.000000     0.000000
           0                                                                                                     
           0                                                                                                     
       0.000000     0.000000 1.751270E+12     0.000000     0.000000     0.000000
       0.000000     0.000000     0.000000
           0                                                                                                     
           0                                                                                                     
       0.000000     0.000000 1.751270E+12     0.000000     0.000000     0.000000
       0.000000     0.000000     0.000000
           0                                                                                                     
           0                                                                                                     
       0.000000     0.000000 1.751270E+12     0.000000     0.000000     0.000000
       0.000000     0.000000     0.000000
           0                                                                                                     
           0                                                                                                     
       0.000000     0.000000 1.751270E+12     0.000000     0.000000     0.000000
       0.000000     0.000000     0.000000
           0                                                                                                     
           0                                                                                                     
       0.000000     0.000000 1.751270E+12     0.000000     0.000000     0.000000
       0.000000     0.000000     0.000000
           0                                                                                                     
           0                                                                                                     
        1190.00      14.0000 1.751270E+12     0.000000     0.300000     0.000000
       0.000000     1.000000     0.000000
           0                                                                                                     
           0                                                                                                     
        1190.00      8.00000 1.751270E+12     0.000000     0.000000     0.000000
       0.000000     0.000000      1.00000
           0                                                                                                     
           0                                                                                                     
       0.000000     0.000000 1.751270E+12     0.000000     0.000000     0.000000
       0.000000     0.000000     0.000000
           0                                                                                                     
           0                                                                                                     
       0.000000     0.000000 1.751270E+12     0.000000     0.000000     0.000000
       0.000000     0.000000     0.000000
           0                                                                                                     
           0                                                                                                     
       0.000000     0.000000 1.751270E+12     0.000000     0.000000     0.000000
       0.000000     0.000000     0.000000
           0                                                                                                     
           0                                                                                                     
       0.000000     0.000000 1.751270E+12     0.000000     0.000000     0.000000
       0.000000     0.000000     0.000000
           0                                                                                                     
           0                                                                                                     
        1210.00      14.0000 1.751270E+12     0.000000     0.300000     0.000000
       0.000000     1.000000     0.000000
           0                                                                                                     
           0                                                                                                     
       0.000000     0.000000 1.751270E+12     0.000000     0.000000     0.000000
       0.000000     0.000000     0.000000
           0                                                                                                     
           0                                                                                                     
       0.000000     0.000000 1.751270E+12     0.000000     0.000000     0.000000
       0.000000     0.000000     0.000000
           0                                                                                                     
           0                                                                                                     
       0.000000     0.000000 1.751270E+12     0.000000     0.000000     0.000000
       0.000000     0.000000     0.000000
           0                                                                                                     
           0                                                                                                     
       0.000000     0.000000 1.751270E+12     0.000000     0.000000     0.000000
       0.000000     0.000000     0.000000
           0                                                                                                     
           0                                                                                                     
       0.000000     0.000000 1.751270E+12     0.000000     0.000000     0.000000
       0.000000     0.000000     0.000000
           0                                                                                                     
           0                                                                                                     
        1230.00      14.0000 1.751270E+12     0.000000     0.300000     0.000000
       0.000000     1.000000     0.000000
           0                                                                                                     
           0                                                                                                     
        1230.00      8.00000 1.751270E+12     0.000000     0.000000     0.000000
       0.000000     0.000000      1.00000
           0                                                                                                     
           0                                                                                                     
       0.000000     0.000000 1.751270E+12     0.000000     0.000000     0.000000
       0.000000     0.000000     0.000000
           0                                                                                                     
           0                                                                                                     
       0.000000     0.000000 1.751270E+12     0.000000     0.000000     0.000000
       0.000000     0.000000     0.000000
           0                                                                                                     
           0                                                                                                     
       0.000000     0.000000 1.751270E+12     0.000000     0.000000     0.000000
       0.000000     0.000000     0.000000
           0                                                                                                     
           0                                                                                                     
       0.000000     0.000000 1.751270E+12     0.000000     0.000000     0.000000
       0.000000     0.000000     0.000000
           0                                                                                                     
           0                                                                                                     
        1269.00      1.00000 9.419520E+19     0.000000     0.000000     0.000000
       0.000000     0.000000     0.000000
           0                                                                                                     
           0                                                                                                     
       0.000000     0.000000 1.751270E+12     0.000000     0.000000     0.000000
       0.000000     0.000000     0.000000
           0                                                                                                     
           0                                                                                                     
       0.000000     0.000000 1.751270E+12     0.000000     0.000000     0.000000
       0.000000     0.000000     0.000000
           0                                                                                                     
           0                                                                                                     
       0.000000     0.000000 1.751270E+12     0.000000     0.000000     0.000000
       0.000000     0.000000     0.000000
           0                                                                                                     
           0                                                                                                     
       0.000000     0.000000 1.751270E+12     0.000000     0.000000     0.000000
       0.000000     0.000000     0.000000
           0                                                                                                     
           0                                                                                                     
       0.000000     0.000000 1.751270E+12     0.000000     0.000000     0.000000
       0.000000     0.000000     0.000000
           0                                                                                                     
           0                                                                                                     
        1270.00      1.00000 9.419520E+19     0.000000     0.000000     0.000000
       0.000000     0.000000     0.000000
           0                                                                                                     
           0                                                                                                     
       0.000000     0.000000 1.751270E+12     0.000000     0.000000     0.000000
       0.000000     0.000000     0.000000
           0                                                                                                     
           0                                                                                                     
       0.000000     0.000000 1.751270E+12     0.000000     0.000000     0.000000
       0.000000     0.000000     0.000000
           0                                                                                                     
           0                                                                                                     
       0.000000     0.000000 1.751270E+12     0.000000     0.000000     0.000000
       0.000000     0.000000     0.000000
           0                                                                                                     
           0                                                                                                     
       0.000000     0.000000 1.751270E+12     0.000000     0.000000     0.000000
       0.000000     0.000000     0.000000
           0                                                                                                     
           0                                                                                                     
       0.000000     0.000000 1.751270E+12     0.000000     0.000000     0.000000
       0.000000     0.000000     0.000000
           0                                                                                                     
           0                                                                                                     
        1290.00      14.0000 1.751270E+12     0.000000     0.300000     0.000000
       0.000000     1.000000     0.000000
           0                                                                                                     
           0                                                                                                     
       0.000000     0.000000 1.751270E+12     0.000000     0.000000     0.000000
       0.000000     0.000000     0.000000
           0                                                                                                     
           0                                                                                                     
       0.000000     0.000000 1.751270E+12     0.000000     0.000000     0.000000
       0.000000     0.000000     0.000000
           0                                                                                                     
           0                                                                                                     
       0.000000     0.000000 1.751270E+12     0.000000     0.000000     0.000000
       0.000000     0.000000     0.000000
           0                                                                                                     
           0                                                                                                     
       0.000000     0.000000 1.751270E+12     0.000000     0.000000     0.000000
       0.000000     0.000000     0.000000
           0                                                                                                     
           0                                                                                                     
       0.000000     0.000000 1.751270E+12     0.000000     0.000000     0.000000
       0.000000     0.000000     0.000000
           0                                                                                                     
           0                                                                                                     
        1329.00      1.00000 9.419520E+19     0.000000     0.000000     0.000000
       0.000000     0.000000     0.000000
           0                                                                                                     
           0                                                                                                     
       0.000000     0.000000 1.751270E+12     0.000000     0.000000     0.000000
       0.000000     0.000000     0.000000
           0                                                                                                     
           0                                                                                                     
       0.000000     0.000000 1.751270E+12     0.000000     0.000000     0.000000
       0.000000     0.000000     0.000000
           0                                                                                                     
           0                                                                                                     
       0.000000     0.000000 1.751270E+12     0.000000     0.000000     0.000000
       0.000000     0.000000     0.000000
           0                                                                                                     
           0                                                                                                     
       0.000000     0.000000 1.751270E+12     0.000000     0.000000     0.000000
       0.000000     0.000000     0.000000
           0                                                                                                     
           0                                                                                                     
       0.000000     0.000000 1.751270E+12     0.000000     0.000000     0.000000
       0.000000     0.000000     0.000000
           0                                                                                                     
           0                                                                                                     
        1330.00      1.00000 9.419520E+19     0.000000     0.000000     0.000000
       0.000000     0.000000     0.000000
           0                                                                                                     
           0                                                                                                     
       0.000000     0.000000 1.751270E+12     0.000000     0.000000     0.000000
       0.000000     0.000000     0.000000
           0                                                                                                     
           0                                                                                                     
       0.000000     0.000000 1.751270E+12     0.000000     0.000000     0.000000
       0.000000     0.000000     0.000000
           0                                                                                                     
           0                                                                                                     
       0.000000     0.000000 1.751270E+12     0.000000     0.000000     0.000000
       0.000000     0.000000     0.000000
           0                                                                                                     
           0                                                                                                     
       0.000000     0.000000 1.751270E+12     0.000000     0.000000     0.000000
       0.000000     0.000000     0.000000
           0                                                                                                     
           0                                                                                                     
       0.000000     0.000000 1.751270E+12     0.000000     0.000000     0.000000
       0.000000     0.000000     0.000000
           0                                                                                                     
           0                                                                                                     
        1350.00      14.0000 1.751270E+12     0.000000     0.300000     0.000000
       0.000000     1.000000     0.000000
           0                                                                                                     
           0                                                                                                     
        1350.00      8.00000 1.751270E+12     0.000000     0.000000     0.000000
       0.000000     0.000000      1.00000
           0                                                                                                     
           0                                                                                                     
       0.000000     0.000000 1.751270E+12     0.000000     0.000000     0.000000
       0.000000     0.000000     0.000000
           0                                                                                                     
           0                                                                                                     
       0.000000     0.000000 1.751270E+12     0.000000     0.000000     0.000000
       0.000000     0.000000     0.000000
           0                                                                                                     
           0                                                                                                     
       0.000000     0.000000 1.751270E+12     0.000000     0.000000     0.000000
       0.000000     0.000000     0.000000
           0                                                                                                     
           0                                                                                                     
       0.000000     0.000000 1.751270E+12     0.000000     0.000000     0.000000
       0.000000     0.000000     0.000000
           0                                                                                                     
           0                                                                                                     
        1370.00      14.0000 1.751270E+12     0.000000     0.300000     0.000000
       0.000000     1.000000     0.000000
           0                                                                                                     
           0                                                                                                     
       0.000000     0.000000 1.751270E+12     0.000000     0.000000     0.000000
       0.000000     0.000000     0.000000
           0                                                                                                     
           0                                                                                                     
       0.000000     0.000000 1.751270E+12     0.000000     0.000000     0.000000
       0.000000     0.000000     0.000000
           0                                                                                                     
           0                                                                                                     
       0.000000     0.000000 1.751270E+12     0.000000     0.000000     0.000000
       0.000000     0.000000     0.000000
           0                                                                                                     
           0                                                                                                     
       0.000000     0.000000 1.751270E+12     0.000000     0.000000     0.000000
       0.000000     0.000000     0.000000
           0                                                                                                     
           0                                                                                                     
       0.000000     0.000000 1.751270E+12     0.000000     0.000000     0.000000
       0.000000     0.000000     0.000000
           0                                                                                                     
           0                                                                                                     
        1390.00      14.0000 1.751270E+12     0.000000     0.300000     0.000000
       0.000000     1.000000     0.000000
           0                                                                                                     
           0                                                                                                     
       0.000000     0.000000 1.751270E+12     0.000000     0.000000     0.000000
       0.000000     0.000000     0.000000
           0                                                                                                     
           0                                                                                                     
       0.000000     0.000000 1.751270E+12     0.000000     0.000000     0.000000
       0.000000     0.000000     0.000000
           0                                                                                                     
           0                                                                                                     
       0.000000     0.000000 1.751270E+12     0.000000     0.000000     0.000000
       0.000000     0.000000     0.000000
           0                                                                                                     
           0                                                                                                     
       0.000000     0.000000 1.751270E+12     0.000000     0.000000     0.000000
       0.000000     0.000000     0.000000
           0                                                                                                     
           0                                                                                                     
       0.000000     0.000000 1.751270E+12     0.000000     0.000000     0.000000
       0.000000     0.000000     0.000000
           0                                                                                                     
           0                                                                                                     
        1410.00      14.0000 1.751270E+12     0.000000     0.300000     0.000000
       0.000000     1.000000     0.000000
           0                                                                                                     
           0                                                                                                     
        1410.00      9.00000 1.751270E+12     0.000000     0.000000     0.000000
       0.000000     0.000000      1.00000
           0                                                                                                     
           0                                                                                                     
        1410.00      8.00000 1.751270E+12     0.000000     0.000000     0.000000
       0.000000     0.000000      1.00000
           0                                                                                                     
           0                                                                                                     
       0.000000     0.000000 1.751270E+12     0.000000     0.000000     0.000000
       0.000000     0.000000     0.000000
           0                                                                                                     
           0                                                                                                     
       0.000000     0.000000 1.751270E+12     0.000000     0.000000     0.000000
       0.000000     0.000000     0.000000
           0                                                                                                     
           0                                                                                                     
       0.000000     0.000000 1.751270E+12     0.000000     0.000000     0.000000
       0.000000     0.000000     0.000000
           0                                                                                                     
           0                                                                                                     
        1440.00      14.0000 1.751270E+12     0.000000     0.300000     0.000000
       0.000000     1.000000     0.000000
           0                                                                                                     
           0                                                                                                     
        1440.00      8.00000 1.751270E+12     0.000000     0.000000     0.000000
       0.000000     0.000000      1.00000
           0                                                                                                     
           0                                                                                                     
       0.000000     0.000000 1.751270E+12     0.000000     0.000000     0.000000
       0.000000     0.000000     0.000000
           0                                                                                                     
           0                                                                                                     
       0.000000     0.000000 1.751270E+12     0.000000     0.000000     0.000000
       0.000000     0.000000     0.000000
           0                                                                                                     
           0                                                                                                     
       0.000000     0.000000 1.751270E+12     0.000000     0.000000     0.000000
       0.000000     0.000000     0.000000
           0                                                                                                     
           0                                                                                                     
       0.000000     0.000000 1.751270E+12     0.000000     0.000000     0.000000
       0.000000     0.000000     0.000000
           0                                                                                                     
           0                                                                                                     
        1460.00      14.0000 1.751270E+12     0.000000     0.300000     0.000000
       0.000000     1.000000     0.000000
           0                                                                                                     
           0                                                                                                     
       0.000000     0.000000 1.751270E+12     0.000000     0.000000     0.000000
       0.000000     0.000000     0.000000
           0                                                                                                     
           0                                                                                                     
       0.000000     0.000000 1.751270E+12     0.000000     0.000000     0.000000
       0.000000     0.000000     0.000000
           0                                                                                                     
           0                                                                                                     
       0.000000     0.000000 1.751270E+12     0.000000     0.000000     0.000000
       0.000000     0.000000     0.000000
           0                                                                                                     
           0                                                                                                     
       0.000000     0.000000 1.751270E+12     0.000000     0.000000     0.000000
       0.000000     0.000000     0.000000
           0                                                                                                     
           0                                                                                                     
       0.000000     0.000000 1.751270E+12     0.000000     0.000000     0.000000
       0.000000     0.000000     0.000000
           0                                                                                                     
           0                                                                                                     
        1490.00      14.0000 1.751270E+12     0.000000     0.300000     0.000000
       0.000000     1.000000     0.000000
           0                                                                                                     
           0                                                                                                     
        1490.00      9.00000 1.751270E+12     0.000000     0.000000     0.000000
       0.000000     0.000000      1.00000
           0                                                                                                     
           0                                                                                                     
        1490.00      8.00000 1.751270E+12     0.000000     0.000000     0.000000
       0.000000     0.000000      1.00000
           0                                                                                                     
           0                                                                                                     
       0.000000     0.000000 1.751270E+12     0.000000     0.000000     0.000000
       0.000000     0.000000     0.000000
           0                                                                                                     
           0                                                                                                     
       0.000000     0.000000 1.751270E+12     0.000000     0.000000     0.000000
       0.000000     0.000000     0.000000
           0                                                                                                     
           0                                                                                                     
       0.000000     0.000000 1.751270E+12     0.000000     0.000000     0.000000
       0.000000     0.000000     0.000000
           0                                                                                                     
           0                                                                                                     
        1560.00      1.00000 9.419520E+19     0.000000     0.000000     0.000000
       0.000000     0.000000     0.000000
           0                                                                                                     
           0                                                                                                     
       0.000000     0.000000 1.751270E+12     0.000000     0.000000     0.000000
       0.000000     0.000000     0.000000
           0                                                                                                     
           0                                                                                                     
       0.000000     0.000000 1.751270E+12     0.000000     0.000000     0.000000
       0.000000     0.000000     0.000000
           0                                                                                                     
           0                                                                                                     
       0.000000     0.000000 1.751270E+12     0.000000     0.000000     0.000000
       0.000000     0.000000     0.000000
           0                                                                                                     
           0                                                                                                     
       0.000000     0.000000 1.751270E+12     0.000000     0.000000     0.000000
       0.000000     0.000000     0.000000
           0                                                                                                     
           0                                                                                                     
       0.000000     0.000000 1.751270E+12     0.000000     0.000000     0.000000
       0.000000     0.000000     0.000000
           0                                                                                                     
           0                                                                                                     
        1590.00      1.00000 9.419520E+19     0.000000     0.000000     0.000000
       0.000000     0.000000     0.000000
           0                                                                                                     
           0                                                                                                     
       0.000000     0.000000 1.751270E+12     0.000000     0.000000     0.000000
       0.000000     0.000000     0.000000
           0                                                                                                     
           0                                                                                                     
       0.000000     0.000000 1.751270E+12     0.000000     0.000000     0.000000
       0.000000     0.000000     0.000000
           0                                                                                                     
           0                                                                                                     
       0.000000     0.000000 1.751270E+12     0.000000     0.000000     0.000000
       0.000000     0.000000     0.000000
           0                                                                                                     
           0                                                                                                     
       0.000000     0.000000 1.751270E+12     0.000000     0.000000     0.000000
       0.000000     0.000000     0.000000
           0                                                                                                     
           0                                                                                                     
       0.000000     0.000000 1.751270E+12     0.000000     0.000000     0.000000
       0.000000     0.000000     0.000000
           0                                                                                                     
           0                                                                                                     
        1608.00      1.00000 9.419520E+19     0.000000     0.000000     0.000000
       0.000000     0.000000     0.000000
           0                                                                                                     
           0                                                                                                     
       0.000000     0.000000 1.751270E+12     0.000000     0.000000     0.000000
       0.000000     0.000000     0.000000
           0                                                                                                     
           0                                                                                                     
       0.000000     0.000000 1.751270E+12     0.000000     0.000000     0.000000
       0.000000     0.000000     0.000000
           0                                                                                                     
           0                                                                                                     
       0.000000     0.000000 1.751270E+12     0.000000     0.000000     0.000000
       0.000000     0.000000     0.000000
           0                                                                                                     
           0                                                                                                     
       0.000000     0.000000 1.751270E+12     0.000000     0.000000     0.000000
       0.000000     0.000000     0.000000
           0                                                                                                     
           0                                                                                                     
       0.000000     0.000000 1.751270E+12     0.000000     0.000000     0.000000
       0.000000     0.000000     0.000000
           0                                                                                                     
           0                                                                                                     
        1640.00      14.0000 1.751270E+12     0.000000     0.300000     0.000000
       0.000000     1.000000     0.000000
           0                                                                                                     
           0                                                                                                     
        1640.00      8.00000 1.751270E+12     5.000000     0.000000     0.000000
       0.000000     0.000000      1.00000
           0                                                                                                     
           0                                                                                                     
       0.000000     0.000000 1.751270E+12     0.000000     0.000000     0.000000
       0.000000     0.000000     0.000000
           0                                                                                                     
           0                                                                                                     
       0.000000     0.000000 1.751270E+12     0.000000     0.000000     0.000000
       0.000000     0.000000     0.000000
           0                                                                                                     
           0                                                                                                     
       0.000000     0.000000 1.751270E+12     0.000000     0.000000     0.000000
       0.000000     0.000000     0.000000
           0                                                                                                     
           0                                                                                                     
       0.000000     0.000000 1.751270E+12     0.000000     0.000000     0.000000
       0.000000     0.000000     0.000000
           0                                                                                                     
           0                                                                                                     
        1680.00      1.00000 9.419520E+19     0.000000     0.000000     0.000000
       0.000000     0.000000     0.000000
           0                                                                                                     
           0                                                                                                     
       0.000000     0.000000 1.751270E+12     0.000000     0.000000     0.000000
       0.000000     0.000000     0.000000
           0                                                                                                     
           0                                                                                                     
       0.000000     0.000000 1.751270E+12     0.000000     0.000000     0.000000
       0.000000     0.000000     0.000000
           0                                                                                                     
           0                                                                                                     
       0.000000     0.000000 1.751270E+12     0.000000     0.000000     0.000000
       0.000000     0.000000     0.000000
           0                                                                                                     
           0                                                                                                     
       0.000000     0.000000 1.751270E+12     0.000000     0.000000     0.000000
       0.000000     0.000000     0.000000
           0                                                                                                     
           0                                                                                                     
       0.000000     0.000000 1.751270E+12     0.000000     0.000000     0.000000
       0.000000     0.000000     0.000000
           0                                                                                                     
           0                                                                                                     
        1696.00      1.00000 9.419520E+19     0.000000     0.000000     0.000000
       0.000000     0.000000     0.000000
           0                                                                                                     
           0                                                                                                     
       0.000000     0.000000 1.751270E+12     0.000000     0.000000     0.000000
       0.000000     0.000000     0.000000
           0                                                                                                     
           0                                                                                                     
       0.000000     0.000000 1.751270E+12     0.000000     0.000000     0.000000
       0.000000     0.000000     0.000000
           0                                                                                                     
           0                                                                                                     
       0.000000     0.000000 1.751270E+12     0.000000     0.000000     0.000000
       0.000000     0.000000     0.000000
           0                                                                                                     
           0                                                                                                     
       0.000000     0.000000 1.751270E+12     0.000000     0.000000     0.000000
       0.000000     0.000000     0.000000
           0                                                                                                     
           0                                                                                                     
       0.000000     0.000000 1.751270E+12     0.000000     0.000000     0.000000
       0.000000     0.000000     0.000000
           0                                                                                                     
           0                                                                                                     
        1730.00      14.0000 1.751270E+12     0.000000     0.300000     0.000000
       0.000000     1.000000     0.000000
           0                                                                                                     
           0                                                                                                     
        1730.00      8.00000 1.751270E+12     5.000000     0.000000     0.000000
       0.000000     0.000000      1.00000
           0                                                                                                     
           0                                                                                                     
       0.000000     0.000000 1.751270E+12     0.000000     0.000000     0.000000
       0.000000     0.000000     0.000000
           0                                                                                                     
           0                                                                                                     
       0.000000     0.000000 1.751270E+12     0.000000     0.000000     0.000000
       0.000000     0.000000     0.000000
           0                                                                                                     
           0                                                                                                     
       0.000000     0.000000 1.751270E+12     0.000000     0.000000     0.000000
       0.000000     0.000000     0.000000
           0                                                                                                     
           0                                                                                                     
       0.000000     0.000000 1.751270E+12     0.000000     0.000000     0.000000
       0.000000     0.000000     0.000000
           0                                                                                                     
           0                                                                                                     
        1750.00      14.0000 1.751270E+12     0.000000     0.300000     0.000000
       0.000000     1.000000     0.000000
           0                                                                                                     
           0                                                                                                     
        1750.00      8.00000 1.751270E+12     0.000000     0.000000     0.000000
       0.000000     0.000000      1.00000
           0                                                                                                     
           0                                                                                                     
       0.000000     0.000000 1.751270E+12     0.000000     0.000000     0.000000
       0.000000     0.000000     0.000000
           0                                                                                                     
           0                                                                                                     
       0.000000     0.000000 1.751270E+12     0.000000     0.000000     0.000000
       0.000000     0.000000     0.000000
           0                                                                                                     
           0                                                                                                     
       0.000000     0.000000 1.751270E+12     0.000000     0.000000     0.000000
       0.000000     0.000000     0.000000
           0                                                                                                     
           0                                                                                                     
       0.000000     0.000000 1.751270E+12     0.000000     0.000000     0.000000
       0.000000     0.000000     0.000000
           0                                                                                                     
           0                                                                                                     
        1780.00      14.0000 1.751270E+12     0.000000     0.300000     0.000000
       0.000000     1.000000     0.000000
           0                                                                                                     
           0                                                                                                     
       0.000000     0.000000 1.751270E+12     0.000000     0.000000     0.000000
       0.000000     0.000000     0.000000
           0                                                                                                     
           0                                                                                                     
       0.000000     0.000000 1.751270E+12     0.000000     0.000000     0.000000
       0.000000     0.000000     0.000000
           0                                                                                                     
           0                                                                                                     
       0.000000     0.000000 1.751270E+12     0.000000     0.000000     0.000000
       0.000000     0.000000     0.000000
           0                                                                                                     
           0                                                                                                     
       0.000000     0.000000 1.751270E+12     0.000000     0.000000     0.000000
       0.000000     0.000000     0.000000
           0                                                                                                     
           0                                                                                                     
       0.000000     0.000000 1.751270E+12     0.000000     0.000000     0.000000
       0.000000     0.000000     0.000000
           0                                                                                                     
           0                                                                                                     
        1820.00      14.0000 1.751270E+12     0.000000     0.300000     0.000000
       0.000000     1.000000     0.000000
           0                                                                                                     
           0                                                                                                     
        1820.00      8.00000 1.751270E+12     0.000000     0.000000     0.000000
       0.000000     0.000000      1.00000
           0                                                                                                     
           0                                                                                                     
       0.000000     0.000000 1.751270E+12     0.000000     0.000000     0.000000
       0.000000     0.000000     0.000000
           0                                                                                                     
           0                                                                                                     
       0.000000     0.000000 1.751270E+12     0.000000     0.000000     0.000000
       0.000000     0.000000     0.000000
           0                                                                                                     
           0                                                                                                     
       0.000000     0.000000 1.751270E+12     0.000000     0.000000     0.000000
       0.000000     0.000000     0.000000
           0                                                                                                     
           0                                                                                                     
       0.000000     0.000000 1.751270E+12     0.000000     0.000000     0.000000
       0.000000     0.000000     0.000000
           0                                                                                                     
           0                                                                                                     
        1859.00      1.00000 9.419520E+19     0.000000     0.000000     0.000000
       0.000000     0.000000     0.000000
           0                                                                                                     
           0                                                                                                     
       0.000000     0.000000 1.751270E+12     0.000000     0.000000     0.000000
       0.000000     0.000000     0.000000
           0                                                                                                     
           0                                                                                                     
       0.000000     0.000000 1.751270E+12     0.000000     0.000000     0.000000
       0.000000     0.000000     0.000000
           0                                                                                                     
           0                                                                                                     
       0.000000     0.000000 1.751270E+12     0.000000     0.000000     0.000000
       0.000000     0.000000     0.000000
           0                                                                                                     
           0                                                                                                     
       0.000000     0.000000 1.751270E+12     0.000000     0.000000     0.000000
       0.000000     0.000000     0.000000
           0                                                                                                     
           0                                                                                                     
       0.000000     0.000000 1.751270E+12     0.000000     0.000000     0.000000
       0.000000     0.000000     0.000000
           0                                                                                                     
           0                                                                                                     
        1860.00      1.00000 9.419520E+19     0.000000     0.000000     0.000000
       0.000000     0.000000     0.000000
           0                                                                                                     
           0                                                                                                     
       0.000000     0.000000 1.751270E+12     0.000000     0.000000     0.000000
       0.000000     0.000000     0.000000
           0                                                                                                     
           0                                                                                                     
       0.000000     0.000000 1.751270E+12     0.000000     0.000000     0.000000
       0.000000     0.000000     0.000000
           0                                                                                                     
           0                                                                                                     
       0.000000     0.000000 1.751270E+12     0.000000     0.000000     0.000000
       0.000000     0.000000     0.000000
           0                                                                                                     
           0                                                                                                     
       0.000000     0.000000 1.751270E+12     0.000000     0.000000     0.000000
       0.000000     0.000000     0.000000
           0                                                                                                     
           0                                                                                                     
       0.000000     0.000000 1.751270E+12     0.000000     0.000000     0.000000
       0.000000     0.000000     0.000000
           0                                                                                                     
           0                                                                                                     
        1880.00      14.0000 1.751270E+12     0.000000     0.300000     0.000000
       0.000000     1.000000     0.000000
           0                                                                                                     
           0                                                                                                     
       0.000000     0.000000 1.751270E+12     0.000000     0.000000     0.000000
       0.000000     0.000000     0.000000
           0                                                                                                     
           0                                                                                                     
       0.000000     0.000000 1.751270E+12     0.000000     0.000000     0.000000
       0.000000     0.000000     0.000000
           0                                                                                                     
           0                                                                                                     
       0.000000     0.000000 1.751270E+12     0.000000     0.000000     0.000000
       0.000000     0.000000     0.000000
           0                                                                                                     
           0                                                                                                     
       0.000000     0.000000 1.751270E+12     0.000000     0.000000     0.000000
       0.000000     0.000000     0.000000
           0                                                                                                     
           0                                                                                                     
       0.000000     0.000000 1.751270E+12     0.000000     0.000000     0.000000
       0.000000     0.000000     0.000000
           0                                                                                                     
           0                                                                                                     
        1900.00      14.0000 1.751270E+12     0.000000     0.300000     0.000000
       0.000000     1.000000     0.000000
           0                                                                                                     
           0                                                                                                     
       0.000000     0.000000 1.751270E+12     0.000000     0.000000     0.000000
       0.000000     0.000000     0.000000
           0                                                                                                     
           0                                                                                                     
       0.000000     0.000000 1.751270E+12     0.000000     0.000000     0.000000
       0.000000     0.000000     0.000000
           0                                                                                                     
           0                                                                                                     
       0.000000     0.000000 1.751270E+12     0.000000     0.000000     0.000000
       0.000000     0.000000     0.000000
           0                                                                                                     
           0                                                                                                     
       0.000000     0.000000 1.751270E+12     0.000000     0.000000     0.000000
       0.000000     0.000000     0.000000
           0                                                                                                     
           0                                                                                                     
       0.000000     0.000000 1.751270E+12     0.000000     0.000000     0.000000
       0.000000     0.000000     0.000000
           0                                                                                                     
           0                                                                                                     
        1930.00      14.0000 1.751270E+12     0.000000     0.300000     0.000000
       0.000000     1.000000     0.000000
           0                                                                                                     
           0                                                                                                     
        1930.00      9.00000 1.751270E+12     0.000000     0.000000     0.000000
       0.000000     0.000000      1.00000
           0                                                                                                     
           0                                                                                                     
        1930.00      8.00000 1.751270E+12     0.000000     0.000000     0.000000
       0.000000     0.000000      1.00000
           0                                                                                                     
           0                                                                                                     
       0.000000     0.000000 1.751270E+12     0.000000     0.000000     0.000000
       0.000000     0.000000     0.000000
           0                                                                                                     
           0                                                                                                     
       0.000000     0.000000 1.751270E+12     0.000000     0.000000     0.000000
       0.000000     0.000000     0.000000
           0                                                                                                     
           0                                                                                                     
       0.000000     0.000000 1.751270E+12     0.000000     0.000000     0.000000
       0.000000     0.000000     0.000000
           0                                                                                                     
           0                                                                                                     
        1960.00      14.0000 1.751270E+12     0.000000     0.300000     0.000000
       0.000000     1.000000     0.000000
           0                                                                                                     
           0                                                                                                     
        1960.00      8.00000 1.751270E+12     0.000000     0.000000     0.000000
       0.000000     0.000000      1.00000
           0                                                                                                     
           0                                                                                                     
       0.000000     0.000000 1.751270E+12     0.000000     0.000000     0.000000
       0.000000     0.000000     0.000000
           0                                                                                                     
           0                                                                                                     
       0.000000     0.000000 1.751270E+12     0.000000     0.000000     0.000000
       0.000000     0.000000     0.000000
           0                                                                                                     
           0                                                                                                     
       0.000000     0.000000 1.751270E+12     0.000000     0.000000     0.000000
       0.000000     0.000000     0.000000
           0                                                                                                     
           0                                                                                                     
       0.000000     0.000000 1.751270E+12     0.000000     0.000000     0.000000
       0.000000     0.000000     0.000000
           0                                                                                                     
           0                                                                                                     
        1980.00      14.0000 1.751270E+12     0.000000     0.300000     0.000000
       0.000000     1.000000     0.000000
           0                                                                                                     
           0                                                                                                     
       0.000000     0.000000 1.751270E+12     0.000000     0.000000     0.000000
       0.000000     0.000000     0.000000
           0                                                                                                     
           0                                                                                                     
       0.000000     0.000000 1.751270E+12     0.000000     0.000000     0.000000
       0.000000     0.000000     0.000000
           0                                                                                                     
           0                                                                                                     
       0.000000     0.000000 1.751270E+12     0.000000     0.000000     0.000000
       0.000000     0.000000     0.000000
           0                                                                                                     
           0                                                                                                     
       0.000000     0.000000 1.751270E+12     0.000000     0.000000     0.000000
       0.000000     0.000000     0.000000
           0                                                                                                     
           0                                                                                                     
       0.000000     0.000000 1.751270E+12     0.000000     0.000000     0.000000
       0.000000     0.000000     0.000000
           0                                                                                                     
           0                                                                                                     
        2010.00      14.0000 1.751270E+12     0.000000     0.300000     0.000000
       0.000000     1.000000     0.000000
           0                                                                                                     
           0                                                                                                     
        2010.00      9.00000 1.751270E+12     0.000000     0.000000     0.000000
       0.000000     0.000000      1.00000
           0                                                                                                     
           0                                                                                                     
        2010.00      8.00000 1.751270E+12     0.000000     0.000000     0.000000
       0.000000     0.000000      1.00000
           0                                                                                                     
           0                                                                                                     
       0.000000     0.000000 1.751270E+12     0.000000     0.000000     0.000000
       0.000000     0.000000     0.000000
           0                                                                                                     
           0                                                                                                     
       0.000000     0.000000 1.751270E+12     0.000000     0.000000     0.000000
       0.000000     0.000000     0.000000
           0                                                                                                     
           0                                                                                                     
       0.000000     0.000000 1.751270E+12     0.000000     0.000000     0.000000
       0.000000     0.000000     0.000000
           0                                                                                                     
           0                                                                                                     
        2080.00      1.00000 9.419520E+19     0.000000     0.000000     0.000000
       0.000000     0.000000     0.000000
           0                                                                                                     
           0                                                                                                     
       0.000000     0.000000 1.751270E+12     0.000000     0.000000     0.000000
       0.000000     0.000000     0.000000
           0                                                                                                     
           0                                                                                                     
       0.000000     0.000000 1.751270E+12     0.000000     0.000000     0.000000
       0.000000     0.000000     0.000000
           0                                                                                                     
           0                                                                                                     
       0.000000     0.000000 1.751270E+12     0.000000     0.000000     0.000000
       0.000000     0.000000     0.000000
           0                                                                                                     
           0                                                                                                     
       0.000000     0.000000 1.751270E+12     0.000000     0.000000     0.000000
       0.000000     0.000000     0.000000
           0                                                                                                     
           0                                                                                                     
       0.000000     0.000000 1.751270E+12     0.000000     0.000000     0.000000
       0.000000     0.000000     0.000000
           0                                                                                                     
           0                                                                                                     
#$ DISPLMNT
#$ FORCMNT
#$ UNIFORM
#$ WIND
#$ OFFSETS
#$ ALLOWBLS
#$ SIF&TEES
        70.0000      3.00000     0.000000     0.000000     0.000000     0.000000
       0.000000     0.000000     0.000000     0.000000     0.000000     0.000000
       0.000000     0.000000     0.000000     0.000000     0.000000     0.000000
       0.000000     0.000000     0.000000     0.000000     0.000000     0.000000
       0.000000     0.000000     0.000000     0.000000     0.000000     0.000000
       0.000000     0.000000     0.000000     0.000000     0.000000     0.000000
       0.000000     0.000000     0.000000     0.000000     0.000000     0.000000
       0.000000     0.000000     0.000000     0.000000     0.000000     0.000000
       0.000000     0.000000     0.000000     0.000000     0.000000     0.000000
       0.000000     0.000000     0.000000     0.000000     0.000000     0.000000
        130.000      5.00000     0.000000     0.000000     0.000000     0.000000
       0.000000     0.000000     0.000000     0.000000     0.000000     0.000000
       0.000000     0.000000     0.000000     0.000000     0.000000     0.000000
       0.000000     0.000000     0.000000     0.000000     0.000000     0.000000
       0.000000     0.000000     0.000000     0.000000     0.000000     0.000000
       0.000000     0.000000     0.000000     0.000000     0.000000     0.000000
       0.000000     0.000000     0.000000     0.000000     0.000000     0.000000
       0.000000     0.000000     0.000000     0.000000     0.000000     0.000000
       0.000000     0.000000     0.000000     0.000000     0.000000     0.000000
       0.000000     0.000000     0.000000     0.000000     0.000000     0.000000
        150.000      5.00000     0.000000     0.000000     0.000000     0.000000
       0.000000     0.000000     0.000000     0.000000     0.000000     0.000000
       0.000000     0.000000     0.000000     0.000000     0.000000     0.000000
       0.000000     0.000000     0.000000     0.000000     0.000000     0.000000
       0.000000     0.000000     0.000000     0.000000     0.000000     0.000000
       0.000000     0.000000     0.000000     0.000000     0.000000     0.000000
       0.000000     0.000000     0.000000     0.000000     0.000000     0.000000
       0.000000     0.000000     0.000000     0.000000     0.000000     0.000000
       0.000000     0.000000     0.000000     0.000000     0.000000     0.000000
       0.000000     0.000000     0.000000     0.000000     0.000000     0.000000
        160.000      5.00000     0.000000     0.000000     0.000000     0.000000
       0.000000     0.000000     0.000000     0.000000     0.000000     0.000000
       0.000000     0.000000     0.000000     0.000000     0.000000     0.000000
       0.000000     0.000000     0.000000     0.000000     0.000000     0.000000
       0.000000     0.000000     0.000000     0.000000     0.000000     0.000000
       0.000000     0.000000     0.000000     0.000000     0.000000     0.000000
       0.000000     0.000000     0.000000     0.000000     0.000000     0.000000
       0.000000     0.000000     0.000000     0.000000     0.000000     0.000000
       0.000000     0.000000     0.000000     0.000000     0.000000     0.000000
       0.000000     0.000000     0.000000     0.000000     0.000000     0.000000
        170.000      5.00000     0.000000     0.000000     0.000000     0.000000
       0.000000     0.000000     0.000000     0.000000     0.000000     0.000000
       0.000000     0.000000     0.000000     0.000000     0.000000     0.000000
       0.000000     0.000000     0.000000     0.000000     0.000000     0.000000
       0.000000     0.000000     0.000000     0.000000     0.000000     0.000000
       0.000000     0.000000     0.000000     0.000000     0.000000     0.000000
       0.000000     0.000000     0.000000     0.000000     0.000000     0.000000
       0.000000     0.000000     0.000000     0.000000     0.000000     0.000000
       0.000000     0.000000     0.000000     0.000000     0.000000     0.000000
       0.000000     0.000000     0.000000     0.000000     0.000000     0.000000
        200.000      5.00000     0.000000     0.000000     0.000000     0.000000
       0.000000     0.000000     0.000000     0.000000     0.000000     0.000000
       0.000000     0.000000     0.000000     0.000000     0.000000     0.000000
       0.000000     0.000000     0.000000     0.000000     0.000000     0.000000
       0.000000     0.000000     0.000000     0.000000     0.000000     0.000000
       0.000000     0.000000     0.000000     0.000000     0.000000     0.000000
       0.000000     0.000000     0.000000     0.000000     0.000000     0.000000
       0.000000     0.000000     0.000000     0.000000     0.000000     0.000000
       0.000000     0.000000     0.000000     0.000000     0.000000     0.000000
       0.000000     0.000000     0.000000     0.000000     0.000000     0.000000
        210.000      5.00000     0.000000     0.000000     0.000000     0.000000
       0.000000     0.000000     0.000000     0.000000     0.000000     0.000000
       0.000000     0.000000     0.000000     0.000000     0.000000     0.000000
       0.000000     0.000000     0.000000     0.000000     0.000000     0.000000
       0.000000     0.000000     0.000000     0.000000     0.000000     0.000000
       0.000000     0.000000     0.000000     0.000000     0.000000     0.000000
       0.000000     0.000000     0.000000     0.000000     0.000000     0.000000
       0.000000     0.000000     0.000000     0.000000     0.000000     0.000000
       0.000000     0.000000     0.000000     0.000000     0.000000     0.000000
       0.000000     0.000000     0.000000     0.000000     0.000000     0.000000
        220.000      5.00000     0.000000     0.000000     0.000000     0.000000
       0.000000     0.000000     0.000000     0.000000     0.000000     0.000000
       0.000000     0.000000     0.000000     0.000000     0.000000     0.000000
       0.000000     0.000000     0.000000     0.000000     0.000000     0.000000
       0.000000     0.000000     0.000000     0.000000     0.000000     0.000000
       0.000000     0.000000     0.000000     0.000000     0.000000     0.000000
       0.000000     0.000000     0.000000     0.000000     0.000000     0.000000
       0.000000     0.000000     0.000000     0.000000     0.000000     0.000000
       0.000000     0.000000     0.000000     0.000000     0.000000     0.000000
       0.000000     0.000000     0.000000     0.000000     0.000000     0.000000
        230.000      5.00000     0.000000     0.000000     0.000000     0.000000
       0.000000     0.000000     0.000000     0.000000     0.000000     0.000000
       0.000000     0.000000     0.000000     0.000000     0.000000     0.000000
       0.000000     0.000000     0.000000     0.000000     0.000000     0.000000
       0.000000     0.000000     0.000000     0.000000     0.000000     0.000000
       0.000000     0.000000     0.000000     0.000000     0.000000     0.000000
       0.000000     0.000000     0.000000     0.000000     0.000000     0.000000
       0.000000     0.000000     0.000000     0.000000     0.000000     0.000000
       0.000000     0.000000     0.000000     0.000000     0.000000     0.000000
       0.000000     0.000000     0.000000     0.000000     0.000000     0.000000
        270.000      5.00000     0.000000     0.000000     0.000000     0.000000
       0.000000     0.000000     0.000000     0.000000     0.000000     0.000000
       0.000000     0.000000     0.000000     0.000000     0.000000     0.000000
       0.000000     0.000000     0.000000     0.000000     0.000000     0.000000
       0.000000     0.000000     0.000000     0.000000     0.000000     0.000000
       0.000000     0.000000     0.000000     0.000000     0.000000     0.000000
       0.000000     0.000000     0.000000     0.000000     0.000000     0.000000
       0.000000     0.000000     0.000000     0.000000     0.000000     0.000000
       0.000000     0.000000     0.000000     0.000000     0.000000     0.000000
       0.000000     0.000000     0.000000     0.000000     0.000000     0.000000
        320.000      5.00000     0.000000     0.000000     0.000000     0.000000
       0.000000     0.000000     0.000000     0.000000     0.000000     0.000000
       0.000000     0.000000     0.000000     0.000000     0.000000     0.000000
       0.000000     0.000000     0.000000     0.000000     0.000000     0.000000
       0.000000     0.000000     0.000000     0.000000     0.000000     0.000000
       0.000000     0.000000     0.000000     0.000000     0.000000     0.000000
       0.000000     0.000000     0.000000     0.000000     0.000000     0.000000
       0.000000     0.000000     0.000000     0.000000     0.000000     0.000000
       0.000000     0.000000     0.000000     0.000000     0.000000     0.000000
       0.000000     0.000000     0.000000     0.000000     0.000000     0.000000
        500.000      5.00000     0.000000     0.000000     0.000000     0.000000
       0.000000     0.000000     0.000000     0.000000     0.000000     0.000000
       0.000000     0.000000     0.000000     0.000000     0.000000     0.000000
       0.000000     0.000000     0.000000     0.000000     0.000000     0.000000
       0.000000     0.000000     0.000000     0.000000     0.000000     0.000000
       0.000000     0.000000     0.000000     0.000000     0.000000     0.000000
       0.000000     0.000000     0.000000     0.000000     0.000000     0.000000
       0.000000     0.000000     0.000000     0.000000     0.000000     0.000000
       0.000000     0.000000     0.000000     0.000000     0.000000     0.000000
       0.000000     0.000000     0.000000     0.000000     0.000000     0.000000
        580.000      5.00000     0.000000     0.000000     0.000000     0.000000
       0.000000     0.000000     0.000000     0.000000     0.000000     0.000000
       0.000000     0.000000     0.000000     0.000000     0.000000     0.000000
       0.000000     0.000000     0.000000     0.000000     0.000000     0.000000
       0.000000     0.000000     0.000000     0.000000     0.000000     0.000000
       0.000000     0.000000     0.000000     0.000000     0.000000     0.000000
       0.000000     0.000000     0.000000     0.000000     0.000000     0.000000
       0.000000     0.000000     0.000000     0.000000     0.000000     0.000000
       0.000000     0.000000     0.000000     0.000000     0.000000     0.000000
       0.000000     0.000000     0.000000     0.000000     0.000000     0.000000
        680.000      3.00000     0.000000     0.000000     0.000000     0.000000
       0.000000     0.000000     0.000000     0.000000     0.000000     0.000000
       0.000000     0.000000     0.000000     0.000000     0.000000     0.000000
       0.000000     0.000000     0.000000     0.000000     0.000000     0.000000
       0.000000     0.000000     0.000000     0.000000     0.000000     0.000000
       0.000000     0.000000     0.000000     0.000000     0.000000     0.000000
       0.000000     0.000000     0.000000     0.000000     0.000000     0.000000
       0.000000     0.000000     0.000000     0.000000     0.000000     0.000000
       0.000000     0.000000     0.000000     0.000000     0.000000     0.000000
       0.000000     0.000000     0.000000     0.000000     0.000000     0.000000
        710.000      0.00000     0.000000     0.000000     0.000000     0.000000
       0.000000     0.000000     0.000000     0.000000     0.000000     0.000000
       0.000000     0.000000     0.000000     0.000000     0.000000     0.000000
       0.000000     0.000000     0.000000     0.000000     0.000000     0.000000
       0.000000     0.000000     0.000000     0.000000     0.000000     0.000000
       0.000000     0.000000     0.000000     0.000000     0.000000     0.000000
       0.000000     0.000000     0.000000     0.000000     0.000000     0.000000
       0.000000     0.000000     0.000000     0.000000     0.000000     0.000000
       0.000000     0.000000     0.000000     0.000000     0.000000     0.000000
       0.000000     0.000000     0.000000     0.000000     0.000000     0.000000
        730.000      3.00000     0.000000     0.000000     0.000000     0.000000
       0.000000     0.000000     0.000000     0.000000     0.000000     0.000000
       0.000000     0.000000     0.000000     0.000000     0.000000     0.000000
       0.000000     0.000000     0.000000     0.000000     0.000000     0.000000
       0.000000     0.000000     0.000000     0.000000     0.000000     0.000000
       0.000000     0.000000     0.000000     0.000000     0.000000     0.000000
       0.000000     0.000000     0.000000     0.000000     0.000000     0.000000
       0.000000     0.000000     0.000000     0.000000     0.000000     0.000000
       0.000000     0.000000     0.000000     0.000000     0.000000     0.000000
       0.000000     0.000000     0.000000     0.000000     0.000000     0.000000
        1220.00      3.00000     0.000000     0.000000     0.000000     0.000000
       0.000000     0.000000     0.000000     0.000000     0.000000     0.000000
       0.000000     0.000000     0.000000     0.000000     0.000000     0.000000
       0.000000     0.000000     0.000000     0.000000     0.000000     0.000000
       0.000000     0.000000     0.000000     0.000000     0.000000     0.000000
       0.000000     0.000000     0.000000     0.000000     0.000000     0.000000
       0.000000     0.000000     0.000000     0.000000     0.000000     0.000000
       0.000000     0.000000     0.000000     0.000000     0.000000     0.000000
       0.000000     0.000000     0.000000     0.000000     0.000000     0.000000
       0.000000     0.000000     0.000000     0.000000     0.000000     0.000000
        1250.00      3.00000     0.000000     0.000000     0.000000     0.000000
       0.000000     0.000000     0.000000     0.000000     0.000000     0.000000
       0.000000     0.000000     0.000000     0.000000     0.000000     0.000000
       0.000000     0.000000     0.000000     0.000000     0.000000     0.000000
       0.000000     0.000000     0.000000     0.000000     0.000000     0.000000
       0.000000     0.000000     0.000000     0.000000     0.000000     0.000000
       0.000000     0.000000     0.000000     0.000000     0.000000     0.000000
       0.000000     0.000000     0.000000     0.000000     0.000000     0.000000
       0.000000     0.000000     0.000000     0.000000     0.000000     0.000000
       0.000000     0.000000     0.000000     0.000000     0.000000     0.000000
        1090.00      3.00000     0.000000     0.000000     0.000000     0.000000
       0.000000     0.000000     0.000000     0.000000     0.000000     0.000000
       0.000000     0.000000     0.000000     0.000000     0.000000     0.000000
       0.000000     0.000000     0.000000     0.000000     0.000000     0.000000
       0.000000     0.000000     0.000000     0.000000     0.000000     0.000000
       0.000000     0.000000     0.000000     0.000000     0.000000     0.000000
       0.000000     0.000000     0.000000     0.000000     0.000000     0.000000
       0.000000     0.000000     0.000000     0.000000     0.000000     0.000000
       0.000000     0.000000     0.000000     0.000000     0.000000     0.000000
       0.000000     0.000000     0.000000     0.000000     0.000000     0.000000
        1660.00      3.00000     0.000000     0.000000     0.000000     0.000000
       0.000000     0.000000     0.000000     0.000000     0.000000     0.000000
       0.000000     0.000000     0.000000     0.000000     0.000000     0.000000
       0.000000     0.000000     0.000000     0.000000     0.000000     0.000000
       0.000000     0.000000     0.000000     0.000000     0.000000     0.000000
       0.000000     0.000000     0.000000     0.000000     0.000000     0.000000
       0.000000     0.000000     0.000000     0.000000     0.000000     0.000000
       0.000000     0.000000     0.000000     0.000000     0.000000     0.000000
       0.000000     0.000000     0.000000     0.000000     0.000000     0.000000
       0.000000     0.000000     0.000000     0.000000     0.000000     0.000000
#$ REDUCERS
        273.000      6.30000      25.1900     0.000000     0.000000
        33.4000      5.54000      16.4300     0.000000     0.000000
        60.3000      4.55000      16.2000     0.000000     0.000000
        114.300      5.54000      23.8100     0.000000     0.000000
        114.300      5.54000      23.1000     0.000000     0.000000
#$ FLANGES
#$ EQUIPMNT
#$ MISCEL_1
      106.00000    106.00000    106.00000    106.00000    106.00000    106.00000
      106.00000    106.00000    106.00000    106.00000    106.00000    106.00000
      106.00000    106.00000    106.00000    106.00000    106.00000    106.00000
      106.00000    106.00000    106.00000    106.00000    106.00000    106.00000
      106.00000    106.00000    106.00000    106.00000    106.00000    106.00000
      106.00000    106.00000    106.00000    106.00000    106.00000    106.00000
      106.00000    106.00000    106.00000    106.00000    106.00000    106.00000
      106.00000    106.00000    106.00000    106.00000    106.00000    106.00000
      106.00000    106.00000    106.00000    106.00000    106.00000    106.00000
      106.00000    106.00000    106.00000    106.00000    106.00000    106.00000
      106.00000    106.00000    106.00000    106.00000    106.00000    106.00000
      106.00000    106.00000    106.00000    106.00000    106.00000    106.00000
      106.00000    106.00000    106.00000    106.00000    106.00000    106.00000
      106.00000    106.00000    106.00000    106.00000    106.00000    106.00000
      106.00000    106.00000    106.00000    106.00000    106.00000    106.00000
      106.00000    106.00000    106.00000    106.00000    106.00000    106.00000
      106.00000    106.00000    106.00000    106.00000    106.00000    106.00000
      106.00000    106.00000    106.00000    106.00000    106.00000    106.00000
      106.00000    106.00000    106.00000    106.00000    106.00000    106.00000
      106.00000    106.00000    106.00000    106.00000    106.00000    106.00000
      106.00000    106.00000    106.00000    106.00000    106.00000    106.00000
      106.00000    106.00000    106.00000    106.00000    106.00000    106.00000
      106.00000    106.00000    106.00000    106.00000    106.00000    106.00000
      106.00000    106.00000    106.00000    106.00000    106.00000    106.00000
      106.00000    106.00000    106.00000    106.00000    106.00000    106.00000
      106.00000    106.00000    106.00000    106.00000    106.00000    106.00000
      106.00000    106.00000    106.00000    106.00000    106.00000    106.00000
      106.00000    106.00000    106.00000    106.00000    106.00000    106.00000
      106.00000    106.00000    106.00000    106.00000    106.00000    106.00000
      106.00000    106.00000    106.00000    106.00000    106.00000    106.00000
      106.00000    106.00000    106.00000    106.00000    106.00000    106.00000
      106.00000    106.00000    106.00000    106.00000    106.00000    106.00000
      106.00000    106.00000
              0            0            0            0     0.000000            0
              0            0      21.0000     0.000000            0            0
              0            0            0            0            0            0
              3
#$ UNITS
        25.4000      4.44822     0.453592     0.112985     0.112985      6.89476
       0.555556     -17.7778      6.89476      6.89476 2.768000E-02 2.768000E-02
   2.768000E-02      1.75127     0.112985      1.75127      1.00000      6.89476
   2.540000E-02      25.4000      25.4000      25.4000
  SI (mm)        
  on 
  mm.
  N. 
  Kg.
  N.m.  
  N.m.. 
  KPa       
  C
  C
  KPa       
  KPa       
  kg.cu.cm. 
  kg.cu.cm. 
  kg.cu.cm. 
  N./cm. 
  N.m./deg  
  N./cm. 
  g's
  Kpa       
  m. 
  mm.
  mm.
  mm.
#$ COORDS
              1
             10  174974.7200   98201.2800 -115000.0000
